date_reg,type,maker,model,colour,fuel,state
2026-01-01,jip,Chery,iCaur V23,orange,electric,Rakan Niaga
2026-01-01,motokar,Proton,e.MAS 5,silver,electric,Rakan Niaga
2026-01-01,motokar,Proton,e.MAS 5,pink,electric,Rakan Niaga
2026-01-01,motokar,Proton,e.MAS 5,silver,electric,Johor
2026-01-01,motokar,Proton,e.MAS 5,white,electric,Rakan Niaga
2026-01-01,motokar,Proton,e.MAS 5,yellow,electric,Rakan Niaga
2026-01-01,motokar,Proton,e.MAS 5,grey,electric,Rakan Niaga
2026-01-01,motokar,Proton,e.MAS 5,grey,electric,Kedah
2026-01-01,motokar,Proton,e.MAS 5,grey,electric,Johor
2026-01-01,motokar,Proton,e.MAS 5,white,electric,Johor
2026-01-01,jip,Proton,e.MAS 7,green,electric,Rakan Niaga
2026-01-02,jip,BYD,Atto 2,white,electric,Rakan Niaga
2026-01-02,jip,BYD,Atto 2,grey,electric,Rakan Niaga
2026-01-02,jip,BYD,Atto 2,green,electric,Rakan Niaga
2026-01-02,jip,BYD,Atto 3,grey,electric,Rakan Niaga
2026-01-02,jip,BYD,Atto 3,white,electric,Rakan Niaga
2026-01-02,jip,BYD,Atto 3,black,electric,Rakan Niaga
2026-01-02,jip,BYD,Atto 3,black,electric,W.P. Kuala Lumpur
2026-01-02,jip,BYD,Atto 3,white,electric,Pahang
2026-01-02,motokar,BYD,Seal 6,grey,electric,W.P. Kuala Lumpur
2026-01-02,motokar,BYD,Seal 6,blue,electric,W.P. Kuala Lumpur
2026-01-02,motokar,BYD,Seal 6,grey,electric,Rakan Niaga
2026-01-02,motokar,BYD,Seal 6,blue,electric,Rakan Niaga
2026-01-02,motokar,BYD,Seal,grey,electric,Rakan Niaga
2026-01-02,jip,BYD,Sealion,white,electric,W.P. Kuala Lumpur
2026-01-02,jip,Chery,iCaur 03,white,electric,Rakan Niaga
2026-01-02,jip,Chery,iCaur 03,black,electric,Rakan Niaga
2026-01-02,jip,Chery,iCaur V23,black,electric,Rakan Niaga
2026-01-02,jip,Chery,iCaur V23,orange,electric,Rakan Niaga
2026-01-02,motokar,Dong Feng,007,gold,electric,Rakan Niaga
2026-01-02,motokar,Dong Feng,Box E3,white,electric,Rakan Niaga
2026-01-02,jip,Dong Feng,Vigo,yellow,electric,Rakan Niaga
2026-01-02,jip,Leapmotor,C10,white,electric,Rakan Niaga
2026-01-02,jip,Leapmotor,C10,grey,electric,W.P. Kuala Lumpur
2026-01-02,motokar,Neta,V,green,electric,Sabah
2026-01-02,motokar,Neta,V,white,electric,Rakan Niaga
2026-01-02,motokar,Porsche,Taycan,white,electric,W.P. Kuala Lumpur
2026-01-02,motokar,Proton,e.MAS 5,pink,electric,Rakan Niaga
2026-01-02,motokar,Proton,e.MAS 5,silver,electric,Rakan Niaga
2026-01-02,motokar,Proton,e.MAS 5,white,electric,Johor
2026-01-02,motokar,Proton,e.MAS 5,white,electric,Rakan Niaga
2026-01-02,motokar,Proton,e.MAS 5,grey,electric,Rakan Niaga
2026-01-02,motokar,Proton,e.MAS 5,yellow,electric,W.P. Kuala Lumpur
2026-01-02,motokar,Proton,e.MAS 5,yellow,electric,Rakan Niaga
2026-01-02,motokar,Proton,e.MAS 5,grey,electric,W.P. Kuala Lumpur
2026-01-02,motokar,Proton,e.MAS 5,silver,electric,Selangor
2026-01-02,motokar,Proton,e.MAS 5,pink,electric,Selangor
2026-01-02,motokar,Proton,e.MAS 5,pink,electric,W.P. Kuala Lumpur
2026-01-02,motokar,Proton,e.MAS 5,white,electric,Pahang
2026-01-02,motokar,Proton,e.MAS 5,yellow,electric,Selangor
2026-01-02,motokar,Proton,e.MAS 5,pink,electric,Perak
2026-01-02,motokar,Proton,e.MAS 5,white,electric,W.P. Kuala Lumpur
2026-01-02,jip,Proton,e.MAS 7,silver,electric,Rakan Niaga
2026-01-02,jip,Proton,e.MAS 7,green,electric,Rakan Niaga
2026-01-02,motokar,Renault,Twizy,black,electric,W.P. Kuala Lumpur
2026-01-02,jip,Smart,Brabus,grey,electric,Rakan Niaga
2026-01-02,jip,Smart,Brabus,red,electric,W.P. Kuala Lumpur
2026-01-02,motokar,Tesla,Model 3,grey,electric,W.P. Kuala Lumpur
2026-01-02,motokar,Tesla,Model Y,grey,electric,W.P. Kuala Lumpur
2026-01-02,jip,Xpeng,G6,grey,electric,Selangor
2026-01-02,jip,Xpeng,G6,purple,electric,Rakan Niaga
2026-01-02,jip,Xpeng,G6,silver,electric,Rakan Niaga
2026-01-02,window_van,Xpeng,X9,white,electric,Selangor
2026-01-02,window_van,Zeekr,009,white,electric,Pulau Pinang
2026-01-02,window_van,Zeekr,009,black,electric,W.P. Kuala Lumpur
2026-01-02,window_van,Zeekr,009,black,electric,Rakan Niaga
2026-01-02,jip,Zeekr,7X,white,electric,W.P. Kuala Lumpur
2026-01-02,jip,Zeekr,7X,grey,electric,W.P. Kuala Lumpur
2026-01-02,jip,Zeekr,7X,grey,electric,Rakan Niaga
2026-01-02,jip,Zeekr,7X,black,electric,Rakan Niaga
2026-01-02,jip,Zeekr,7X,white,electric,Rakan Niaga
2026-01-02,jip,Zeekr,7X,black,electric,Johor
2026-01-02,jip,Zeekr,7X,blue,electric,Rakan Niaga
2026-01-02,jip,Zeekr,7X,green,electric,Rakan Niaga
2026-01-03,jip,Chery,iCaur V23,green,electric,Rakan Niaga
2026-01-03,jip,Chery,Omoda 5,black,electric,Rakan Niaga
2026-01-03,motokar,MG,MG4,black,electric,Rakan Niaga
2026-01-03,motokar,Proton,e.MAS 5,silver,electric,Rakan Niaga
2026-01-03,motokar,Proton,e.MAS 5,white,electric,Rakan Niaga
2026-01-03,motokar,Proton,e.MAS 5,grey,electric,Rakan Niaga
2026-01-03,motokar,Proton,e.MAS 5,pink,electric,Rakan Niaga
2026-01-03,jip,Proton,e.MAS 7,silver,electric,Rakan Niaga
2026-01-03,jip,Xpeng,G6,grey,electric,Rakan Niaga
2026-01-04,jip,BYD,Atto 2,white,electric,Rakan Niaga
2026-01-05,jip,BYD,Atto 2,green,electric,Rakan Niaga
2026-01-05,jip,BYD,Atto 3,grey,electric,Rakan Niaga
2026-01-05,jip,BYD,Atto 3,black,electric,Rakan Niaga
2026-01-05,jip,BYD,Atto 3,white,electric,Rakan Niaga
2026-01-05,motokar_pelbagai_utiliti,BYD,M6,blue,electric,Rakan Niaga
2026-01-05,motokar,BYD,Seal 6,white,electric,Rakan Niaga
2026-01-05,jip,BYD,Sealion,grey,electric,Selangor
2026-01-05,jip,BYD,Sealion,grey,electric,Rakan Niaga
2026-01-05,jip,BYD,Sealion,white,electric,Rakan Niaga
2026-01-05,jip,BYD,Sealion,white,electric,W.P. Kuala Lumpur
2026-01-05,jip,Chery,iCaur 03,silver,electric,Selangor
2026-01-05,jip,Chery,iCaur V23,orange,electric,Perak
2026-01-05,jip,Chery,iCaur V23,grey,electric,Rakan Niaga
2026-01-05,jip,Chery,iCaur V23,black,electric,Rakan Niaga
2026-01-05,window_van,Denza,D9,blue,electric,Johor
2026-01-05,window_van,Denza,D9,white,electric,Rakan Niaga
2026-01-05,motokar,Dong Feng,Box E3,purple,electric,Pulau Pinang
2026-01-05,motokar,Dong Feng,Box E3,purple,electric,Pahang
2026-01-05,jip,Leapmotor,C10,white,electric,W.P. Kuala Lumpur
2026-01-05,jip,Leapmotor,C10,grey,electric,Rakan Niaga
2026-01-05,motokar,Mercedes Benz,EQS,silver,electric,Johor
2026-01-05,jip,Neta,X,black,electric,Rakan Niaga
2026-01-05,motokar,Proton,e.MAS 5,pink,electric,Rakan Niaga
2026-01-05,motokar,Proton,e.MAS 5,grey,electric,Rakan Niaga
2026-01-05,motokar,Proton,e.MAS 5,white,electric,Rakan Niaga
2026-01-05,motokar,Proton,e.MAS 5,silver,electric,Rakan Niaga
2026-01-05,motokar,Proton,e.MAS 5,grey,electric,Johor
2026-01-05,motokar,Proton,e.MAS 5,yellow,electric,W.P. Kuala Lumpur
2026-01-05,motokar,Proton,e.MAS 5,pink,electric,W.P. Kuala Lumpur
2026-01-05,motokar,Proton,e.MAS 5,pink,electric,Johor
2026-01-05,motokar,Proton,e.MAS 5,grey,electric,W.P. Kuala Lumpur
2026-01-05,motokar,Proton,e.MAS 5,white,electric,Perak
2026-01-05,jip,Proton,e.MAS 7,black,electric,Rakan Niaga
2026-01-05,jip,Smart,Brabus,white,electric,Selangor
2026-01-05,jip,Smart,Brabus,silver,electric,Selangor
2026-01-05,jip,Smart,Brabus,silver,electric,Rakan Niaga
2026-01-05,motokar,Tesla,Model Y,grey,electric,Rakan Niaga
2026-01-05,motokar,Tesla,Model Y,black,electric,Rakan Niaga
2026-01-05,jip,Xpeng,G6,grey,electric,W.P. Kuala Lumpur
2026-01-05,jip,Xpeng,G6,white,electric,Selangor
2026-01-05,window_van,Xpeng,X9,grey,electric,Selangor
2026-01-05,window_van,Zeekr,009,black,electric,Kelantan
2026-01-05,window_van,Zeekr,009,black,electric,W.P. Kuala Lumpur
2026-01-05,window_van,Zeekr,009,green,electric,W.P. Kuala Lumpur
2026-01-05,jip,Zeekr,7X,green,electric,Selangor
2026-01-05,jip,Zeekr,7X,grey,electric,Rakan Niaga
2026-01-05,jip,Zeekr,7X,green,electric,W.P. Kuala Lumpur
2026-01-06,jip,BYD,Atto 2,grey,electric,Rakan Niaga
2026-01-06,jip,BYD,Atto 3,white,electric,Rakan Niaga
2026-01-06,jip,BYD,Atto 3,grey,electric,Rakan Niaga
2026-01-06,jip,BYD,Atto 3,black,electric,Rakan Niaga
2026-01-06,jip,BYD,Atto 3,white,electric,Selangor
2026-01-06,motokar,BYD,Seal 6,grey,electric,Rakan Niaga
2026-01-06,jip,BYD,Sealion,grey,electric,Rakan Niaga
2026-01-06,jip,Chery,iCaur 03,green,electric,Johor
2026-01-06,jip,Chery,iCaur 03,black,electric,Rakan Niaga
2026-01-06,jip,Chery,iCaur V23,black,electric,Rakan Niaga
2026-01-06,jip,Chery,iCaur V23,silver,electric,Rakan Niaga
2026-01-06,jip,Chery,iCaur V23,white,electric,Johor
2026-01-06,jip,Chery,iCaur V23,white,electric,Selangor
2026-01-06,jip,Chery,iCaur V23,white,electric,Rakan Niaga
2026-01-06,window_van,Denza,D9,white,electric,Rakan Niaga
2026-01-06,motokar,Dong Feng,Box E3,purple,electric,Rakan Niaga
2026-01-06,motokar,Great Wall,Ora,grey,electric,Rakan Niaga
2026-01-06,jip,Leapmotor,B10,grey,electric,Rakan Niaga
2026-01-06,jip,Leapmotor,C10,white,electric,W.P. Kuala Lumpur
2026-01-06,jip,Leapmotor,C10,green,electric,W.P. Kuala Lumpur
2026-01-06,jip,Leapmotor,C10,grey,electric,W.P. Kuala Lumpur
2026-01-06,motokar,MG,MG4,grey,electric,Sarawak
2026-01-06,motokar,Mini,John Cooper Works,black,electric,Sarawak
2026-01-06,motokar,Neta,V,blue,electric,Rakan Niaga
2026-01-06,jip,Neta,X,black,electric,Rakan Niaga
2026-01-06,motokar,Porsche,Taycan,grey,electric,Melaka
2026-01-06,motokar,Proton,e.MAS 5,silver,electric,Rakan Niaga
2026-01-06,motokar,Proton,e.MAS 5,pink,electric,W.P. Kuala Lumpur
2026-01-06,motokar,Proton,e.MAS 5,yellow,electric,Rakan Niaga
2026-01-06,motokar,Proton,e.MAS 5,white,electric,Rakan Niaga
2026-01-06,motokar,Proton,e.MAS 5,grey,electric,Rakan Niaga
2026-01-06,motokar,Proton,e.MAS 5,pink,electric,Rakan Niaga
2026-01-06,motokar,Proton,e.MAS 5,grey,electric,W.P. Kuala Lumpur
2026-01-06,motokar,Proton,e.MAS 5,silver,electric,W.P. Kuala Lumpur
2026-01-06,motokar,Proton,e.MAS 5,white,electric,Selangor
2026-01-06,motokar,Proton,e.MAS 5,grey,electric,Pulau Pinang
2026-01-06,jip,Proton,e.MAS 7,grey,electric,Sarawak
2026-01-06,jip,Smart,Brabus,grey,electric,Sabah
2026-01-06,motokar,Tesla,Model 3,silver,electric,Rakan Niaga
2026-01-06,motokar,Tesla,Model 3,black,electric,Rakan Niaga
2026-01-06,motokar,Tesla,Model 3,grey,electric,W.P. Kuala Lumpur
2026-01-06,motokar,Tesla,Model 3,grey,electric,Rakan Niaga
2026-01-06,motokar,Tesla,Model Y,white,electric,Selangor
2026-01-06,motokar,Tesla,Model Y,white,electric,W.P. Kuala Lumpur
2026-01-06,motokar,Tesla,Model Y,grey,electric,Rakan Niaga
2026-01-06,jip,Xpeng,G6,purple,electric,Rakan Niaga
2026-01-06,window_van,Xpeng,X9,black,electric,Rakan Niaga
2026-01-06,jip,Zeekr,7X,blue,electric,Johor
2026-01-06,jip,Zeekr,7X,grey,electric,Johor
2026-01-06,jip,Zeekr,7X,green,electric,Rakan Niaga
2026-01-06,jip,Zeekr,7X,white,electric,Johor
2026-01-06,jip,Zeekr,7X,blue,electric,Rakan Niaga
2026-01-06,jip,Zeekr,7X,green,electric,W.P. Kuala Lumpur
2026-01-06,jip,Zeekr,7X,grey,electric,Rakan Niaga
2026-01-06,jip,Zeekr,7X,grey,electric,W.P. Kuala Lumpur
2026-01-06,jip,Zeekr,7X,black,electric,Rakan Niaga
2026-01-07,jip,BYD,Atto 2,green,electric,Rakan Niaga
2026-01-07,jip,BYD,Atto 2,grey,electric,Rakan Niaga
2026-01-07,jip,BYD,Atto 3,grey,electric,Rakan Niaga
2026-01-07,jip,BYD,Atto 3,white,electric,Rakan Niaga
2026-01-07,jip,BYD,Atto 3,grey,electric,W.P. Kuala Lumpur
2026-01-07,jip,BYD,Atto 3,black,electric,Rakan Niaga
2026-01-07,motokar,BYD,Seal 6,blue,electric,Rakan Niaga
2026-01-07,motokar,BYD,Seal 6,grey,electric,Rakan Niaga
2026-01-07,jip,Chery,iCaur 03,green,electric,Rakan Niaga
2026-01-07,jip,Chery,iCaur 03,silver,electric,Rakan Niaga
2026-01-07,jip,Chery,iCaur 03,black,electric,Rakan Niaga
2026-01-07,jip,Chery,iCaur V23,green,electric,Rakan Niaga
2026-01-07,jip,Chery,iCaur V23,grey,electric,Rakan Niaga
2026-01-07,jip,Chery,iCaur V23,orange,electric,Rakan Niaga
2026-01-07,jip,Chery,iCaur V23,silver,electric,W.P. Kuala Lumpur
2026-01-07,jip,Chery,iCaur V23,silver,electric,Rakan Niaga
2026-01-07,jip,Chery,iCaur V23,black,electric,Rakan Niaga
2026-01-07,motokar,Dong Feng,Box E3,silver,electric,W.P. Kuala Lumpur
2026-01-07,jip,Leapmotor,B10,white,electric,Rakan Niaga
2026-01-07,jip,Leapmotor,C10,grey,electric,Pulau Pinang
2026-01-07,jip,Leapmotor,C10,green,electric,Rakan Niaga
2026-01-07,jip,Lotus,Eletre,white,electric,Rakan Niaga
2026-01-07,motokar,Mercedes Benz,EQS,silver,electric,W.P. Kuala Lumpur
2026-01-07,motokar,MG,Cyberster,white,electric,W.P. Kuala Lumpur
2026-01-07,motokar,MG,S5,silver,electric,Rakan Niaga
2026-01-07,jip,Neta,X,black,electric,W.P. Kuala Lumpur
2026-01-07,jip,Neta,X,grey,electric,Rakan Niaga
2026-01-07,motokar,Porsche,Taycan,white,electric,Rakan Niaga
2026-01-07,motokar,Proton,e.MAS 5,yellow,electric,Rakan Niaga
2026-01-07,motokar,Proton,e.MAS 5,silver,electric,Kedah
2026-01-07,motokar,Proton,e.MAS 5,silver,electric,Rakan Niaga
2026-01-07,motokar,Proton,e.MAS 5,white,electric,Rakan Niaga
2026-01-07,motokar,Proton,e.MAS 5,pink,electric,Rakan Niaga
2026-01-07,motokar,Proton,e.MAS 5,white,electric,W.P. Kuala Lumpur
2026-01-07,motokar,Proton,e.MAS 5,silver,electric,Selangor
2026-01-07,motokar,Proton,e.MAS 5,grey,electric,W.P. Kuala Lumpur
2026-01-07,motokar,Proton,e.MAS 5,grey,electric,Rakan Niaga
2026-01-07,jip,Proton,e.MAS 7,silver,electric,Rakan Niaga
2026-01-07,jip,Smart,Brabus,beige,electric,Rakan Niaga
2026-01-07,motokar,Tesla,Model 3,red,electric,W.P. Kuala Lumpur
2026-01-07,motokar,Tesla,Model 3,silver,electric,Rakan Niaga
2026-01-07,motokar,Tesla,Model 3,grey,electric,Rakan Niaga
2026-01-07,jip,Volvo,EC40,black,electric,Rakan Niaga
2026-01-07,jip,Volvo,EC40,white,electric,Rakan Niaga
2026-01-07,jip,Xpeng,G6,purple,electric,Rakan Niaga
2026-01-07,jip,Xpeng,G6,purple,electric,Melaka
2026-01-07,window_van,Xpeng,X9,grey,electric,Rakan Niaga
2026-01-07,window_van,Zeekr,009,black,electric,W.P. Kuala Lumpur
2026-01-07,window_van,Zeekr,009,black,electric,Rakan Niaga
2026-01-07,jip,Zeekr,7X,white,electric,Rakan Niaga
2026-01-07,jip,Zeekr,7X,blue,electric,Rakan Niaga
2026-01-07,jip,Zeekr,7X,grey,electric,Rakan Niaga
2026-01-07,jip,Zeekr,7X,black,electric,Rakan Niaga
2026-01-07,jip,Zeekr,7X,black,electric,W.P. Kuala Lumpur
2026-01-07,jip,Zeekr,7X,green,electric,Rakan Niaga
2026-01-07,jip,Zeekr,7X,white,electric,Johor
2026-01-07,jip,Zeekr,7X,white,electric,W.P. Kuala Lumpur
2026-01-07,jip,Zeekr,X,grey,electric,W.P. Kuala Lumpur
2026-01-08,motokar,BMW,i7,white,electric,W.P. Kuala Lumpur
2026-01-08,jip,BYD,Atto 2,green,electric,Rakan Niaga
2026-01-08,jip,BYD,Atto 3,grey,electric,W.P. Kuala Lumpur
2026-01-08,jip,BYD,Atto 3,grey,electric,Rakan Niaga
2026-01-08,jip,BYD,Atto 3,white,electric,Rakan Niaga
2026-01-08,motokar,BYD,M6,black,electric,Rakan Niaga
2026-01-08,motokar_pelbagai_utiliti,BYD,M6,blue,electric,Rakan Niaga
2026-01-08,motokar,BYD,Seal 6,grey,electric,Rakan Niaga
2026-01-08,motokar,BYD,Seal,grey,electric,Rakan Niaga
2026-01-08,jip,BYD,Sealion,grey,electric,Rakan Niaga
2026-01-08,jip,BYD,Sealion,grey,electric,Johor
2026-01-08,jip,BYD,Sealion,white,electric,Rakan Niaga
2026-01-08,jip,Chery,iCaur 03,grey,electric,Rakan Niaga
2026-01-08,jip,Chery,iCaur 03,silver,electric,Rakan Niaga
2026-01-08,jip,Chery,iCaur 03,green,electric,Rakan Niaga
2026-01-08,jip,Chery,iCaur 03,black,electric,Rakan Niaga
2026-01-08,jip,Chery,iCaur 03,white,electric,Rakan Niaga
2026-01-08,jip,Chery,iCaur V23,green,electric,Rakan Niaga
2026-01-08,jip,Chery,iCaur V23,grey,electric,Rakan Niaga
2026-01-08,jip,Chery,iCaur V23,green,electric,W.P. Kuala Lumpur
2026-01-08,jip,Chery,iCaur V23,black,electric,Rakan Niaga
2026-01-08,jip,Chery,iCaur V23,black,electric,Kedah
2026-01-08,jip,Chery,iCaur V23,silver,electric,W.P. Kuala Lumpur
2026-01-08,jip,Chery,iCaur V23,black,electric,Melaka
2026-01-08,jip,Chery,iCaur V23,white,electric,Rakan Niaga
2026-01-08,window_van,Denza,D9,black,electric,Rakan Niaga
2026-01-08,window_van,Denza,D9,blue,electric,Rakan Niaga
2026-01-08,motokar,Dong Feng,Box E3,purple,electric,Rakan Niaga
2026-01-08,motokar,Dong Feng,Box E3,blue,electric,Perak
2026-01-08,motokar,Dong Feng,Box E3,white,electric,W.P. Kuala Lumpur
2026-01-08,motokar,Great Wall,Ora,grey,electric,Rakan Niaga
2026-01-08,jip,Leapmotor,B10,purple,electric,Rakan Niaga
2026-01-08,jip,Leapmotor,C10,white,electric,Rakan Niaga
2026-01-08,jip,Lexus,RZ,blue,electric,Rakan Niaga
2026-01-08,motokar,Neta,V,grey,electric,Rakan Niaga
2026-01-08,motokar,Porsche,Taycan,grey,electric,Pulau Pinang
2026-01-08,motokar,Porsche,Taycan,grey,electric,Sarawak
2026-01-08,motokar,Proton,e.MAS 5,white,electric,Kelantan
2026-01-08,motokar,Proton,e.MAS 5,grey,electric,Rakan Niaga
2026-01-08,motokar,Proton,e.MAS 5,silver,electric,Rakan Niaga
2026-01-08,motokar,Proton,e.MAS 5,yellow,electric,Rakan Niaga
2026-01-08,motokar,Proton,e.MAS 5,white,electric,Rakan Niaga
2026-01-08,motokar,Proton,e.MAS 5,pink,electric,W.P. Kuala Lumpur
2026-01-08,motokar,Proton,e.MAS 5,pink,electric,Rakan Niaga
2026-01-08,motokar,Proton,e.MAS 5,white,electric,Johor
2026-01-08,motokar,Proton,e.MAS 5,silver,electric,Pahang
2026-01-08,jip,Proton,e.MAS 7,white,electric,Johor
2026-01-08,jip,Proton,e.MAS 7,white,electric,W.P. Kuala Lumpur
2026-01-08,jip,Proton,e.MAS 7,green,electric,Rakan Niaga
2026-01-08,jip,Proton,e.MAS 7,silver,electric,Rakan Niaga
2026-01-08,jip,Proton,e.MAS 7,grey,electric,Rakan Niaga
2026-01-08,jip,Smart,Brabus,grey,electric,Rakan Niaga
2026-01-08,motokar,Tesla,Model 3,grey,electric,Rakan Niaga
2026-01-08,motokar,Tesla,Model 3,black,electric,Rakan Niaga
2026-01-08,motokar,Tesla,Model Y,grey,electric,Rakan Niaga
2026-01-08,jip,Volvo,EC40,silver,electric,Rakan Niaga
2026-01-08,jip,Xpeng,G6,black,electric,Pahang
2026-01-08,jip,Xpeng,G6,purple,electric,Rakan Niaga
2026-01-08,window_van,Zeekr,009,white,electric,Rakan Niaga
2026-01-08,jip,Zeekr,7X,black,electric,W.P. Kuala Lumpur
2026-01-08,jip,Zeekr,7X,blue,electric,Rakan Niaga
2026-01-08,jip,Zeekr,7X,green,electric,Rakan Niaga
2026-01-08,jip,Zeekr,7X,black,electric,Rakan Niaga
2026-01-08,jip,Zeekr,7X,blue,electric,W.P. Kuala Lumpur
2026-01-08,jip,Zeekr,7X,blue,electric,Johor
2026-01-08,jip,Zeekr,7X,white,electric,W.P. Kuala Lumpur
2026-01-08,jip,Zeekr,7X,white,electric,Johor
2026-01-08,jip,Zeekr,7X,grey,electric,Rakan Niaga
2026-01-08,jip,Zeekr,7X,grey,electric,W.P. Kuala Lumpur
2026-01-08,jip,Zeekr,7X,black,electric,Pulau Pinang
2026-01-08,jip,Zeekr,7X,white,electric,Rakan Niaga
2026-01-08,jip,Zeekr,X,green,electric,W.P. Kuala Lumpur
2026-01-09,jip,BYD,Atto 2,grey,electric,Rakan Niaga
2026-01-09,jip,BYD,Atto 3,black,electric,Rakan Niaga
2026-01-09,jip,BYD,Atto 3,grey,electric,Rakan Niaga
2026-01-09,jip,BYD,Atto 3,white,electric,Rakan Niaga
2026-01-09,jip,BYD,Atto 3,grey,electric,W.P. Kuala Lumpur
2026-01-09,motokar,BYD,M6,white,electric,Rakan Niaga
2026-01-09,motokar,BYD,Seal 6,blue,electric,Rakan Niaga
2026-01-09,motokar,BYD,Seal,grey,electric,Rakan Niaga
2026-01-09,jip,BYD,Sealion,grey,electric,Rakan Niaga
2026-01-09,jip,BYD,Sealion,grey,electric,Selangor
2026-01-09,jip,BYD,Sealion,grey,electric,W.P. Kuala Lumpur
2026-01-09,jip,Chery,iCaur 03,white,electric,Rakan Niaga
2026-01-09,jip,Chery,iCaur 03,black,electric,Sarawak
2026-01-09,jip,Chery,iCaur 03,white,electric,W.P. Kuala Lumpur
2026-01-09,jip,Chery,iCaur V23,green,electric,Rakan Niaga
2026-01-09,jip,Chery,iCaur V23,silver,electric,Rakan Niaga
2026-01-09,jip,Chery,iCaur V23,white,electric,Rakan Niaga
2026-01-09,jip,Chery,iCaur V23,orange,electric,Rakan Niaga
2026-01-09,jip,Chery,iCaur V23,orange,electric,W.P. Kuala Lumpur
2026-01-09,window_van,Denza,D9,black,electric,Rakan Niaga
2026-01-09,motokar,Great Wall,Ora,grey,electric,Rakan Niaga
2026-01-09,jip,Leapmotor,B10,grey,electric,Rakan Niaga
2026-01-09,jip,Leapmotor,B10,black,electric,Rakan Niaga
2026-01-09,jip,Leapmotor,C10,white,electric,Melaka
2026-01-09,jip,Leapmotor,C10,grey,electric,Rakan Niaga
2026-01-09,jip,Mini,John Cooper Works,white,electric,W.P. Kuala Lumpur
2026-01-09,motokar,Neta,V,green,electric,Rakan Niaga
2026-01-09,jip,Neta,X,black,electric,Rakan Niaga
2026-01-09,motokar,Proton,e.MAS 5,grey,electric,Rakan Niaga
2026-01-09,motokar,Proton,e.MAS 5,silver,electric,Rakan Niaga
2026-01-09,motokar,Proton,e.MAS 5,white,electric,Rakan Niaga
2026-01-09,motokar,Proton,e.MAS 5,pink,electric,Rakan Niaga
2026-01-09,motokar,Proton,e.MAS 5,yellow,electric,Rakan Niaga
2026-01-09,motokar,Proton,e.MAS 5,white,electric,Melaka
2026-01-09,motokar,Proton,e.MAS 5,pink,electric,Selangor
2026-01-09,motokar,Proton,e.MAS 5,white,electric,Johor
2026-01-09,motokar,Proton,e.MAS 5,white,electric,Selangor
2026-01-09,jip,Proton,e.MAS 7,grey,electric,Rakan Niaga
2026-01-09,jip,Proton,e.MAS 7,silver,electric,Johor
2026-01-09,jip,Proton,e.MAS 7,silver,electric,Rakan Niaga
2026-01-09,jip,Proton,e.MAS 7,pink,electric,Rakan Niaga
2026-01-09,jip,Proton,e.MAS 7,white,electric,Rakan Niaga
2026-01-09,jip,Smart,Brabus,red,electric,Rakan Niaga
2026-01-09,motokar,Tesla,Model 3,white,electric,Rakan Niaga
2026-01-09,motokar,Tesla,Model 3,red,electric,Rakan Niaga
2026-01-09,motokar,Tesla,Model 3,silver,electric,Rakan Niaga
2026-01-09,motokar,Tesla,Model 3,grey,electric,Rakan Niaga
2026-01-09,motokar,Tesla,Model 3,black,electric,Rakan Niaga
2026-01-09,motokar,Tesla,Model Y,grey,electric,Rakan Niaga
2026-01-09,motokar,Tesla,Model Y,black,electric,Rakan Niaga
2026-01-09,motokar,Tesla,Model Y,white,electric,Rakan Niaga
2026-01-09,motokar,Tesla,Model Y,red,electric,Rakan Niaga
2026-01-09,jip,Xpeng,G6,black,electric,Rakan Niaga
2026-01-09,jip,Xpeng,G6,purple,electric,Rakan Niaga
2026-01-09,jip,Xpeng,G6,grey,electric,Rakan Niaga
2026-01-09,jip,Xpeng,G6,white,electric,Rakan Niaga
2026-01-09,window_van,Xpeng,X9,black,electric,Rakan Niaga
2026-01-09,window_van,Zeekr,009,green,electric,Selangor
2026-01-09,window_van,Zeekr,009,green,electric,W.P. Kuala Lumpur
2026-01-09,jip,Zeekr,7X,blue,electric,Johor
2026-01-09,jip,Zeekr,7X,green,electric,W.P. Kuala Lumpur
2026-01-09,jip,Zeekr,7X,blue,electric,W.P. Kuala Lumpur
2026-01-09,jip,Zeekr,7X,green,electric,Rakan Niaga
2026-01-09,jip,Zeekr,7X,grey,electric,Pulau Pinang
2026-01-09,jip,Zeekr,7X,black,electric,Selangor
2026-01-09,jip,Zeekr,7X,black,electric,Rakan Niaga
2026-01-09,jip,Zeekr,7X,black,electric,W.P. Kuala Lumpur
2026-01-09,jip,Zeekr,7X,grey,electric,W.P. Kuala Lumpur
2026-01-09,jip,Zeekr,7X,white,electric,Rakan Niaga
2026-01-09,jip,Zeekr,7X,grey,electric,Rakan Niaga
2026-01-10,jip,BYD,Atto 3,black,electric,Rakan Niaga
2026-01-10,jip,BYD,Atto 3,grey,electric,Rakan Niaga
2026-01-10,jip,BYD,Sealion,grey,electric,Rakan Niaga
2026-01-10,jip,Chery,iCaur V23,black,electric,Rakan Niaga
2026-01-10,motokar,MG,Cyberster,red,electric,Rakan Niaga
2026-01-10,motokar,MG,MG4,orange,electric,Rakan Niaga
2026-01-10,motokar,MG,S5,grey,electric,Rakan Niaga
2026-01-10,motokar,Proton,e.MAS 5,yellow,electric,Rakan Niaga
2026-01-10,motokar,Proton,e.MAS 5,white,electric,Rakan Niaga
2026-01-10,motokar,Proton,e.MAS 5,silver,electric,Rakan Niaga
2026-01-10,jip,Proton,e.MAS 7,white,electric,Rakan Niaga
2026-01-10,jip,Proton,e.MAS 7,green,electric,Rakan Niaga
2026-01-10,jip,Proton,e.MAS 7,silver,electric,Rakan Niaga
2026-01-10,jip,Xpeng,G6,grey,electric,Rakan Niaga
2026-01-10,jip,Zeekr,7X,green,electric,Rakan Niaga
2026-01-10,jip,Zeekr,7X,white,electric,Rakan Niaga
2026-01-11,motokar,Proton,e.MAS 5,pink,electric,Rakan Niaga
2026-01-11,motokar,Proton,e.MAS 5,silver,electric,Rakan Niaga
2026-01-11,motokar,Proton,e.MAS 5,yellow,electric,Rakan Niaga
2026-01-11,motokar,Proton,e.MAS 5,white,electric,Rakan Niaga
2026-01-12,jip,Audi,Q8,grey,electric,W.P. Kuala Lumpur
2026-01-12,motokar,BMW,i5,white,electric,Rakan Niaga
2026-01-12,motokar,BMW,i7,white,electric,Rakan Niaga
2026-01-12,jip,BYD,Atto 3,white,electric,Rakan Niaga
2026-01-12,jip,BYD,Atto 3,black,electric,Rakan Niaga
2026-01-12,jip,BYD,Atto 3,grey,electric,Rakan Niaga
2026-01-12,jip,BYD,Atto 3,black,electric,Selangor
2026-01-12,motokar_pelbagai_utiliti,BYD,M6,grey,electric,Rakan Niaga
2026-01-12,motokar,BYD,Seal 6,blue,electric,Rakan Niaga
2026-01-12,jip,BYD,Sealion,grey,electric,Rakan Niaga
2026-01-12,jip,BYD,Sealion,grey,electric,Pahang
2026-01-12,jip,BYD,Sealion,grey,electric,Perak
2026-01-12,jip,Chery,iCaur 03,white,electric,Rakan Niaga
2026-01-12,jip,Chery,iCaur 03,black,electric,W.P. Kuala Lumpur
2026-01-12,jip,Chery,iCaur 03,black,electric,Rakan Niaga
2026-01-12,jip,Chery,iCaur V23,grey,electric,Rakan Niaga
2026-01-12,jip,Chery,iCaur V23,green,electric,Rakan Niaga
2026-01-12,jip,Chery,iCaur V23,black,electric,Rakan Niaga
2026-01-12,jip,Chery,iCaur V23,green,electric,Johor
2026-01-12,jip,Chery,iCaur V23,silver,electric,Selangor
2026-01-12,jip,Chery,iCaur V23,green,electric,W.P. Kuala Lumpur
2026-01-12,jip,Chery,iCaur V23,black,electric,W.P. Kuala Lumpur
2026-01-12,jip,Chery,Omoda 5,white,electric,W.P. Kuala Lumpur
2026-01-12,window_van,Denza,D9,black,electric,W.P. Kuala Lumpur
2026-01-12,window_van,Denza,D9,blue,electric,Rakan Niaga
2026-01-12,motokar,Dong Feng,Box E3,purple,electric,Rakan Niaga
2026-01-12,motokar,Great Wall,Ora,white,electric,Rakan Niaga
2026-01-12,motokar,Great Wall,Ora,black,electric,W.P. Kuala Lumpur
2026-01-12,motokar,Great Wall,Ora,black,electric,Rakan Niaga
2026-01-12,motokar,MG,MG4,orange,electric,Rakan Niaga
2026-01-12,motokar,Porsche,Taycan,silver,electric,Johor
2026-01-12,motokar,Porsche,Taycan,black,electric,W.P. Kuala Lumpur
2026-01-12,motokar,Porsche,Taycan,white,electric,W.P. Kuala Lumpur
2026-01-12,motokar,Proton,e.MAS 5,silver,electric,Selangor
2026-01-12,motokar,Proton,e.MAS 5,grey,electric,Selangor
2026-01-12,motokar,Proton,e.MAS 5,grey,electric,W.P. Kuala Lumpur
2026-01-12,motokar,Proton,e.MAS 5,pink,electric,W.P. Kuala Lumpur
2026-01-12,motokar,Proton,e.MAS 5,silver,electric,Rakan Niaga
2026-01-12,motokar,Proton,e.MAS 5,grey,electric,Rakan Niaga
2026-01-12,motokar,Proton,e.MAS 5,white,electric,Rakan Niaga
2026-01-12,motokar,Proton,e.MAS 5,pink,electric,Rakan Niaga
2026-01-12,motokar,Proton,e.MAS 5,silver,electric,Pulau Pinang
2026-01-12,motokar,Proton,e.MAS 5,yellow,electric,Rakan Niaga
2026-01-12,motokar,Proton,e.MAS 5,white,electric,Selangor
2026-01-12,motokar,Proton,e.MAS 5,yellow,electric,Selangor
2026-01-12,motokar,Proton,e.MAS 5,silver,electric,W.P. Kuala Lumpur
2026-01-12,motokar,Proton,e.MAS 5,yellow,electric,W.P. Kuala Lumpur
2026-01-12,motokar,Proton,e.MAS 5,yellow,electric,Kelantan
2026-01-12,jip,Proton,e.MAS 7,grey,electric,Rakan Niaga
2026-01-12,jip,Proton,e.MAS 7,silver,electric,Rakan Niaga
2026-01-12,jip,Proton,e.MAS 7,green,electric,Melaka
2026-01-12,jip,Smart,Brabus,red,electric,Rakan Niaga
2026-01-12,motokar,Tesla,Model 3,white,electric,Selangor
2026-01-12,motokar,Tesla,Model 3,grey,electric,Rakan Niaga
2026-01-12,motokar,Tesla,Model 3,white,electric,Rakan Niaga
2026-01-12,motokar,Tesla,Model Y,white,electric,Rakan Niaga
2026-01-12,motokar,Tesla,Model Y,black,electric,Rakan Niaga
2026-01-12,motokar,Tesla,Model Y,grey,electric,Selangor
2026-01-12,motokar,Tesla,Model Y,grey,electric,Rakan Niaga
2026-01-12,motokar,Tesla,Model Y,white,electric,Selangor
2026-01-12,window_van,Xpeng,X9,white,electric,Selangor
2026-01-12,window_van,Xpeng,X9,black,electric,Melaka
2026-01-12,jip,Zeekr,7X,white,electric,Rakan Niaga
2026-01-12,jip,Zeekr,7X,black,electric,Rakan Niaga
2026-01-12,jip,Zeekr,7X,grey,electric,Selangor
2026-01-12,jip,Zeekr,7X,green,electric,Rakan Niaga
2026-01-12,jip,Zeekr,7X,white,electric,W.P. Kuala Lumpur
2026-01-12,jip,Zeekr,7X,grey,electric,W.P. Kuala Lumpur
2026-01-12,jip,Zeekr,7X,grey,electric,Rakan Niaga
2026-01-13,motokar,BMW,i4,black,electric,Rakan Niaga
2026-01-13,motokar,BMW,i4,green,electric,Rakan Niaga
2026-01-13,motokar,BMW,i5,blue,electric,Rakan Niaga
2026-01-13,motokar,BMW,i5,black,electric,Rakan Niaga
2026-01-13,jip,BMW,iX,black,electric,Rakan Niaga
2026-01-13,jip,BMW,iX2,green,electric,Rakan Niaga
2026-01-13,jip,BMW,iX2,grey,electric,Rakan Niaga
2026-01-13,jip,BMW,iX3,grey,electric,Rakan Niaga
2026-01-13,jip,BYD,Atto 2,green,electric,Rakan Niaga
2026-01-13,jip,BYD,Atto 3,black,electric,Rakan Niaga
2026-01-13,jip,BYD,Atto 3,white,electric,Rakan Niaga
2026-01-13,jip,BYD,Atto 3,grey,electric,Rakan Niaga
2026-01-13,jip,BYD,Atto 3,grey,electric,W.P. Kuala Lumpur
2026-01-13,motokar_pelbagai_utiliti,BYD,M6,blue,electric,Rakan Niaga
2026-01-13,motokar_pelbagai_utiliti,BYD,M6,grey,electric,Rakan Niaga
2026-01-13,motokar,BYD,M6,white,electric,Rakan Niaga
2026-01-13,motokar,BYD,Seal 6,white,electric,Rakan Niaga
2026-01-13,motokar,BYD,Seal 6,grey,electric,Rakan Niaga
2026-01-13,motokar,BYD,Seal 6,blue,electric,Rakan Niaga
2026-01-13,jip,BYD,Sealion,black,electric,Rakan Niaga
2026-01-13,jip,BYD,Sealion,grey,electric,Rakan Niaga
2026-01-13,jip,BYD,Sealion,white,electric,Rakan Niaga
2026-01-13,jip,Chery,iCaur 03,silver,electric,Rakan Niaga
2026-01-13,jip,Chery,iCaur 03,white,electric,Sarawak
2026-01-13,jip,Chery,iCaur 03,black,electric,Rakan Niaga
2026-01-13,jip,Chery,iCaur V23,green,electric,Negeri Sembilan
2026-01-13,jip,Chery,iCaur V23,green,electric,Rakan Niaga
2026-01-13,jip,Chery,iCaur V23,grey,electric,Rakan Niaga
2026-01-13,jip,Chery,iCaur V23,orange,electric,Selangor
2026-01-13,jip,Chery,iCaur V23,black,electric,Rakan Niaga
2026-01-13,jip,Chery,iCaur V23,grey,electric,W.P. Kuala Lumpur
2026-01-13,jip,Chery,iCaur V23,silver,electric,Rakan Niaga
2026-01-13,jip,Chery,iCaur V23,silver,electric,W.P. Kuala Lumpur
2026-01-13,jip,Chery,iCaur V23,white,electric,W.P. Kuala Lumpur
2026-01-13,jip,Chery,iCaur V23,orange,electric,Rakan Niaga
2026-01-13,jip,Chery,iCaur V23,green,electric,W.P. Kuala Lumpur
2026-01-13,jip,Chery,iCaur V23,white,electric,Rakan Niaga
2026-01-13,jip,Chery,Omoda 5,black,electric,Rakan Niaga
2026-01-13,jip,Chery,Omoda 5,white,electric,Rakan Niaga
2026-01-13,motokar,Great Wall,Ora,grey,electric,Rakan Niaga
2026-01-13,jip,Leapmotor,B10,blue,electric,Rakan Niaga
2026-01-13,jip,Leapmotor,C10,grey,electric,Rakan Niaga
2026-01-13,jip,Leapmotor,C10,grey,electric,Selangor
2026-01-13,motokar,Mercedes Benz,EQS,silver,electric,Johor
2026-01-13,motokar,MG,MG4,silver,electric,Rakan Niaga
2026-01-13,motokar,Porsche,Taycan,black,electric,W.P. Kuala Lumpur
2026-01-13,motokar,Porsche,Taycan,black,electric,Rakan Niaga
2026-01-13,motokar,Proton,e.MAS 5,yellow,electric,W.P. Kuala Lumpur
2026-01-13,motokar,Proton,e.MAS 5,white,electric,Rakan Niaga
2026-01-13,motokar,Proton,e.MAS 5,yellow,electric,Rakan Niaga
2026-01-13,motokar,Proton,e.MAS 5,pink,electric,Rakan Niaga
2026-01-13,motokar,Proton,e.MAS 5,silver,electric,Rakan Niaga
2026-01-13,motokar,Proton,e.MAS 5,grey,electric,Rakan Niaga
2026-01-13,motokar,Proton,e.MAS 5,silver,electric,Selangor
2026-01-13,motokar,Proton,e.MAS 5,grey,electric,Selangor
2026-01-13,motokar,Proton,e.MAS 5,grey,electric,Johor
2026-01-13,motokar,Proton,e.MAS 5,white,electric,Selangor
2026-01-13,motokar,Proton,e.MAS 5,pink,electric,Pahang
2026-01-13,motokar,Proton,e.MAS 5,pink,electric,Selangor
2026-01-13,motokar,Proton,e.MAS 5,white,electric,Melaka
2026-01-13,motokar,Proton,e.MAS 5,yellow,electric,Selangor
2026-01-13,jip,Proton,e.MAS 7,pink,electric,Rakan Niaga
2026-01-13,jip,Proton,e.MAS 7,black,electric,Sarawak
2026-01-13,jip,Proton,e.MAS 7,grey,electric,Rakan Niaga
2026-01-13,jip,Smart,Brabus,beige,electric,Rakan Niaga
2026-01-13,jip,Smart,Brabus,red,electric,Rakan Niaga
2026-01-13,jip,Smart,Brabus,beige,electric,Kedah
2026-01-13,motokar,Tesla,Model 3,red,electric,Rakan Niaga
2026-01-13,motokar,Tesla,Model 3,grey,electric,Rakan Niaga
2026-01-13,motokar,Tesla,Model 3,white,electric,Rakan Niaga
2026-01-13,motokar,Tesla,Model Y,grey,electric,Rakan Niaga
2026-01-13,motokar,Tesla,Model Y,grey,electric,Johor
2026-01-13,jip,Xpeng,G6,purple,electric,Selangor
2026-01-13,jip,Xpeng,G6,purple,electric,Rakan Niaga
2026-01-13,window_van,Xpeng,X9,black,electric,Rakan Niaga
2026-01-13,jip,Zeekr,7X,grey,electric,Rakan Niaga
2026-01-13,jip,Zeekr,7X,black,electric,Rakan Niaga
2026-01-13,jip,Zeekr,7X,green,electric,Rakan Niaga
2026-01-13,jip,Zeekr,7X,blue,electric,Rakan Niaga
2026-01-13,jip,Zeekr,7X,white,electric,Rakan Niaga
2026-01-13,jip,Zeekr,7X,grey,electric,Johor
2026-01-13,jip,Zeekr,7X,grey,electric,Selangor
2026-01-13,jip,Zeekr,7X,green,electric,Perak
2026-01-13,jip,Zeekr,7X,grey,electric,W.P. Kuala Lumpur
2026-01-13,jip,Zeekr,X,white,electric,Rakan Niaga
2026-01-14,motokar,BMW,i7,white,electric,W.P. Kuala Lumpur
2026-01-14,jip,BYD,Atto 2,green,electric,Rakan Niaga
2026-01-14,jip,BYD,Atto 3,grey,electric,Rakan Niaga
2026-01-14,jip,BYD,Atto 3,white,electric,Rakan Niaga
2026-01-14,jip,BYD,Atto 3,black,electric,Rakan Niaga
2026-01-14,jip,BYD,Atto 3,white,electric,W.P. Kuala Lumpur
2026-01-14,motokar_pelbagai_utiliti,BYD,M6,white,electric,Rakan Niaga
2026-01-14,motokar,BYD,Seal 6,yellow,electric,Rakan Niaga
2026-01-14,motokar,BYD,Seal 6,blue,electric,Rakan Niaga
2026-01-14,motokar,BYD,Seal 6,white,electric,Rakan Niaga
2026-01-14,motokar,BYD,Seal 6,grey,electric,Rakan Niaga
2026-01-14,jip,BYD,Sealion,grey,electric,Rakan Niaga
2026-01-14,jip,BYD,Sealion,white,electric,Rakan Niaga
2026-01-14,jip,BYD,Sealion,black,electric,Pahang
2026-01-14,jip,Chery,iCaur 03,silver,electric,Rakan Niaga
2026-01-14,jip,Chery,iCaur 03,grey,electric,Rakan Niaga
2026-01-14,jip,Chery,iCaur 03,black,electric,Rakan Niaga
2026-01-14,jip,Chery,iCaur 03,white,electric,Rakan Niaga
2026-01-14,jip,Chery,iCaur V23,green,electric,Johor
2026-01-14,jip,Chery,iCaur V23,black,electric,Rakan Niaga
2026-01-14,jip,Chery,iCaur V23,silver,electric,Rakan Niaga
2026-01-14,jip,Chery,iCaur V23,orange,electric,Rakan Niaga
2026-01-14,jip,Chery,iCaur V23,grey,electric,Rakan Niaga
2026-01-14,jip,Chery,iCaur V23,grey,electric,Pulau Pinang
2026-01-14,jip,Chery,iCaur V23,green,electric,Rakan Niaga
2026-01-14,jip,Chery,iCaur V23,white,electric,Rakan Niaga
2026-01-14,jip,Chery,iCaur V23,black,electric,Johor
2026-01-14,jip,Chery,Omoda 5,white,electric,Rakan Niaga
2026-01-14,jip,Chery,Omoda 5,black,electric,Rakan Niaga
2026-01-14,window_van,Denza,D9,black,electric,W.P. Kuala Lumpur
2026-01-14,motokar,Dong Feng,Box E3,silver,electric,Rakan Niaga
2026-01-14,motokar,Dong Feng,Box E3,white,electric,Rakan Niaga
2026-01-14,motokar,Dong Feng,Box E3,purple,electric,Pulau Pinang
2026-01-14,motokar,Great Wall,Ora,grey,electric,Rakan Niaga
2026-01-14,motokar,Great Wall,Ora,beige,electric,Rakan Niaga
2026-01-14,jip,Leapmotor,B10,grey,electric,Selangor
2026-01-14,jip,Leapmotor,B10,purple,electric,Selangor
2026-01-14,jip,Leapmotor,C10,grey,electric,Selangor
2026-01-14,motokar,Mercedes Benz,EQS,silver,electric,W.P. Kuala Lumpur
2026-01-14,motokar,Mercedes Benz,EQS,grey,electric,W.P. Kuala Lumpur
2026-01-14,motokar,Mercedes Benz,EQS,blue,electric,Rakan Niaga
2026-01-14,motokar,MG,MG4,blue,electric,Rakan Niaga
2026-01-14,motokar,Porsche,Taycan,blue,electric,Johor
2026-01-14,motokar,Porsche,Taycan,white,electric,W.P. Kuala Lumpur
2026-01-14,motokar,Proton,e.MAS 5,yellow,electric,Kelantan
2026-01-14,motokar,Proton,e.MAS 5,yellow,electric,Rakan Niaga
2026-01-14,motokar,Proton,e.MAS 5,grey,electric,Rakan Niaga
2026-01-14,motokar,Proton,e.MAS 5,silver,electric,Rakan Niaga
2026-01-14,motokar,Proton,e.MAS 5,grey,electric,Kelantan
2026-01-14,motokar,Proton,e.MAS 5,yellow,electric,Selangor
2026-01-14,motokar,Proton,e.MAS 5,grey,electric,Pulau Pinang
2026-01-14,motokar,Proton,e.MAS 5,pink,electric,Melaka
2026-01-14,motokar,Proton,e.MAS 5,silver,electric,Selangor
2026-01-14,motokar,Proton,e.MAS 5,pink,electric,Rakan Niaga
2026-01-14,motokar,Proton,e.MAS 5,white,electric,Rakan Niaga
2026-01-14,motokar,Proton,e.MAS 5,white,electric,Kelantan
2026-01-14,motokar,Proton,e.MAS 5,pink,electric,Selangor
2026-01-14,motokar,Proton,e.MAS 5,white,electric,Terengganu
2026-01-14,motokar,Proton,e.MAS 5,white,electric,Selangor
2026-01-14,motokar,Proton,e.MAS 5,silver,electric,W.P. Kuala Lumpur
2026-01-14,motokar,Proton,e.MAS 5,grey,electric,W.P. Kuala Lumpur
2026-01-14,motokar,Proton,e.MAS 5,white,electric,Kedah
2026-01-14,motokar,Proton,e.MAS 5,white,electric,Pulau Pinang
2026-01-14,jip,Proton,e.MAS 7,grey,electric,Rakan Niaga
2026-01-14,jip,Proton,e.MAS 7,silver,electric,Rakan Niaga
2026-01-14,jip,Proton,e.MAS 7,pink,electric,Rakan Niaga
2026-01-14,jip,Proton,e.MAS 7,white,electric,Rakan Niaga
2026-01-14,jip,Proton,e.MAS 7,grey,electric,Sarawak
2026-01-14,jip,Smart,Brabus,beige,electric,W.P. Kuala Lumpur
2026-01-14,jip,Smart,Brabus,black,electric,Rakan Niaga
2026-01-14,motokar,Tesla,Model 3,silver,electric,Rakan Niaga
2026-01-14,motokar,Tesla,Model 3,grey,electric,Rakan Niaga
2026-01-14,motokar,Tesla,Model 3,white,electric,Rakan Niaga
2026-01-14,motokar,Tesla,Model Y,white,electric,Johor
2026-01-14,motokar,Tesla,Model Y,grey,electric,W.P. Kuala Lumpur
2026-01-14,motokar,Tesla,Model Y,grey,electric,Johor
2026-01-14,motokar,Tesla,Model Y,grey,electric,Rakan Niaga
2026-01-14,motokar,Tesla,Model Y,silver,electric,Rakan Niaga
2026-01-14,jip,Xpeng,G6,silver,electric,Rakan Niaga
2026-01-14,jip,Xpeng,G6,black,electric,Rakan Niaga
2026-01-14,jip,Xpeng,G6,grey,electric,Rakan Niaga
2026-01-14,jip,Xpeng,G6,purple,electric,Rakan Niaga
2026-01-14,window_van,Xpeng,X9,grey,electric,Rakan Niaga
2026-01-14,window_van,Zeekr,009,white,electric,Johor
2026-01-14,window_van,Zeekr,009,black,electric,Rakan Niaga
2026-01-14,jip,Zeekr,7X,grey,electric,Rakan Niaga
2026-01-14,jip,Zeekr,7X,blue,electric,Sarawak
2026-01-14,jip,Zeekr,7X,green,electric,Johor
2026-01-14,jip,Zeekr,7X,white,electric,Selangor
2026-01-14,jip,Zeekr,7X,blue,electric,Rakan Niaga
2026-01-14,jip,Zeekr,7X,white,electric,Rakan Niaga
2026-01-14,jip,Zeekr,7X,blue,electric,W.P. Kuala Lumpur
2026-01-14,jip,Zeekr,7X,blue,electric,Johor
2026-01-14,jip,Zeekr,7X,grey,electric,Selangor
2026-01-14,jip,Zeekr,7X,grey,electric,W.P. Kuala Lumpur
2026-01-14,jip,Zeekr,7X,green,electric,Rakan Niaga
2026-01-14,jip,Zeekr,7X,black,electric,Rakan Niaga
2026-01-15,jip,BYD,Atto 2,white,electric,Rakan Niaga
2026-01-15,jip,BYD,Atto 3,grey,electric,Rakan Niaga
2026-01-15,jip,BYD,Atto 3,white,electric,Rakan Niaga
2026-01-15,jip,BYD,Atto 3,black,electric,Rakan Niaga
2026-01-15,motokar,BYD,Seal 6,blue,electric,Rakan Niaga
2026-01-15,motokar,BYD,Seal 6,grey,electric,Rakan Niaga
2026-01-15,jip,BYD,Sealion,grey,electric,Rakan Niaga
2026-01-15,jip,BYD,Sealion,white,electric,Rakan Niaga
2026-01-15,jip,Chery,iCaur 03,grey,electric,Selangor
2026-01-15,jip,Chery,iCaur 03,grey,electric,Rakan Niaga
2026-01-15,jip,Chery,iCaur 03,white,electric,Rakan Niaga
2026-01-15,jip,Chery,iCaur V23,black,electric,Rakan Niaga
2026-01-15,jip,Chery,iCaur V23,green,electric,Rakan Niaga
2026-01-15,jip,Chery,iCaur V23,grey,electric,W.P. Kuala Lumpur
2026-01-15,jip,Chery,iCaur V23,orange,electric,Rakan Niaga
2026-01-15,jip,Chery,iCaur V23,grey,electric,Rakan Niaga
2026-01-15,jip,Chery,iCaur V23,white,electric,Rakan Niaga
2026-01-15,jip,Chery,iCaur V23,white,electric,W.P. Kuala Lumpur
2026-01-15,jip,Chery,iCaur V23,black,electric,W.P. Kuala Lumpur
2026-01-15,jip,Chery,Omoda 5,black,electric,Rakan Niaga
2026-01-15,motokar,Dong Feng,Box E3,purple,electric,Pahang
2026-01-15,motokar,Great Wall,Ora,black,electric,Rakan Niaga
2026-01-15,jip,Leapmotor,B10,grey,electric,Rakan Niaga
2026-01-15,jip,Leapmotor,B10,black,electric,Rakan Niaga
2026-01-15,jip,Leapmotor,B10,blue,electric,Rakan Niaga
2026-01-15,jip,Leapmotor,B10,purple,electric,Rakan Niaga
2026-01-15,jip,Leapmotor,B10,purple,electric,Selangor
2026-01-15,jip,Leapmotor,C10,grey,electric,W.P. Kuala Lumpur
2026-01-15,jip,Leapmotor,C10,white,electric,Rakan Niaga
2026-01-15,jip,Leapmotor,C10,white,electric,Pulau Pinang
2026-01-15,jip,Leapmotor,C10,grey,electric,Rakan Niaga
2026-01-15,jip,Lexus,RZ,brown,electric,Rakan Niaga
2026-01-15,motokar,Mercedes Benz,EQS,grey,electric,Rakan Niaga
2026-01-15,motokar,Mercedes Benz,EQS,silver,electric,Rakan Niaga
2026-01-15,motokar,Mercedes Benz,EQS,black,electric,Rakan Niaga
2026-01-15,motokar,Mercedes Benz,EQS,black,electric,Pulau Pinang
2026-01-15,motokar,MG,MG4,grey,electric,Rakan Niaga
2026-01-15,motokar,MG,MG4,red,electric,Johor
2026-01-15,motokar,MG,S5,grey,electric,Rakan Niaga
2026-01-15,motokar,MG,S5,beige,electric,Rakan Niaga
2026-01-15,jip,Porsche,Macan,purple,electric,W.P. Kuala Lumpur
2026-01-15,motokar,Porsche,Taycan,black,electric,W.P. Kuala Lumpur
2026-01-15,motokar,Porsche,Taycan,white,electric,W.P. Kuala Lumpur
2026-01-15,motokar,Porsche,Taycan,white,electric,Rakan Niaga
2026-01-15,motokar,Proton,e.MAS 5,yellow,electric,Rakan Niaga
2026-01-15,motokar,Proton,e.MAS 5,silver,electric,Selangor
2026-01-15,motokar,Proton,e.MAS 5,pink,electric,Rakan Niaga
2026-01-15,motokar,Proton,e.MAS 5,white,electric,Rakan Niaga
2026-01-15,motokar,Proton,e.MAS 5,silver,electric,Rakan Niaga
2026-01-15,motokar,Proton,e.MAS 5,pink,electric,Selangor
2026-01-15,motokar,Proton,e.MAS 5,grey,electric,Rakan Niaga
2026-01-15,motokar,Proton,e.MAS 5,white,electric,Pulau Pinang
2026-01-15,motokar,Proton,e.MAS 5,pink,electric,Perak
2026-01-15,motokar,Proton,e.MAS 5,grey,electric,W.P. Kuala Lumpur
2026-01-15,motokar,Proton,e.MAS 5,yellow,electric,Johor
2026-01-15,motokar,Proton,e.MAS 5,grey,electric,Pulau Pinang
2026-01-15,motokar,Proton,e.MAS 5,silver,electric,Kedah
2026-01-15,motokar,Proton,e.MAS 5,silver,electric,Pulau Pinang
2026-01-15,motokar,Proton,e.MAS 5,pink,electric,Kelantan
2026-01-15,jip,Proton,e.MAS 7,grey,electric,Rakan Niaga
2026-01-15,jip,Proton,e.MAS 7,silver,electric,Rakan Niaga
2026-01-15,jip,Proton,e.MAS 7,pink,electric,Rakan Niaga
2026-01-15,jip,Proton,e.MAS 7,grey,electric,W.P. Kuala Lumpur
2026-01-15,motokar,Rolls Royce,Spectre,white,electric,Selangor
2026-01-15,jip,Smart,Brabus,red,electric,Rakan Niaga
2026-01-15,motokar,Tesla,Model 3,grey,electric,Negeri Sembilan
2026-01-15,motokar,Tesla,Model 3,white,electric,Rakan Niaga
2026-01-15,motokar,Tesla,Model 3,grey,electric,Rakan Niaga
2026-01-15,motokar,Tesla,Model Y,black,electric,Rakan Niaga
2026-01-15,motokar,Tesla,Model Y,black,electric,Selangor
2026-01-15,motokar,Tesla,Model Y,grey,electric,W.P. Kuala Lumpur
2026-01-15,motokar,Tesla,Model Y,grey,electric,Rakan Niaga
2026-01-15,motokar,Tesla,Model Y,white,electric,Rakan Niaga
2026-01-15,motokar,Volvo,ES90,black,electric,Rakan Niaga
2026-01-15,jip,Xpeng,G6,black,electric,Selangor
2026-01-15,jip,Xpeng,G6,black,electric,W.P. Kuala Lumpur
2026-01-15,jip,Xpeng,G6,grey,electric,Rakan Niaga
2026-01-15,jip,Xpeng,G6,black,electric,Rakan Niaga
2026-01-15,jip,Xpeng,G6,purple,electric,Rakan Niaga
2026-01-15,window_van,Zeekr,009,black,electric,Rakan Niaga
2026-01-15,window_van,Zeekr,009,white,electric,W.P. Kuala Lumpur
2026-01-15,jip,Zeekr,7X,blue,electric,Rakan Niaga
2026-01-15,jip,Zeekr,7X,grey,electric,Rakan Niaga
2026-01-15,jip,Zeekr,7X,green,electric,Rakan Niaga
2026-01-15,jip,Zeekr,7X,white,electric,Selangor
2026-01-15,jip,Zeekr,7X,grey,electric,W.P. Kuala Lumpur
2026-01-15,jip,Zeekr,7X,black,electric,Rakan Niaga
2026-01-15,jip,Zeekr,7X,white,electric,Rakan Niaga
2026-01-15,jip,Zeekr,7X,white,electric,W.P. Kuala Lumpur
2026-01-15,jip,Zeekr,7X,black,electric,W.P. Kuala Lumpur
2026-01-16,motokar,BMW,i5,black,electric,Rakan Niaga
2026-01-16,jip,BMW,iX,grey,electric,Johor
2026-01-16,jip,BYD,Atto 2,white,electric,Rakan Niaga
2026-01-16,jip,BYD,Atto 2,grey,electric,Rakan Niaga
2026-01-16,jip,BYD,Atto 3,grey,electric,Rakan Niaga
2026-01-16,jip,BYD,Atto 3,black,electric,Rakan Niaga
2026-01-16,jip,BYD,Atto 3,white,electric,W.P. Kuala Lumpur
2026-01-16,jip,BYD,Atto 3,white,electric,Rakan Niaga
2026-01-16,motokar,BYD,M6,blue,electric,Rakan Niaga
2026-01-16,motokar_pelbagai_utiliti,BYD,M6,grey,electric,Selangor
2026-01-16,motokar,BYD,Seal 6,blue,electric,Rakan Niaga
2026-01-16,motokar,BYD,Seal 6,grey,electric,Rakan Niaga
2026-01-16,motokar,BYD,Seal,white,electric,Sarawak
2026-01-16,motokar,BYD,Seal,grey,electric,Rakan Niaga
2026-01-16,motokar,BYD,Seal,black,electric,Rakan Niaga
2026-01-16,jip,BYD,Sealion,grey,electric,W.P. Kuala Lumpur
2026-01-16,jip,BYD,Sealion,grey,electric,Rakan Niaga
2026-01-16,jip,BYD,Sealion,grey,electric,Johor
2026-01-16,jip,BYD,Sealion,grey,electric,Selangor
2026-01-16,jip,BYD,Sealion,black,electric,Rakan Niaga
2026-01-16,jip,Chery,iCaur 03,green,electric,W.P. Kuala Lumpur
2026-01-16,jip,Chery,iCaur 03,silver,electric,Rakan Niaga
2026-01-16,jip,Chery,iCaur 03,black,electric,Rakan Niaga
2026-01-16,jip,Chery,iCaur 03,white,electric,Rakan Niaga
2026-01-16,jip,Chery,iCaur 03,green,electric,Rakan Niaga
2026-01-16,jip,Chery,iCaur 03,grey,electric,Rakan Niaga
2026-01-16,jip,Chery,iCaur V23,white,electric,Rakan Niaga
2026-01-16,jip,Chery,iCaur V23,black,electric,Rakan Niaga
2026-01-16,jip,Chery,iCaur V23,green,electric,Rakan Niaga
2026-01-16,jip,Chery,iCaur V23,grey,electric,Johor
2026-01-16,jip,Chery,iCaur V23,black,electric,W.P. Kuala Lumpur
2026-01-16,jip,Chery,iCaur V23,grey,electric,Rakan Niaga
2026-01-16,jip,Chery,iCaur V23,silver,electric,Rakan Niaga
2026-01-16,jip,Chery,iCaur V23,orange,electric,W.P. Kuala Lumpur
2026-01-16,jip,Chery,iCaur V23,orange,electric,Rakan Niaga
2026-01-16,jip,Chery,iCaur V23,white,electric,Pulau Pinang
2026-01-16,jip,Chery,iCaur V23,green,electric,W.P. Kuala Lumpur
2026-01-16,jip,Chery,Omoda 5,black,electric,Rakan Niaga
2026-01-16,window_van,Denza,D9,white,electric,W.P. Kuala Lumpur
2026-01-16,motokar,Dong Feng,Box E3,white,electric,Rakan Niaga
2026-01-16,motokar,Great Wall,Ora,beige,electric,Rakan Niaga
2026-01-16,jip,Leapmotor,B10,white,electric,Rakan Niaga
2026-01-16,jip,Leapmotor,B10,grey,electric,Selangor
2026-01-16,jip,Leapmotor,B10,grey,electric,Rakan Niaga
2026-01-16,jip,Leapmotor,B10,purple,electric,Rakan Niaga
2026-01-16,jip,Leapmotor,B10,blue,electric,Rakan Niaga
2026-01-16,jip,Leapmotor,C10,grey,electric,Rakan Niaga
2026-01-16,jip,Mercedes Benz,EQA,silver,electric,Rakan Niaga
2026-01-16,motokar,MG,MG4,grey,electric,Rakan Niaga
2026-01-16,motokar,MG,MG4,grey,electric,W.P. Kuala Lumpur
2026-01-16,motokar,MG,MG4,silver,electric,Rakan Niaga
2026-01-16,motokar,MG,S5,silver,electric,Rakan Niaga
2026-01-16,motokar,MG,S5,grey,electric,Rakan Niaga
2026-01-16,jip,Mini,John Cooper Works,grey,electric,Rakan Niaga
2026-01-16,motokar,Porsche,Taycan,white,electric,Rakan Niaga
2026-01-16,motokar,Porsche,Taycan,white,electric,W.P. Kuala Lumpur
2026-01-16,motokar,Proton,e.MAS 5,grey,electric,Rakan Niaga
2026-01-16,motokar,Proton,e.MAS 5,white,electric,Rakan Niaga
2026-01-16,motokar,Proton,e.MAS 5,yellow,electric,Rakan Niaga
2026-01-16,motokar,Proton,e.MAS 5,pink,electric,Selangor
2026-01-16,motokar,Proton,e.MAS 5,pink,electric,Rakan Niaga
2026-01-16,motokar,Proton,e.MAS 5,silver,electric,Rakan Niaga
2026-01-16,motokar,Proton,e.MAS 5,yellow,electric,Pahang
2026-01-16,motokar,Proton,e.MAS 5,silver,electric,Pulau Pinang
2026-01-16,motokar,Proton,e.MAS 5,pink,electric,Perak
2026-01-16,motokar,Proton,e.MAS 5,silver,electric,Selangor
2026-01-16,motokar,Proton,e.MAS 5,pink,electric,Pahang
2026-01-16,motokar,Proton,e.MAS 5,white,electric,Selangor
2026-01-16,motokar,Proton,e.MAS 5,yellow,electric,Perak
2026-01-16,motokar,Proton,e.MAS 5,white,electric,Melaka
2026-01-16,jip,Proton,e.MAS 7,silver,electric,Rakan Niaga
2026-01-16,jip,Proton,e.MAS 7,white,electric,Rakan Niaga
2026-01-16,jip,Proton,e.MAS 7,green,electric,Rakan Niaga
2026-01-16,jip,Proton,e.MAS 7,pink,electric,W.P. Kuala Lumpur
2026-01-16,jip,Proton,e.MAS 7,white,electric,Selangor
2026-01-16,jip,Proton,e.MAS 7,grey,electric,Rakan Niaga
2026-01-16,jip,Smart,Brabus,silver,electric,Perak
2026-01-16,jip,Smart,Brabus,black,electric,Rakan Niaga
2026-01-16,motokar,Tesla,Model 3,white,electric,Rakan Niaga
2026-01-16,motokar,Tesla,Model Y,grey,electric,Rakan Niaga
2026-01-16,jip,Volvo,EC40,purple,electric,Rakan Niaga
2026-01-16,jip,Xpeng,G6,black,electric,Pulau Pinang
2026-01-16,jip,Xpeng,G6,purple,electric,Pulau Pinang
2026-01-16,jip,Xpeng,G6,purple,electric,Rakan Niaga
2026-01-16,jip,Xpeng,G6,grey,electric,Rakan Niaga
2026-01-16,jip,Xpeng,G6,grey,electric,Pulau Pinang
2026-01-16,window_van,Zeekr,009,black,electric,Rakan Niaga
2026-01-16,jip,Zeekr,7X,white,electric,Rakan Niaga
2026-01-16,jip,Zeekr,7X,grey,electric,Rakan Niaga
2026-01-16,jip,Zeekr,7X,black,electric,Johor
2026-01-16,jip,Zeekr,7X,grey,electric,W.P. Kuala Lumpur
2026-01-16,jip,Zeekr,7X,black,electric,Selangor
2026-01-16,jip,Zeekr,7X,black,electric,Rakan Niaga
2026-01-16,jip,Zeekr,7X,green,electric,Rakan Niaga
2026-01-16,jip,Zeekr,7X,white,electric,Selangor
2026-01-16,jip,Zeekr,7X,green,electric,W.P. Kuala Lumpur
2026-01-16,jip,Zeekr,7X,grey,electric,Johor
2026-01-17,jip,BYD,Atto 2,green,electric,Rakan Niaga
2026-01-17,jip,BYD,Atto 3,grey,electric,Rakan Niaga
2026-01-17,jip,BYD,Atto 3,black,electric,Rakan Niaga
2026-01-17,motokar,BYD,Seal 6,white,electric,Rakan Niaga
2026-01-17,jip,BYD,Sealion,black,electric,Rakan Niaga
2026-01-17,jip,Chery,iCaur 03,silver,electric,Rakan Niaga
2026-01-17,jip,Chery,iCaur V23,orange,electric,Rakan Niaga
2026-01-17,jip,Chery,iCaur V23,black,electric,Rakan Niaga
2026-01-17,motokar,Proton,e.MAS 5,silver,electric,Rakan Niaga
2026-01-17,motokar,Proton,e.MAS 5,grey,electric,Rakan Niaga
2026-01-17,motokar,Proton,e.MAS 5,yellow,electric,Rakan Niaga
2026-01-17,motokar,Proton,e.MAS 5,pink,electric,Rakan Niaga
2026-01-17,motokar,Proton,e.MAS 5,white,electric,Rakan Niaga
2026-01-17,jip,Proton,e.MAS 7,silver,electric,Rakan Niaga
2026-01-17,jip,Proton,e.MAS 7,grey,electric,Rakan Niaga
2026-01-17,jip,Proton,e.MAS 7,white,electric,Rakan Niaga
2026-01-17,jip,Zeekr,7X,blue,electric,Rakan Niaga
2026-01-18,jip,BYD,Atto 2,green,electric,Kedah
2026-01-18,jip,BYD,Sealion,grey,electric,Rakan Niaga
2026-01-18,jip,BYD,Sealion,black,electric,Kelantan
2026-01-18,motokar,Proton,e.MAS 5,silver,electric,Rakan Niaga
2026-01-19,motokar,BMW,i7,black,electric,W.P. Kuala Lumpur
2026-01-19,jip,BYD,Atto 2,white,electric,Rakan Niaga
2026-01-19,jip,BYD,Atto 3,grey,electric,Rakan Niaga
2026-01-19,jip,BYD,Atto 3,black,electric,Rakan Niaga
2026-01-19,jip,BYD,Atto 3,white,electric,Rakan Niaga
2026-01-19,motokar_pelbagai_utiliti,BYD,M6,blue,electric,Rakan Niaga
2026-01-19,motokar_pelbagai_utiliti,BYD,M6,white,electric,Rakan Niaga
2026-01-19,motokar,BYD,M6,white,electric,Rakan Niaga
2026-01-19,motokar,BYD,Seal 6,white,electric,Rakan Niaga
2026-01-19,motokar,BYD,Seal 6,yellow,electric,Rakan Niaga
2026-01-19,motokar,BYD,Seal 6,blue,electric,Rakan Niaga
2026-01-19,motokar,BYD,Seal 6,white,electric,Perak
2026-01-19,motokar,BYD,Seal 6,grey,electric,Rakan Niaga
2026-01-19,motokar,BYD,Seal,grey,electric,Rakan Niaga
2026-01-19,jip,BYD,Sealion,white,electric,Rakan Niaga
2026-01-19,jip,BYD,Sealion,grey,electric,Rakan Niaga
2026-01-19,jip,BYD,Sealion,black,electric,Melaka
2026-01-19,jip,Chery,iCaur 03,grey,electric,Sabah
2026-01-19,jip,Chery,iCaur 03,white,electric,Rakan Niaga
2026-01-19,jip,Chery,iCaur V23,orange,electric,W.P. Kuala Lumpur
2026-01-19,jip,Chery,iCaur V23,white,electric,Selangor
2026-01-19,jip,Chery,iCaur V23,black,electric,Rakan Niaga
2026-01-19,jip,Chery,iCaur V23,orange,electric,Rakan Niaga
2026-01-19,window_van,Denza,D9,black,electric,Rakan Niaga
2026-01-19,motokar,Dong Feng,007,black,electric,Rakan Niaga
2026-01-19,motokar,Dong Feng,Box E3,blue,electric,Rakan Niaga
2026-01-19,motokar,Dong Feng,Box E3,purple,electric,Rakan Niaga
2026-01-19,motokar,Great Wall,Ora,beige,electric,W.P. Kuala Lumpur
2026-01-19,jip,Leapmotor,B10,purple,electric,Selangor
2026-01-19,jip,Leapmotor,C10,green,electric,Rakan Niaga
2026-01-19,jip,Lexus,RZ,blue,electric,Selangor
2026-01-19,jip,Lexus,RZ,silver,electric,Sarawak
2026-01-19,motokar,Mercedes Benz,EQS,silver,electric,Rakan Niaga
2026-01-19,motokar,Mercedes Benz,EQS,grey,electric,W.P. Kuala Lumpur
2026-01-19,motokar,Porsche,Taycan,black,electric,Sarawak
2026-01-19,motokar,Proton,e.MAS 5,grey,electric,Rakan Niaga
2026-01-19,motokar,Proton,e.MAS 5,yellow,electric,Rakan Niaga
2026-01-19,motokar,Proton,e.MAS 5,silver,electric,Rakan Niaga
2026-01-19,motokar,Proton,e.MAS 5,white,electric,Rakan Niaga
2026-01-19,motokar,Proton,e.MAS 5,grey,electric,Selangor
2026-01-19,motokar,Proton,e.MAS 5,pink,electric,Pahang
2026-01-19,motokar,Proton,e.MAS 5,pink,electric,Rakan Niaga
2026-01-19,motokar,Proton,e.MAS 5,silver,electric,Selangor
2026-01-19,motokar,Proton,e.MAS 5,grey,electric,W.P. Kuala Lumpur
2026-01-19,motokar,Proton,e.MAS 5,yellow,electric,Selangor
2026-01-19,motokar,Proton,e.MAS 5,silver,electric,Johor
2026-01-19,motokar,Proton,e.MAS 5,pink,electric,Selangor
2026-01-19,motokar,Proton,e.MAS 5,grey,electric,Kelantan
2026-01-19,motokar,Proton,e.MAS 5,yellow,electric,Pulau Pinang
2026-01-19,motokar,Proton,e.MAS 5,white,electric,Selangor
2026-01-19,motokar,Proton,e.MAS 5,white,electric,Melaka
2026-01-19,motokar,Proton,e.MAS 5,pink,electric,Melaka
2026-01-19,jip,Proton,e.MAS 7,green,electric,Rakan Niaga
2026-01-19,jip,Proton,e.MAS 7,grey,electric,Rakan Niaga
2026-01-19,jip,Proton,e.MAS 7,white,electric,Rakan Niaga
2026-01-19,jip,Proton,e.MAS 7,pink,electric,Rakan Niaga
2026-01-19,motokar,Rolls Royce,Spectre,black,electric,Johor
2026-01-19,jip,Smart,Brabus,white,electric,Rakan Niaga
2026-01-19,motokar,Tesla,Model 3,white,electric,W.P. Kuala Lumpur
2026-01-19,motokar,Tesla,Model 3,grey,electric,Rakan Niaga
2026-01-19,motokar,Tesla,Model 3,grey,electric,Johor
2026-01-19,motokar,Tesla,Model Y,white,electric,W.P. Kuala Lumpur
2026-01-19,motokar,Tesla,Model Y,silver,electric,Perak
2026-01-19,motokar,Tesla,Model Y,grey,electric,Perak
2026-01-19,motokar,TQ Wuling,Bingo,blue,electric,Rakan Niaga
2026-01-19,motokar,TQ Wuling,Bingo,white,electric,Rakan Niaga
2026-01-19,motokar,TQ Wuling,Bingo,grey,electric,Rakan Niaga
2026-01-19,jip,Volvo,XC40,white,electric,Perak
2026-01-19,jip,Xpeng,G6,purple,electric,W.P. Kuala Lumpur
2026-01-19,jip,Xpeng,G6,grey,electric,Rakan Niaga
2026-01-19,window_van,Zeekr,009,black,electric,W.P. Kuala Lumpur
2026-01-19,window_van,Zeekr,009,green,electric,Rakan Niaga
2026-01-19,window_van,Zeekr,009,white,electric,W.P. Kuala Lumpur
2026-01-19,jip,Zeekr,7X,grey,electric,Selangor
2026-01-19,jip,Zeekr,7X,green,electric,W.P. Kuala Lumpur
2026-01-19,jip,Zeekr,7X,grey,electric,W.P. Kuala Lumpur
2026-01-19,jip,Zeekr,7X,black,electric,Rakan Niaga
2026-01-19,jip,Zeekr,7X,green,electric,Selangor
2026-01-19,jip,Zeekr,7X,grey,electric,Rakan Niaga
2026-01-19,jip,Zeekr,7X,blue,electric,Rakan Niaga
2026-01-19,jip,Zeekr,7X,green,electric,Rakan Niaga
2026-01-19,jip,Zeekr,7X,white,electric,Rakan Niaga
2026-01-19,jip,Zeekr,7X,black,electric,Selangor
2026-01-19,jip,Zeekr,7X,black,electric,Pulau Pinang
2026-01-19,jip,Zeekr,7X,grey,electric,Johor
2026-01-20,jip,BMW,iX2,green,electric,Rakan Niaga
2026-01-20,jip,BMW,iX2,black,electric,Rakan Niaga
2026-01-20,jip,BYD,Atto 2,green,electric,Rakan Niaga
2026-01-20,jip,BYD,Atto 2,white,electric,Rakan Niaga
2026-01-20,jip,BYD,Atto 2,green,electric,W.P. Kuala Lumpur
2026-01-20,jip,BYD,Atto 3,grey,electric,Rakan Niaga
2026-01-20,jip,BYD,Atto 3,white,electric,Rakan Niaga
2026-01-20,motokar,BYD,M6,grey,electric,Rakan Niaga
2026-01-20,motokar_pelbagai_utiliti,BYD,M6,grey,electric,Rakan Niaga
2026-01-20,motokar_pelbagai_utiliti,BYD,M6,blue,electric,Rakan Niaga
2026-01-20,motokar,BYD,Seal 6,grey,electric,Rakan Niaga
2026-01-20,motokar,BYD,Seal 6,blue,electric,Rakan Niaga
2026-01-20,motokar,BYD,Seal 6,white,electric,Rakan Niaga
2026-01-20,motokar,BYD,Seal,black,electric,Rakan Niaga
2026-01-20,jip,BYD,Sealion,black,electric,Rakan Niaga
2026-01-20,jip,BYD,Sealion,white,electric,Rakan Niaga
2026-01-20,jip,BYD,Sealion,white,electric,Perak
2026-01-20,jip,BYD,Sealion,grey,electric,Rakan Niaga
2026-01-20,jip,Chery,iCaur 03,grey,electric,Rakan Niaga
2026-01-20,jip,Chery,iCaur 03,silver,electric,Sarawak
2026-01-20,jip,Chery,iCaur 03,silver,electric,Rakan Niaga
2026-01-20,jip,Chery,iCaur 03,green,electric,Rakan Niaga
2026-01-20,jip,Chery,iCaur 03,grey,electric,W.P. Kuala Lumpur
2026-01-20,jip,Chery,iCaur 03,silver,electric,Pahang
2026-01-20,jip,Chery,iCaur 03,black,electric,Rakan Niaga
2026-01-20,jip,Chery,iCaur V23,grey,electric,Rakan Niaga
2026-01-20,jip,Chery,iCaur V23,silver,electric,Rakan Niaga
2026-01-20,jip,Chery,iCaur V23,orange,electric,Rakan Niaga
2026-01-20,jip,Chery,iCaur V23,green,electric,Rakan Niaga
2026-01-20,jip,Chery,iCaur V23,black,electric,W.P. Kuala Lumpur
2026-01-20,motokar,Dong Feng,Box E3,white,electric,Rakan Niaga
2026-01-20,jip,GAC Aion,Y Plus Standard,white,electric,Rakan Niaga
2026-01-20,jip,Leapmotor,B10,blue,electric,Rakan Niaga
2026-01-20,jip,Leapmotor,B10,purple,electric,Rakan Niaga
2026-01-20,jip,Leapmotor,B10,grey,electric,Rakan Niaga
2026-01-20,jip,Leapmotor,C10,grey,electric,Rakan Niaga
2026-01-20,jip,Lexus,RZ,white,electric,Rakan Niaga
2026-01-20,jip,Lexus,RZ,white,electric,Johor
2026-01-20,jip,Lexus,RZ,brown,electric,Rakan Niaga
2026-01-20,jip,Mercedes Benz,EQA,white,electric,Rakan Niaga
2026-01-20,motokar,Mercedes Benz,EQS,silver,electric,Rakan Niaga
2026-01-20,motokar,Mercedes Benz,EQS,silver,electric,Pulau Pinang
2026-01-20,motokar,MG,MG4,red,electric,Rakan Niaga
2026-01-20,motokar,MG,MG4,black,electric,Rakan Niaga
2026-01-20,motokar,MG,S5,silver,electric,Rakan Niaga
2026-01-20,jip,Mini,Countryman,grey,electric,W.P. Kuala Lumpur
2026-01-20,jip,Neta,X,white,electric,Sabah
2026-01-20,motokar,Proton,e.MAS 5,pink,electric,Rakan Niaga
2026-01-20,motokar,Proton,e.MAS 5,silver,electric,Rakan Niaga
2026-01-20,motokar,Proton,e.MAS 5,grey,electric,Rakan Niaga
2026-01-20,motokar,Proton,e.MAS 5,white,electric,Rakan Niaga
2026-01-20,motokar,Proton,e.MAS 5,yellow,electric,Rakan Niaga
2026-01-20,motokar,Proton,e.MAS 5,white,electric,W.P. Kuala Lumpur
2026-01-20,motokar,Proton,e.MAS 5,yellow,electric,Johor
2026-01-20,motokar,Proton,e.MAS 5,pink,electric,W.P. Kuala Lumpur
2026-01-20,motokar,Proton,e.MAS 5,yellow,electric,Melaka
2026-01-20,motokar,Proton,e.MAS 5,white,electric,Johor
2026-01-20,motokar,Proton,e.MAS 5,silver,electric,Selangor
2026-01-20,motokar,Proton,e.MAS 5,grey,electric,Selangor
2026-01-20,motokar,Proton,e.MAS 5,pink,electric,Kedah
2026-01-20,motokar,Proton,e.MAS 5,grey,electric,W.P. Kuala Lumpur
2026-01-20,motokar,Proton,e.MAS 5,white,electric,Selangor
2026-01-20,motokar,Proton,e.MAS 5,yellow,electric,W.P. Kuala Lumpur
2026-01-20,motokar,Proton,e.MAS 5,white,electric,Kedah
2026-01-20,motokar,Proton,e.MAS 5,yellow,electric,Selangor
2026-01-20,motokar,Proton,e.MAS 5,pink,electric,Melaka
2026-01-20,jip,Proton,e.MAS 7,grey,electric,Rakan Niaga
2026-01-20,jip,Proton,e.MAS 7,white,electric,W.P. Kuala Lumpur
2026-01-20,jip,Proton,e.MAS 7,green,electric,Rakan Niaga
2026-01-20,jip,Proton,e.MAS 7,white,electric,Rakan Niaga
2026-01-20,jip,Smart,Brabus,beige,electric,Rakan Niaga
2026-01-20,jip,Smart,Brabus,black,electric,Rakan Niaga
2026-01-20,motokar,Tesla,Model 3,red,electric,Rakan Niaga
2026-01-20,motokar,Tesla,Model 3,black,electric,Rakan Niaga
2026-01-20,motokar,Tesla,Model 3,grey,electric,Rakan Niaga
2026-01-20,motokar,Tesla,Model Y,grey,electric,Rakan Niaga
2026-01-20,motokar,Tesla,Model Y,red,electric,Rakan Niaga
2026-01-20,jip,Volvo,EX30,blue,electric,Rakan Niaga
2026-01-20,jip,Volvo,EX90,white,electric,Rakan Niaga
2026-01-20,window_van,Xpeng,X9,white,electric,Rakan Niaga
2026-01-20,jip,Zeekr,7X,grey,electric,Rakan Niaga
2026-01-20,jip,Zeekr,7X,black,electric,Rakan Niaga
2026-01-20,jip,Zeekr,7X,blue,electric,Pulau Pinang
2026-01-20,jip,Zeekr,7X,blue,electric,Rakan Niaga
2026-01-20,jip,Zeekr,7X,grey,electric,W.P. Kuala Lumpur
2026-01-20,jip,Zeekr,7X,green,electric,Rakan Niaga
2026-01-20,jip,Zeekr,7X,white,electric,Rakan Niaga
2026-01-20,jip,Zeekr,7X,green,electric,W.P. Kuala Lumpur
2026-01-21,jip,BMW,iX,black,electric,Kelantan
2026-01-21,jip,BYD,Atto 2,white,electric,Johor
2026-01-21,jip,BYD,Atto 2,grey,electric,Rakan Niaga
2026-01-21,jip,BYD,Atto 2,green,electric,Rakan Niaga
2026-01-21,jip,BYD,Atto 3,grey,electric,Rakan Niaga
2026-01-21,jip,BYD,Atto 3,black,electric,Pahang
2026-01-21,jip,BYD,Atto 3,grey,electric,W.P. Kuala Lumpur
2026-01-21,jip,BYD,Atto 3,grey,electric,Pahang
2026-01-21,jip,BYD,Atto 3,white,electric,Rakan Niaga
2026-01-21,jip,BYD,Atto 3,black,electric,Rakan Niaga
2026-01-21,motokar_pelbagai_utiliti,BYD,M6,blue,electric,Rakan Niaga
2026-01-21,motokar,BYD,M6,blue,electric,Rakan Niaga
2026-01-21,motokar,BYD,Seal 6,white,electric,Pahang
2026-01-21,motokar,BYD,Seal 6,blue,electric,Rakan Niaga
2026-01-21,motokar,BYD,Seal 6,white,electric,Rakan Niaga
2026-01-21,motokar,BYD,Seal 6,grey,electric,Rakan Niaga
2026-01-21,jip,BYD,Sealion,black,electric,Rakan Niaga
2026-01-21,jip,BYD,Sealion,grey,electric,Rakan Niaga
2026-01-21,jip,BYD,Sealion,white,electric,Rakan Niaga
2026-01-21,jip,Chery,iCaur 03,black,electric,Rakan Niaga
2026-01-21,jip,Chery,iCaur 03,white,electric,W.P. Kuala Lumpur
2026-01-21,jip,Chery,iCaur 03,green,electric,Rakan Niaga
2026-01-21,jip,Chery,iCaur 03,white,electric,Rakan Niaga
2026-01-21,jip,Chery,iCaur 03,white,electric,Pulau Pinang
2026-01-21,jip,Chery,iCaur V23,white,electric,Rakan Niaga
2026-01-21,jip,Chery,iCaur V23,orange,electric,Rakan Niaga
2026-01-21,jip,Chery,iCaur V23,black,electric,Johor
2026-01-21,jip,Chery,iCaur V23,green,electric,Rakan Niaga
2026-01-21,jip,Chery,iCaur V23,green,electric,W.P. Kuala Lumpur
2026-01-21,jip,Chery,iCaur V23,silver,electric,Pulau Pinang
2026-01-21,jip,Chery,iCaur V23,grey,electric,Rakan Niaga
2026-01-21,motokar,Dong Feng,Box E3,purple,electric,Rakan Niaga
2026-01-21,motokar,Dong Feng,Box E3,blue,electric,Rakan Niaga
2026-01-21,motokar,Great Wall,Ora,black,electric,Rakan Niaga
2026-01-21,motokar,Great Wall,Ora,black,electric,Selangor
2026-01-21,motokar,Great Wall,Ora,black,electric,W.P. Kuala Lumpur
2026-01-21,motokar,Great Wall,Ora,grey,electric,Perak
2026-01-21,motokar,Great Wall,Ora,grey,electric,Rakan Niaga
2026-01-21,jip,Leapmotor,B10,grey,electric,Rakan Niaga
2026-01-21,jip,Leapmotor,C10,green,electric,Johor
2026-01-21,jip,Leapmotor,C10,green,electric,Rakan Niaga
2026-01-21,jip,Lexus,RZ,white,electric,Selangor
2026-01-21,motokar,Mercedes Benz,EQS,silver,electric,Johor
2026-01-21,motokar,Mercedes Benz,EQS,black,electric,Negeri Sembilan
2026-01-21,motokar,Mercedes Benz,EQS,grey,electric,Rakan Niaga
2026-01-21,motokar,Mercedes Benz,EQS,grey,electric,Negeri Sembilan
2026-01-21,motokar,MG,MG4,grey,electric,Rakan Niaga
2026-01-21,motokar,MG,MG4,orange,electric,W.P. Kuala Lumpur
2026-01-21,motokar,MG,MG4,white,electric,Rakan Niaga
2026-01-21,motokar,MG,S5,red,electric,Rakan Niaga
2026-01-21,motokar,MG,S5,grey,electric,Rakan Niaga
2026-01-21,jip,Mini,Aceman,silver,electric,Rakan Niaga
2026-01-21,motokar,Mini,Cooper,white,electric,Rakan Niaga
2026-01-21,jip,Mini,Countryman,grey,electric,Perak
2026-01-21,motokar,Proton,e.MAS 5,white,electric,Rakan Niaga
2026-01-21,motokar,Proton,e.MAS 5,silver,electric,Rakan Niaga
2026-01-21,motokar,Proton,e.MAS 5,yellow,electric,Rakan Niaga
2026-01-21,motokar,Proton,e.MAS 5,pink,electric,Rakan Niaga
2026-01-21,motokar,Proton,e.MAS 5,yellow,electric,W.P. Kuala Lumpur
2026-01-21,motokar,Proton,e.MAS 5,grey,electric,Kelantan
2026-01-21,motokar,Proton,e.MAS 5,grey,electric,Rakan Niaga
2026-01-21,motokar,Proton,e.MAS 5,silver,electric,Terengganu
2026-01-21,motokar,Proton,e.MAS 5,yellow,electric,Selangor
2026-01-21,motokar,Proton,e.MAS 5,pink,electric,Selangor
2026-01-21,motokar,Proton,e.MAS 5,silver,electric,W.P. Kuala Lumpur
2026-01-21,motokar,Proton,e.MAS 5,pink,electric,W.P. Kuala Lumpur
2026-01-21,motokar,Proton,e.MAS 5,white,electric,Melaka
2026-01-21,motokar,Proton,e.MAS 5,pink,electric,Pulau Pinang
2026-01-21,motokar,Proton,e.MAS 5,grey,electric,Selangor
2026-01-21,motokar,Proton,e.MAS 5,silver,electric,Melaka
2026-01-21,jip,Proton,e.MAS 7,silver,electric,Rakan Niaga
2026-01-21,jip,Proton,e.MAS 7,grey,electric,Rakan Niaga
2026-01-21,jip,Proton,e.MAS 7,white,electric,Rakan Niaga
2026-01-21,jip,Proton,e.MAS 7,white,electric,W.P. Kuala Lumpur
2026-01-21,jip,Proton,e.MAS 7,silver,electric,Pulau Pinang
2026-01-21,jip,Proton,e.MAS 7,silver,electric,Selangor
2026-01-21,jip,Smart,Brabus,white,electric,Rakan Niaga
2026-01-21,jip,Smart,Brabus,grey,electric,Pulau Pinang
2026-01-21,jip,Smart,Brabus,red,electric,Rakan Niaga
2026-01-21,motokar,Tesla,Model 3,grey,electric,Selangor
2026-01-21,motokar,Tesla,Model 3,grey,electric,Rakan Niaga
2026-01-21,motokar,Tesla,Model Y,grey,electric,Selangor
2026-01-21,motokar,Tesla,Model Y,grey,electric,Rakan Niaga
2026-01-21,motokar,Tesla,Model Y,silver,electric,W.P. Kuala Lumpur
2026-01-21,motokar,Tesla,Model Y,silver,electric,Rakan Niaga
2026-01-21,motokar,Tesla,Model Y,white,electric,Selangor
2026-01-21,motokar,Volvo,ES90,grey,electric,Rakan Niaga
2026-01-21,motokar,Volvo,ES90,blue,electric,Rakan Niaga
2026-01-21,jip,Xpeng,G6,white,electric,Rakan Niaga
2026-01-21,jip,Xpeng,G6,purple,electric,Rakan Niaga
2026-01-21,window_van,Zeekr,009,black,electric,W.P. Kuala Lumpur
2026-01-21,jip,Zeekr,7X,grey,electric,Rakan Niaga
2026-01-21,jip,Zeekr,7X,black,electric,Johor
2026-01-21,jip,Zeekr,7X,blue,electric,W.P. Kuala Lumpur
2026-01-21,jip,Zeekr,7X,grey,electric,W.P. Kuala Lumpur
2026-01-21,jip,Zeekr,7X,black,electric,W.P. Kuala Lumpur
2026-01-21,jip,Zeekr,7X,green,electric,Rakan Niaga
2026-01-21,jip,Zeekr,7X,grey,electric,Selangor
2026-01-22,jip,BMW,iX2,white,electric,Rakan Niaga
2026-01-22,jip,BMW,iX2,black,electric,Rakan Niaga
2026-01-22,jip,BMW,iX2,grey,electric,Selangor
2026-01-22,jip,BYD,Atto 2,green,electric,Rakan Niaga
2026-01-22,jip,BYD,Atto 3,white,electric,Rakan Niaga
2026-01-22,jip,BYD,Atto 3,grey,electric,Rakan Niaga
2026-01-22,jip,BYD,Atto 3,black,electric,W.P. Kuala Lumpur
2026-01-22,jip,BYD,Atto 3,black,electric,Rakan Niaga
2026-01-22,jip,BYD,Atto 3,black,electric,Johor
2026-01-22,motokar,BYD,Seal 6,white,electric,Rakan Niaga
2026-01-22,motokar,BYD,Seal 6,blue,electric,Rakan Niaga
2026-01-22,motokar,BYD,Seal 6,blue,electric,Johor
2026-01-22,motokar,BYD,Seal 6,grey,electric,Rakan Niaga
2026-01-22,jip,BYD,Sealion,white,electric,Rakan Niaga
2026-01-22,jip,BYD,Sealion,black,electric,Rakan Niaga
2026-01-22,jip,BYD,Sealion,white,electric,Sarawak
2026-01-22,jip,BYD,Sealion,grey,electric,Rakan Niaga
2026-01-22,jip,Chery,iCaur 03,black,electric,W.P. Kuala Lumpur
2026-01-22,jip,Chery,iCaur 03,black,electric,Rakan Niaga
2026-01-22,jip,Chery,iCaur 03,silver,electric,Rakan Niaga
2026-01-22,jip,Chery,iCaur 03,green,electric,Rakan Niaga
2026-01-22,jip,Chery,iCaur V23,green,electric,Rakan Niaga
2026-01-22,jip,Chery,iCaur V23,black,electric,Rakan Niaga
2026-01-22,jip,Chery,iCaur V23,black,electric,W.P. Kuala Lumpur
2026-01-22,jip,Chery,iCaur V23,white,electric,Rakan Niaga
2026-01-22,jip,Chery,iCaur V23,grey,electric,Rakan Niaga
2026-01-22,jip,Chery,Omoda 5,white,electric,Rakan Niaga
2026-01-22,motokar,Dong Feng,Box E3,white,electric,Rakan Niaga
2026-01-22,motokar,Dong Feng,Box E3,white,electric,Pahang
2026-01-22,motokar,Great Wall,Ora,grey,electric,W.P. Kuala Lumpur
2026-01-22,motokar,Great Wall,Ora,green,electric,Rakan Niaga
2026-01-22,jip,Leapmotor,B10,black,electric,Selangor
2026-01-22,jip,Leapmotor,B10,grey,electric,Rakan Niaga
2026-01-22,jip,Leapmotor,B10,grey,electric,W.P. Kuala Lumpur
2026-01-22,jip,Leapmotor,B10,purple,electric,Selangor
2026-01-22,jip,Leapmotor,C10,white,electric,Rakan Niaga
2026-01-22,jip,Lexus,RZ,brown,electric,Rakan Niaga
2026-01-22,motokar,Mercedes Benz,EQS,black,electric,Pulau Pinang
2026-01-22,motokar,Mercedes Benz,EQS,silver,electric,Pulau Pinang
2026-01-22,motokar,Mercedes Benz,EQS,grey,electric,Johor
2026-01-22,motokar,MG,Cyberster,beige,electric,Rakan Niaga
2026-01-22,motokar,MG,MG4,black,electric,Rakan Niaga
2026-01-22,motokar,MG,MG4,orange,electric,Rakan Niaga
2026-01-22,motokar,MG,MG4,grey,electric,Rakan Niaga
2026-01-22,motokar,MG,MG4,blue,electric,Rakan Niaga
2026-01-22,motokar,MG,S5,grey,electric,Rakan Niaga
2026-01-22,motokar,MG,S5,white,electric,Rakan Niaga
2026-01-22,motokar,MG,S5,brown,electric,Rakan Niaga
2026-01-22,jip,Mini,Aceman,green,electric,Rakan Niaga
2026-01-22,motokar,Mini,Cooper,white,electric,Rakan Niaga
2026-01-22,motokar,Porsche,Taycan,grey,electric,Selangor
2026-01-22,motokar,Porsche,Taycan,grey,electric,Rakan Niaga
2026-01-22,motokar,Proton,e.MAS 5,pink,electric,Rakan Niaga
2026-01-22,motokar,Proton,e.MAS 5,silver,electric,Rakan Niaga
2026-01-22,motokar,Proton,e.MAS 5,yellow,electric,Rakan Niaga
2026-01-22,motokar,Proton,e.MAS 5,yellow,electric,Kedah
2026-01-22,motokar,Proton,e.MAS 5,grey,electric,Rakan Niaga
2026-01-22,motokar,Proton,e.MAS 5,white,electric,Rakan Niaga
2026-01-22,motokar,Proton,e.MAS 5,silver,electric,Pulau Pinang
2026-01-22,motokar,Proton,e.MAS 5,yellow,electric,Negeri Sembilan
2026-01-22,motokar,Proton,e.MAS 5,yellow,electric,W.P. Kuala Lumpur
2026-01-22,motokar,Proton,e.MAS 5,pink,electric,W.P. Kuala Lumpur
2026-01-22,motokar,Proton,e.MAS 5,white,electric,Terengganu
2026-01-22,motokar,Proton,e.MAS 5,grey,electric,Johor
2026-01-22,motokar,Proton,e.MAS 5,pink,electric,Johor
2026-01-22,motokar,Proton,e.MAS 5,white,electric,W.P. Kuala Lumpur
2026-01-22,motokar,Proton,e.MAS 5,grey,electric,Melaka
2026-01-22,jip,Proton,e.MAS 7,white,electric,Rakan Niaga
2026-01-22,jip,Proton,e.MAS 7,black,electric,Melaka
2026-01-22,jip,Proton,e.MAS 7,silver,electric,Rakan Niaga
2026-01-22,motokar,Tesla,Model 3,grey,electric,W.P. Kuala Lumpur
2026-01-22,motokar,Tesla,Model 3,grey,electric,Rakan Niaga
2026-01-22,motokar,Tesla,Model 3,silver,electric,Rakan Niaga
2026-01-22,motokar,Tesla,Model Y,grey,electric,Rakan Niaga
2026-01-22,motokar,Tesla,Model Y,black,electric,W.P. Kuala Lumpur
2026-01-22,motokar,Tesla,Model Y,blue,electric,W.P. Kuala Lumpur
2026-01-22,motokar,Tesla,Model Y,silver,electric,W.P. Kuala Lumpur
2026-01-22,jip,Volvo,EX30,white,electric,Rakan Niaga
2026-01-22,jip,Xpeng,G6,white,electric,Rakan Niaga
2026-01-22,window_van,Xpeng,X9,white,electric,Rakan Niaga
2026-01-22,window_van,Zeekr,009,black,electric,W.P. Kuala Lumpur
2026-01-22,window_van,Zeekr,009,white,electric,W.P. Kuala Lumpur
2026-01-22,window_van,Zeekr,009,black,electric,Rakan Niaga
2026-01-22,jip,Zeekr,7X,black,electric,Rakan Niaga
2026-01-22,jip,Zeekr,7X,grey,electric,W.P. Kuala Lumpur
2026-01-22,jip,Zeekr,7X,black,electric,W.P. Kuala Lumpur
2026-01-22,jip,Zeekr,7X,grey,electric,Rakan Niaga
2026-01-22,jip,Zeekr,7X,blue,electric,Johor
2026-01-22,jip,Zeekr,7X,grey,electric,Selangor
2026-01-22,jip,Zeekr,X,white,electric,Rakan Niaga
2026-01-23,motokar,BMW,i4,green,electric,Rakan Niaga
2026-01-23,jip,BYD,Atto 2,green,electric,Rakan Niaga
2026-01-23,jip,BYD,Atto 2,grey,electric,Rakan Niaga
2026-01-23,jip,BYD,Atto 3,black,electric,Rakan Niaga
2026-01-23,jip,BYD,Atto 3,white,electric,Rakan Niaga
2026-01-23,jip,BYD,Atto 3,grey,electric,Rakan Niaga
2026-01-23,motokar,BYD,M6,grey,electric,Rakan Niaga
2026-01-23,motokar_pelbagai_utiliti,BYD,M6,blue,electric,Rakan Niaga
2026-01-23,motokar,BYD,Seal 6,grey,electric,Rakan Niaga
2026-01-23,motokar,BYD,Seal 6,white,electric,Rakan Niaga
2026-01-23,motokar,BYD,Seal 6,blue,electric,Rakan Niaga
2026-01-23,motokar,BYD,Seal,white,electric,Rakan Niaga
2026-01-23,motokar,BYD,Seal,grey,electric,W.P. Kuala Lumpur
2026-01-23,jip,BYD,Sealion,grey,electric,Rakan Niaga
2026-01-23,jip,BYD,Sealion,grey,electric,W.P. Kuala Lumpur
2026-01-23,jip,BYD,Sealion,black,electric,Sarawak
2026-01-23,jip,BYD,Sealion,white,electric,Rakan Niaga
2026-01-23,jip,BYD,Sealion,white,electric,Selangor
2026-01-23,jip,Chery,iCaur 03,black,electric,Melaka
2026-01-23,jip,Chery,iCaur 03,grey,electric,Rakan Niaga
2026-01-23,jip,Chery,iCaur 03,green,electric,Rakan Niaga
2026-01-23,jip,Chery,iCaur 03,black,electric,W.P. Kuala Lumpur
2026-01-23,jip,Chery,iCaur 03,white,electric,Rakan Niaga
2026-01-23,jip,Chery,iCaur 03,black,electric,Rakan Niaga
2026-01-23,jip,Chery,iCaur V23,black,electric,Rakan Niaga
2026-01-23,jip,Chery,iCaur V23,white,electric,Pahang
2026-01-23,jip,Chery,iCaur V23,grey,electric,Rakan Niaga
2026-01-23,jip,Chery,iCaur V23,orange,electric,Rakan Niaga
2026-01-23,jip,Chery,iCaur V23,black,electric,Johor
2026-01-23,jip,Chery,iCaur V23,green,electric,Rakan Niaga
2026-01-23,window_van,Denza,D9,blue,electric,Rakan Niaga
2026-01-23,window_van,Denza,D9,black,electric,W.P. Kuala Lumpur
2026-01-23,motokar,Dong Feng,Box E3,silver,electric,Rakan Niaga
2026-01-23,motokar,Dong Feng,Box E3,blue,electric,Pulau Pinang
2026-01-23,motokar,Dong Feng,Box E3,white,electric,Rakan Niaga
2026-01-23,motokar,Great Wall,Ora,white,electric,W.P. Kuala Lumpur
2026-01-23,motokar,Great Wall,Ora,white,electric,Rakan Niaga
2026-01-23,motokar,Great Wall,Ora,black,electric,Rakan Niaga
2026-01-23,motokar,Great Wall,Ora,grey,electric,Negeri Sembilan
2026-01-23,motokar,Great Wall,Ora,grey,electric,Rakan Niaga
2026-01-23,jip,Leapmotor,B10,black,electric,Selangor
2026-01-23,jip,Leapmotor,B10,grey,electric,Rakan Niaga
2026-01-23,jip,Leapmotor,B10,blue,electric,Rakan Niaga
2026-01-23,jip,Leapmotor,B10,purple,electric,Rakan Niaga
2026-01-23,jip,Leapmotor,B10,grey,electric,Selangor
2026-01-23,jip,Leapmotor,B10,white,electric,Rakan Niaga
2026-01-23,jip,Leapmotor,C10,grey,electric,Rakan Niaga
2026-01-23,jip,Leapmotor,C10,grey,electric,Selangor
2026-01-23,jip,Lexus,RZ,brown,electric,Rakan Niaga
2026-01-23,motokar,Mercedes Benz,EQS,silver,electric,Johor
2026-01-23,motokar,Mercedes Benz,EQS,grey,electric,Rakan Niaga
2026-01-23,motokar,Mercedes Benz,EQS,silver,electric,Rakan Niaga
2026-01-23,motokar,Mercedes Benz,EQS,grey,electric,W.P. Kuala Lumpur
2026-01-23,motokar,Mercedes Benz,EQS,black,electric,Rakan Niaga
2026-01-23,motokar,MG,MG4,red,electric,Rakan Niaga
2026-01-23,motokar,MG,S5,silver,electric,Rakan Niaga
2026-01-23,motokar,MG,S5,red,electric,Rakan Niaga
2026-01-23,motokar,MG,S5,grey,electric,Rakan Niaga
2026-01-23,motokar,Porsche,Taycan,white,electric,Selangor
2026-01-23,motokar,Porsche,Taycan,blue,electric,Rakan Niaga
2026-01-23,motokar,Proton,e.MAS 5,silver,electric,Rakan Niaga
2026-01-23,motokar,Proton,e.MAS 5,pink,electric,Rakan Niaga
2026-01-23,motokar,Proton,e.MAS 5,yellow,electric,Rakan Niaga
2026-01-23,motokar,Proton,e.MAS 5,grey,electric,Rakan Niaga
2026-01-23,motokar,Proton,e.MAS 5,white,electric,Rakan Niaga
2026-01-23,motokar,Proton,e.MAS 5,white,electric,Perak
2026-01-23,motokar,Proton,e.MAS 5,silver,electric,Melaka
2026-01-23,motokar,Proton,e.MAS 5,silver,electric,Pulau Pinang
2026-01-23,motokar,Proton,e.MAS 5,silver,electric,Johor
2026-01-23,motokar,Proton,e.MAS 5,silver,electric,Selangor
2026-01-23,motokar,Proton,e.MAS 5,grey,electric,W.P. Kuala Lumpur
2026-01-23,motokar,Proton,e.MAS 5,yellow,electric,Pulau Pinang
2026-01-23,motokar,Proton,e.MAS 5,grey,electric,Johor
2026-01-23,motokar,Proton,e.MAS 5,yellow,electric,W.P. Kuala Lumpur
2026-01-23,motokar,Proton,e.MAS 5,pink,electric,Pahang
2026-01-23,motokar,Proton,e.MAS 5,pink,electric,Pulau Pinang
2026-01-23,motokar,Proton,e.MAS 5,pink,electric,Johor
2026-01-23,motokar,Proton,e.MAS 5,white,electric,Negeri Sembilan
2026-01-23,motokar,Proton,e.MAS 5,white,electric,Johor
2026-01-23,jip,Proton,e.MAS 7,white,electric,Rakan Niaga
2026-01-23,jip,Proton,e.MAS 7,green,electric,Rakan Niaga
2026-01-23,jip,Proton,e.MAS 7,pink,electric,Rakan Niaga
2026-01-23,jip,Proton,e.MAS 7,grey,electric,Rakan Niaga
2026-01-23,jip,Proton,e.MAS 7,grey,electric,Johor
2026-01-23,jip,Proton,e.MAS 7,silver,electric,Rakan Niaga
2026-01-23,jip,Proton,e.MAS 7,silver,electric,W.P. Kuala Lumpur
2026-01-23,motokar,Rolls Royce,Spectre,black,electric,Rakan Niaga
2026-01-23,jip,Smart,Brabus,beige,electric,Perak
2026-01-23,motokar,Tesla,Model 3,white,electric,W.P. Kuala Lumpur
2026-01-23,motokar,Tesla,Model 3,white,electric,Pulau Pinang
2026-01-23,motokar,TQ Wuling,Bingo,purple,electric,Rakan Niaga
2026-01-23,motokar,TQ Wuling,Bingo,white,electric,Rakan Niaga
2026-01-23,motokar,TQ Wuling,Bingo,blue,electric,Rakan Niaga
2026-01-23,jip,Volvo,EC40,white,electric,Rakan Niaga
2026-01-23,jip,Xpeng,G6,purple,electric,Rakan Niaga
2026-01-23,window_van,Xpeng,X9,white,electric,Selangor
2026-01-23,window_van,Xpeng,X9,grey,electric,W.P. Kuala Lumpur
2026-01-23,window_van,Xpeng,X9,black,electric,Selangor
2026-01-23,window_van,Zeekr,009,black,electric,W.P. Kuala Lumpur
2026-01-23,window_van,Zeekr,009,black,electric,Rakan Niaga
2026-01-23,window_van,Zeekr,009,white,electric,W.P. Kuala Lumpur
2026-01-23,jip,Zeekr,7X,grey,electric,Rakan Niaga
2026-01-23,jip,Zeekr,7X,white,electric,W.P. Kuala Lumpur
2026-01-23,jip,Zeekr,7X,green,electric,Rakan Niaga
2026-01-23,jip,Zeekr,7X,grey,electric,Selangor
2026-01-23,jip,Zeekr,7X,black,electric,W.P. Kuala Lumpur
2026-01-23,jip,Zeekr,7X,green,electric,W.P. Kuala Lumpur
2026-01-23,jip,Zeekr,7X,white,electric,Rakan Niaga
2026-01-24,jip,BYD,Atto 3,white,electric,Rakan Niaga
2026-01-24,jip,BYD,Atto 3,black,electric,Rakan Niaga
2026-01-24,jip,BYD,Atto 3,grey,electric,Rakan Niaga
2026-01-24,motokar,BYD,Seal 6,grey,electric,Rakan Niaga
2026-01-24,motokar,BYD,Seal 6,blue,electric,Rakan Niaga
2026-01-24,jip,BYD,Sealion,grey,electric,Rakan Niaga
2026-01-24,jip,BYD,Sealion,white,electric,Rakan Niaga
2026-01-24,jip,BYD,Sealion,black,electric,Rakan Niaga
2026-01-24,jip,Chery,iCaur 03,silver,electric,Rakan Niaga
2026-01-24,jip,Chery,iCaur V23,black,electric,Rakan Niaga
2026-01-24,jip,Chery,iCaur V23,green,electric,Rakan Niaga
2026-01-24,jip,Chery,iCaur V23,orange,electric,Rakan Niaga
2026-01-24,jip,Chery,iCaur V23,silver,electric,Rakan Niaga
2026-01-24,jip,Chery,Omoda 5,white,electric,Rakan Niaga
2026-01-24,window_van,Denza,D9,blue,electric,Rakan Niaga
2026-01-24,jip,Leapmotor,B10,grey,electric,Rakan Niaga
2026-01-24,motokar,MG,S5,red,electric,Rakan Niaga
2026-01-24,motokar,Proton,e.MAS 5,silver,electric,Rakan Niaga
2026-01-24,motokar,Proton,e.MAS 5,yellow,electric,Rakan Niaga
2026-01-24,motokar,Proton,e.MAS 5,white,electric,Rakan Niaga
2026-01-24,motokar,Proton,e.MAS 5,pink,electric,Rakan Niaga
2026-01-24,motokar,Proton,e.MAS 5,grey,electric,Rakan Niaga
2026-01-24,jip,Proton,e.MAS 7,grey,electric,Rakan Niaga
2026-01-24,jip,Proton,e.MAS 7,silver,electric,Rakan Niaga
2026-01-24,jip,Proton,e.MAS 7,pink,electric,Rakan Niaga
2026-01-24,jip,Proton,e.MAS 7,white,electric,Rakan Niaga
2026-01-24,motokar,Tesla,Model 3,grey,electric,Rakan Niaga
2026-01-24,jip,Xpeng,G6,grey,electric,Rakan Niaga
2026-01-24,jip,Zeekr,7X,white,electric,Rakan Niaga
2026-01-25,jip,BYD,Atto 3,grey,electric,Rakan Niaga
2026-01-25,jip,BYD,Atto 3,white,electric,Rakan Niaga
2026-01-25,jip,BYD,Sealion,grey,electric,Rakan Niaga
2026-01-25,jip,Chery,iCaur V23,white,electric,Rakan Niaga
2026-01-25,motokar,MG,MG4,red,electric,Rakan Niaga
2026-01-25,motokar,MG,S5,red,electric,Rakan Niaga
2026-01-25,motokar,Proton,e.MAS 5,white,electric,Rakan Niaga
2026-01-25,motokar,Proton,e.MAS 5,yellow,electric,Rakan Niaga
2026-01-25,motokar,Proton,e.MAS 5,pink,electric,Rakan Niaga
2026-01-25,motokar,Proton,e.MAS 5,silver,electric,Rakan Niaga
2026-01-25,window_van,Zeekr,009,titanium,electric,Kedah
2026-01-26,motokar,BMW,i4,grey,electric,W.P. Kuala Lumpur
2026-01-26,jip,BMW,iX2,grey,electric,Selangor
2026-01-26,jip,BYD,Atto 2,white,electric,Rakan Niaga
2026-01-26,jip,BYD,Atto 2,grey,electric,Rakan Niaga
2026-01-26,jip,BYD,Atto 2,green,electric,Rakan Niaga
2026-01-26,jip,BYD,Atto 3,grey,electric,Rakan Niaga
2026-01-26,jip,BYD,Atto 3,white,electric,Rakan Niaga
2026-01-26,jip,BYD,Atto 3,black,electric,Rakan Niaga
2026-01-26,motokar,BYD,M6,grey,electric,Rakan Niaga
2026-01-26,motokar,BYD,M6,white,electric,Rakan Niaga
2026-01-26,motokar_pelbagai_utiliti,BYD,M6,grey,electric,Rakan Niaga
2026-01-26,motokar,BYD,M6,grey,electric,W.P. Kuala Lumpur
2026-01-26,motokar,BYD,M6,blue,electric,Rakan Niaga
2026-01-26,motokar,BYD,Seal 6,blue,electric,Rakan Niaga
2026-01-26,motokar,BYD,Seal 6,grey,electric,Rakan Niaga
2026-01-26,motokar,BYD,Seal 6,white,electric,Rakan Niaga
2026-01-26,motokar,BYD,Seal 6,grey,electric,Sarawak
2026-01-26,jip,BYD,Sealion,black,electric,Rakan Niaga
2026-01-26,jip,BYD,Sealion,black,electric,Pulau Pinang
2026-01-26,jip,BYD,Sealion,black,electric,Terengganu
2026-01-26,jip,BYD,Sealion,grey,electric,Rakan Niaga
2026-01-26,jip,BYD,Sealion,white,electric,Rakan Niaga
2026-01-26,jip,BYD,Sealion,black,electric,Selangor
2026-01-26,jip,Chery,iCaur 03,black,electric,Rakan Niaga
2026-01-26,jip,Chery,iCaur 03,white,electric,Rakan Niaga
2026-01-26,jip,Chery,iCaur 03,green,electric,Rakan Niaga
2026-01-26,jip,Chery,iCaur 03,white,electric,W.P. Kuala Lumpur
2026-01-26,jip,Chery,iCaur 03,silver,electric,Rakan Niaga
2026-01-26,jip,Chery,iCaur 03,silver,electric,Perak
2026-01-26,jip,Chery,iCaur 03,grey,electric,Rakan Niaga
2026-01-26,jip,Chery,iCaur V23,silver,electric,Rakan Niaga
2026-01-26,jip,Chery,iCaur V23,black,electric,Rakan Niaga
2026-01-26,jip,Chery,iCaur V23,orange,electric,Rakan Niaga
2026-01-26,jip,Chery,iCaur V23,green,electric,Rakan Niaga
2026-01-26,jip,Chery,iCaur V23,orange,electric,Selangor
2026-01-26,window_van,Denza,D9,black,electric,Rakan Niaga
2026-01-26,window_van,Denza,D9,blue,electric,Rakan Niaga
2026-01-26,motokar,Dong Feng,Box E3,silver,electric,Rakan Niaga
2026-01-26,motokar,Dong Feng,Box E3,silver,electric,Kedah
2026-01-26,motokar,Great Wall,Ora,grey,electric,Rakan Niaga
2026-01-26,jip,Leapmotor,B10,grey,electric,Selangor
2026-01-26,jip,Leapmotor,B10,grey,electric,W.P. Kuala Lumpur
2026-01-26,jip,Leapmotor,B10,blue,electric,Rakan Niaga
2026-01-26,jip,Leapmotor,B10,blue,electric,Selangor
2026-01-26,jip,Leapmotor,B10,purple,electric,Rakan Niaga
2026-01-26,jip,Leapmotor,B10,black,electric,Rakan Niaga
2026-01-26,jip,Leapmotor,C10,grey,electric,Rakan Niaga
2026-01-26,jip,Leapmotor,C10,white,electric,Rakan Niaga
2026-01-26,jip,Leapmotor,C10,green,electric,Rakan Niaga
2026-01-26,jip,Leapmotor,C10,white,electric,Melaka
2026-01-26,jip,Lexus,RZ,brown,electric,Rakan Niaga
2026-01-26,motokar,Mercedes Benz,EQS,silver,electric,Rakan Niaga
2026-01-26,motokar,Mercedes Benz,EQS,black,electric,W.P. Kuala Lumpur
2026-01-26,motokar,MG,Cyberster,red,electric,Rakan Niaga
2026-01-26,motokar,MG,MG4,orange,electric,W.P. Kuala Lumpur
2026-01-26,motokar,MG,MG4,black,electric,Rakan Niaga
2026-01-26,motokar,MG,S5,silver,electric,Sarawak
2026-01-26,motokar,MG,S5,white,electric,Rakan Niaga
2026-01-26,motokar,MG,S5,beige,electric,Rakan Niaga
2026-01-26,motokar,MG,S5,gold,electric,Rakan Niaga
2026-01-26,motokar,MG,S5,silver,electric,Rakan Niaga
2026-01-26,motokar,Proton,e.MAS 5,silver,electric,Rakan Niaga
2026-01-26,motokar,Proton,e.MAS 5,white,electric,Rakan Niaga
2026-01-26,motokar,Proton,e.MAS 5,yellow,electric,Rakan Niaga
2026-01-26,motokar,Proton,e.MAS 5,grey,electric,W.P. Kuala Lumpur
2026-01-26,motokar,Proton,e.MAS 5,white,electric,Johor
2026-01-26,motokar,Proton,e.MAS 5,grey,electric,Rakan Niaga
2026-01-26,motokar,Proton,e.MAS 5,silver,electric,Negeri Sembilan
2026-01-26,motokar,Proton,e.MAS 5,pink,electric,Selangor
2026-01-26,motokar,Proton,e.MAS 5,white,electric,Negeri Sembilan
2026-01-26,motokar,Proton,e.MAS 5,pink,electric,Rakan Niaga
2026-01-26,motokar,Proton,e.MAS 5,yellow,electric,Selangor
2026-01-26,motokar,Proton,e.MAS 5,yellow,electric,W.P. Kuala Lumpur
2026-01-26,motokar,Proton,e.MAS 5,yellow,electric,Sarawak
2026-01-26,motokar,Proton,e.MAS 5,pink,electric,Perak
2026-01-26,motokar,Proton,e.MAS 5,yellow,electric,Pahang
2026-01-26,motokar,Proton,e.MAS 5,silver,electric,Johor
2026-01-26,motokar,Proton,e.MAS 5,silver,electric,W.P. Kuala Lumpur
2026-01-26,motokar,Proton,e.MAS 5,pink,electric,W.P. Kuala Lumpur
2026-01-26,motokar,Proton,e.MAS 5,silver,electric,Pulau Pinang
2026-01-26,motokar,Proton,e.MAS 5,white,electric,Kedah
2026-01-26,motokar,Proton,e.MAS 5,pink,electric,Melaka
2026-01-26,motokar,Proton,e.MAS 5,pink,electric,Pulau Pinang
2026-01-26,motokar,Proton,e.MAS 5,silver,electric,Selangor
2026-01-26,motokar,Proton,e.MAS 5,grey,electric,Pulau Pinang
2026-01-26,jip,Proton,e.MAS 7,pink,electric,Rakan Niaga
2026-01-26,jip,Proton,e.MAS 7,grey,electric,Rakan Niaga
2026-01-26,jip,Proton,e.MAS 7,white,electric,Rakan Niaga
2026-01-26,jip,Proton,e.MAS 7,silver,electric,Rakan Niaga
2026-01-26,motokar,Rolls Royce,Spectre,blue,electric,Selangor
2026-01-26,jip,Smart,Brabus,black,electric,W.P. Kuala Lumpur
2026-01-26,jip,Smart,Brabus,red,electric,Rakan Niaga
2026-01-26,motokar,Tesla,Model 3,red,electric,W.P. Kuala Lumpur
2026-01-26,motokar,Tesla,Model 3,black,electric,Rakan Niaga
2026-01-26,motokar,Tesla,Model 3,grey,electric,Rakan Niaga
2026-01-26,motokar,Tesla,Model 3,red,electric,Rakan Niaga
2026-01-26,motokar,Tesla,Model 3,white,electric,Rakan Niaga
2026-01-26,motokar,Tesla,Model 3,grey,electric,Pulau Pinang
2026-01-26,motokar,Tesla,Model Y,silver,electric,W.P. Kuala Lumpur
2026-01-26,motokar,Tesla,Model Y,grey,electric,Rakan Niaga
2026-01-26,motokar,Tesla,Model Y,white,electric,Sarawak
2026-01-26,motokar,Tesla,Model Y,grey,electric,Johor
2026-01-26,motokar,TQ Wuling,Bingo,white,electric,Rakan Niaga
2026-01-26,motokar,Volvo,ES90,grey,electric,Rakan Niaga
2026-01-26,motokar,Volvo,ES90,blue,electric,Rakan Niaga
2026-01-26,jip,Volvo,EX30,blue,electric,Rakan Niaga
2026-01-26,window_van,Weststar Maxus,MIFA 9,grey,electric,Rakan Niaga
2026-01-26,jip,Xpeng,G6,grey,electric,Rakan Niaga
2026-01-26,jip,Xpeng,G6,purple,electric,Pulau Pinang
2026-01-26,jip,Xpeng,G6,purple,electric,Rakan Niaga
2026-01-26,window_van,Xpeng,X9,silver,electric,Rakan Niaga
2026-01-26,window_van,Xpeng,X9,black,electric,Pulau Pinang
2026-01-26,window_van,Xpeng,X9,black,electric,W.P. Kuala Lumpur
2026-01-26,window_van,Zeekr,009,black,electric,Selangor
2026-01-26,window_van,Zeekr,009,white,electric,W.P. Kuala Lumpur
2026-01-26,window_van,Zeekr,009,green,electric,W.P. Kuala Lumpur
2026-01-26,jip,Zeekr,7X,blue,electric,Pahang
2026-01-26,jip,Zeekr,7X,blue,electric,Rakan Niaga
2026-01-26,jip,Zeekr,7X,black,electric,Rakan Niaga
2026-01-26,jip,Zeekr,7X,grey,electric,W.P. Kuala Lumpur
2026-01-26,jip,Zeekr,7X,white,electric,W.P. Kuala Lumpur
2026-01-26,jip,Zeekr,7X,green,electric,Rakan Niaga
2026-01-26,jip,Zeekr,7X,black,electric,W.P. Kuala Lumpur
2026-01-26,jip,Zeekr,7X,grey,electric,Rakan Niaga
2026-01-27,jip,BMW,iX2,white,electric,Rakan Niaga
2026-01-27,jip,BYD,Atto 2,green,electric,Rakan Niaga
2026-01-27,jip,BYD,Atto 2,white,electric,Pulau Pinang
2026-01-27,jip,BYD,Atto 3,grey,electric,Rakan Niaga
2026-01-27,jip,BYD,Atto 3,black,electric,Rakan Niaga
2026-01-27,jip,BYD,Atto 3,black,electric,Terengganu
2026-01-27,jip,BYD,Atto 3,white,electric,Perak
2026-01-27,motokar_pelbagai_utiliti,BYD,M6,grey,electric,Rakan Niaga
2026-01-27,motokar,BYD,Seal 6,grey,electric,Rakan Niaga
2026-01-27,motokar,BYD,Seal 6,yellow,electric,W.P. Kuala Lumpur
2026-01-27,motokar,BYD,Seal 6,blue,electric,Rakan Niaga
2026-01-27,motokar,BYD,Seal 6,white,electric,Rakan Niaga
2026-01-27,motokar,BYD,Seal,grey,electric,Rakan Niaga
2026-01-27,jip,BYD,Sealion,white,electric,Rakan Niaga
2026-01-27,jip,BYD,Sealion,white,electric,W.P. Kuala Lumpur
2026-01-27,jip,BYD,Sealion,grey,electric,Rakan Niaga
2026-01-27,jip,BYD,Sealion,black,electric,Rakan Niaga
2026-01-27,jip,BYD,Sealion,grey,electric,Johor
2026-01-27,jip,Chery,iCaur 03,black,electric,Rakan Niaga
2026-01-27,jip,Chery,iCaur 03,green,electric,W.P. Kuala Lumpur
2026-01-27,jip,Chery,iCaur 03,grey,electric,Rakan Niaga
2026-01-27,jip,Chery,iCaur V23,green,electric,Selangor
2026-01-27,jip,Chery,iCaur V23,orange,electric,Rakan Niaga
2026-01-27,jip,Chery,iCaur V23,white,electric,W.P. Kuala Lumpur
2026-01-27,jip,Chery,iCaur V23,green,electric,Rakan Niaga
2026-01-27,jip,Chery,iCaur V23,black,electric,Rakan Niaga
2026-01-27,jip,Chery,iCaur V23,black,electric,Pahang
2026-01-27,jip,Chery,iCaur V23,white,electric,Rakan Niaga
2026-01-27,jip,Chery,iCaur V23,silver,electric,Sabah
2026-01-27,jip,Chery,iCaur V23,silver,electric,Rakan Niaga
2026-01-27,jip,Chery,iCaur V23,black,electric,Sarawak
2026-01-27,motokar,Dong Feng,Box E3,silver,electric,Selangor
2026-01-27,motokar,Dong Feng,Box E3,blue,electric,Rakan Niaga
2026-01-27,motokar,Great Wall,Ora,black,electric,Rakan Niaga
2026-01-27,motokar,Great Wall,Ora,grey,electric,Rakan Niaga
2026-01-27,motokar,Great Wall,Ora,black,electric,Johor
2026-01-27,jip,Leapmotor,B10,grey,electric,Rakan Niaga
2026-01-27,jip,Leapmotor,B10,purple,electric,Rakan Niaga
2026-01-27,jip,Leapmotor,B10,blue,electric,Selangor
2026-01-27,jip,Leapmotor,B10,purple,electric,Selangor
2026-01-27,jip,Leapmotor,C10,white,electric,Rakan Niaga
2026-01-27,motokar,Lotus,Emeya,grey,electric,W.P. Kuala Lumpur
2026-01-27,motokar,Mercedes Benz,EQS,silver,electric,Rakan Niaga
2026-01-27,motokar,Mercedes Benz,EQS,grey,electric,Johor
2026-01-27,motokar,Mercedes Benz,EQS,black,electric,W.P. Kuala Lumpur
2026-01-27,motokar,Mercedes Benz,EQS,grey,electric,W.P. Kuala Lumpur
2026-01-27,motokar,Mercedes Benz,EQS,silver,electric,W.P. Kuala Lumpur
2026-01-27,motokar,MG,MG4,grey,electric,Rakan Niaga
2026-01-27,motokar,MG,MG4,blue,electric,Rakan Niaga
2026-01-27,motokar,MG,MG4,orange,electric,Rakan Niaga
2026-01-27,motokar,MG,MG4,grey,electric,W.P. Kuala Lumpur
2026-01-27,motokar,MG,MG4,white,electric,Rakan Niaga
2026-01-27,motokar,MG,MG4,silver,electric,Selangor
2026-01-27,motokar,MG,MG4,white,electric,Johor
2026-01-27,motokar,MG,MG4,orange,electric,W.P. Kuala Lumpur
2026-01-27,motokar,MG,S5,grey,electric,Rakan Niaga
2026-01-27,motokar,MG,S5,gold,electric,Rakan Niaga
2026-01-27,motokar,MG,S5,silver,electric,Rakan Niaga
2026-01-27,motokar,MG,S5,gold,electric,Johor
2026-01-27,motokar,Mini,Cooper,white,electric,Pulau Pinang
2026-01-27,motokar,Mini,John Cooper Works,grey,electric,Selangor
2026-01-27,motokar,Neta,V,green,electric,Rakan Niaga
2026-01-27,motokar,Neta,V,blue,electric,Rakan Niaga
2026-01-27,motokar,Neta,V,white,electric,Rakan Niaga
2026-01-27,motokar,Neta,V,grey,electric,Rakan Niaga
2026-01-27,jip,Neta,X,white,electric,Rakan Niaga
2026-01-27,jip,Neta,X,grey,electric,Rakan Niaga
2026-01-27,motokar,Proton,e.MAS 5,silver,electric,Rakan Niaga
2026-01-27,motokar,Proton,e.MAS 5,grey,electric,Rakan Niaga
2026-01-27,motokar,Proton,e.MAS 5,yellow,electric,W.P. Kuala Lumpur
2026-01-27,motokar,Proton,e.MAS 5,pink,electric,Rakan Niaga
2026-01-27,motokar,Proton,e.MAS 5,yellow,electric,Rakan Niaga
2026-01-27,motokar,Proton,e.MAS 5,silver,electric,W.P. Kuala Lumpur
2026-01-27,motokar,Proton,e.MAS 5,white,electric,Rakan Niaga
2026-01-27,motokar,Proton,e.MAS 5,white,electric,Johor
2026-01-27,motokar,Proton,e.MAS 5,white,electric,Pulau Pinang
2026-01-27,motokar,Proton,e.MAS 5,pink,electric,Sarawak
2026-01-27,motokar,Proton,e.MAS 5,yellow,electric,Sarawak
2026-01-27,motokar,Proton,e.MAS 5,silver,electric,Selangor
2026-01-27,motokar,Proton,e.MAS 5,white,electric,W.P. Kuala Lumpur
2026-01-27,motokar,Proton,e.MAS 5,pink,electric,W.P. Kuala Lumpur
2026-01-27,jip,Proton,e.MAS 7,silver,electric,Rakan Niaga
2026-01-27,jip,Proton,e.MAS 7,pink,electric,Rakan Niaga
2026-01-27,jip,Proton,e.MAS 7,white,electric,Rakan Niaga
2026-01-27,jip,Proton,e.MAS 7,grey,electric,Rakan Niaga
2026-01-27,jip,Proton,e.MAS 7,green,electric,Rakan Niaga
2026-01-27,jip,Smart,Brabus,red,electric,W.P. Kuala Lumpur
2026-01-27,motokar,Tesla,Model 3,red,electric,Rakan Niaga
2026-01-27,motokar,Tesla,Model 3,black,electric,Rakan Niaga
2026-01-27,motokar,Tesla,Model 3,grey,electric,Rakan Niaga
2026-01-27,motokar,Tesla,Model Y,black,electric,Rakan Niaga
2026-01-27,motokar,Tesla,Model Y,grey,electric,Rakan Niaga
2026-01-27,motokar,Tesla,Model Y,white,electric,Rakan Niaga
2026-01-27,motokar,Tesla,Model Y,grey,electric,W.P. Kuala Lumpur
2026-01-27,motokar,Volvo,ES90,grey,electric,Rakan Niaga
2026-01-27,jip,Xpeng,G6,grey,electric,Rakan Niaga
2026-01-27,jip,Xpeng,G6,purple,electric,Rakan Niaga
2026-01-27,window_van,Xpeng,X9,silver,electric,Rakan Niaga
2026-01-27,window_van,Zeekr,009,black,electric,W.P. Kuala Lumpur
2026-01-27,window_van,Zeekr,009,blue,electric,Selangor
2026-01-27,window_van,Zeekr,009,black,electric,Rakan Niaga
2026-01-27,jip,Zeekr,7X,grey,electric,Rakan Niaga
2026-01-27,jip,Zeekr,7X,green,electric,Rakan Niaga
2026-01-27,jip,Zeekr,7X,grey,electric,W.P. Kuala Lumpur
2026-01-27,jip,Zeekr,7X,blue,electric,Rakan Niaga
2026-01-27,jip,Zeekr,7X,white,electric,Rakan Niaga
2026-01-27,jip,Zeekr,7X,black,electric,Rakan Niaga
2026-01-27,jip,Zeekr,7X,grey,electric,Selangor
2026-01-27,jip,Zeekr,7X,green,electric,W.P. Kuala Lumpur
2026-01-28,motokar,BMW,i4,grey,electric,Rakan Niaga
2026-01-28,motokar,BMW,i5,white,electric,Perak
2026-01-28,motokar,BMW,i7,grey,electric,Johor
2026-01-28,jip,BMW,iX,blue,electric,W.P. Kuala Lumpur
2026-01-28,jip,BYD,Atto 2,green,electric,Rakan Niaga
2026-01-28,jip,BYD,Atto 2,white,electric,Rakan Niaga
2026-01-28,jip,BYD,Atto 2,grey,electric,Rakan Niaga
2026-01-28,jip,BYD,Atto 3,grey,electric,Rakan Niaga
2026-01-28,jip,BYD,Atto 3,white,electric,Rakan Niaga
2026-01-28,jip,BYD,Atto 3,black,electric,Rakan Niaga
2026-01-28,jip,BYD,Atto 3,grey,electric,Pahang
2026-01-28,jip,BYD,Atto 3,black,electric,Selangor
2026-01-28,jip,BYD,Atto 3,black,electric,W.P. Kuala Lumpur
2026-01-28,jip,BYD,Atto 3,black,electric,Johor
2026-01-28,motokar_pelbagai_utiliti,BYD,M6,blue,electric,Rakan Niaga
2026-01-28,motokar,BYD,M6,black,electric,Rakan Niaga
2026-01-28,motokar,BYD,Seal 6,white,electric,Rakan Niaga
2026-01-28,motokar,BYD,Seal 6,grey,electric,Rakan Niaga
2026-01-28,motokar,BYD,Seal 6,blue,electric,Rakan Niaga
2026-01-28,motokar,BYD,Seal 6,yellow,electric,Rakan Niaga
2026-01-28,motokar,BYD,Seal,grey,electric,Selangor
2026-01-28,motokar,BYD,Seal,black,electric,Rakan Niaga
2026-01-28,motokar,BYD,Seal,grey,electric,Rakan Niaga
2026-01-28,jip,BYD,Sealion,grey,electric,W.P. Kuala Lumpur
2026-01-28,jip,BYD,Sealion,black,electric,Rakan Niaga
2026-01-28,jip,BYD,Sealion,grey,electric,Terengganu
2026-01-28,jip,BYD,Sealion,white,electric,Rakan Niaga
2026-01-28,jip,BYD,Sealion,grey,electric,Rakan Niaga
2026-01-28,jip,Chery,iCaur 03,grey,electric,Rakan Niaga
2026-01-28,jip,Chery,iCaur 03,silver,electric,Rakan Niaga
2026-01-28,jip,Chery,iCaur 03,green,electric,Rakan Niaga
2026-01-28,jip,Chery,iCaur 03,white,electric,Rakan Niaga
2026-01-28,jip,Chery,iCaur 03,black,electric,Rakan Niaga
2026-01-28,jip,Chery,iCaur 03,white,electric,Pulau Pinang
2026-01-28,jip,Chery,iCaur V23,black,electric,Rakan Niaga
2026-01-28,jip,Chery,iCaur V23,orange,electric,Rakan Niaga
2026-01-28,jip,Chery,iCaur V23,silver,electric,Rakan Niaga
2026-01-28,jip,Chery,iCaur V23,green,electric,Rakan Niaga
2026-01-28,jip,Chery,iCaur V23,black,electric,Melaka
2026-01-28,jip,Chery,iCaur V23,green,electric,W.P. Kuala Lumpur
2026-01-28,jip,Chery,iCaur V23,green,electric,Sabah
2026-01-28,jip,Chery,iCaur V23,grey,electric,Rakan Niaga
2026-01-28,window_van,Denza,D9,black,electric,Rakan Niaga
2026-01-28,motokar,Dong Feng,Box E3,blue,electric,Rakan Niaga
2026-01-28,motokar,Dong Feng,Box E3,white,electric,Rakan Niaga
2026-01-28,motokar,Dong Feng,Box E3,purple,electric,Rakan Niaga
2026-01-28,motokar,Great Wall,Ora,white,electric,Rakan Niaga
2026-01-28,motokar,Great Wall,Ora,black,electric,Rakan Niaga
2026-01-28,motokar,Great Wall,Ora,beige,electric,Rakan Niaga
2026-01-28,jip,Leapmotor,B10,purple,electric,Rakan Niaga
2026-01-28,jip,Leapmotor,B10,white,electric,Rakan Niaga
2026-01-28,jip,Leapmotor,B10,black,electric,Selangor
2026-01-28,jip,Leapmotor,B10,blue,electric,Selangor
2026-01-28,jip,Leapmotor,B10,grey,electric,Selangor
2026-01-28,jip,Leapmotor,B10,blue,electric,Rakan Niaga
2026-01-28,jip,Leapmotor,B10,grey,electric,Rakan Niaga
2026-01-28,jip,Leapmotor,C10,grey,electric,Rakan Niaga
2026-01-28,jip,Lexus,RZ,white,electric,Perak
2026-01-28,jip,Lotus,Eletre,white,electric,W.P. Kuala Lumpur
2026-01-28,motokar,Mercedes Benz,EQS,silver,electric,Negeri Sembilan
2026-01-28,motokar,Mercedes Benz,EQS,grey,electric,Rakan Niaga
2026-01-28,motokar,Mercedes Benz,EQS,silver,electric,Rakan Niaga
2026-01-28,motokar,Mercedes Benz,EQS,silver,electric,W.P. Kuala Lumpur
2026-01-28,motokar,MG,Cyberster,grey,electric,Johor
2026-01-28,motokar,MG,MG4,grey,electric,Rakan Niaga
2026-01-28,motokar,MG,MG4,green,electric,W.P. Kuala Lumpur
2026-01-28,motokar,MG,MG4,black,electric,Rakan Niaga
2026-01-28,motokar,MG,MG4,orange,electric,Rakan Niaga
2026-01-28,motokar,MG,S5,grey,electric,Rakan Niaga
2026-01-28,motokar,MG,S5,silver,electric,Rakan Niaga
2026-01-28,motokar,MG,S5,gold,electric,Rakan Niaga
2026-01-28,motokar,Mini,Cooper,yellow,electric,Rakan Niaga
2026-01-28,jip,Mini,Countryman,green,electric,Rakan Niaga
2026-01-28,jip,Mini,Countryman,grey,electric,Rakan Niaga
2026-01-28,jip,Mini,Countryman,red,electric,W.P. Kuala Lumpur
2026-01-28,motokar,Neta,V,blue,electric,Rakan Niaga
2026-01-28,jip,Neta,X,white,electric,Rakan Niaga
2026-01-28,jip,Porsche,Macan,silver,electric,W.P. Kuala Lumpur
2026-01-28,jip,Porsche,Macan,green,electric,Selangor
2026-01-28,jip,Porsche,Macan,green,electric,Rakan Niaga
2026-01-28,jip,Porsche,Macan,blue,electric,Rakan Niaga
2026-01-28,motokar,Porsche,Taycan,green,electric,W.P. Kuala Lumpur
2026-01-28,motokar,Proton,e.MAS 5,silver,electric,Rakan Niaga
2026-01-28,motokar,Proton,e.MAS 5,grey,electric,Rakan Niaga
2026-01-28,motokar,Proton,e.MAS 5,white,electric,Rakan Niaga
2026-01-28,motokar,Proton,e.MAS 5,pink,electric,Rakan Niaga
2026-01-28,motokar,Proton,e.MAS 5,yellow,electric,Rakan Niaga
2026-01-28,motokar,Proton,e.MAS 5,grey,electric,Melaka
2026-01-28,motokar,Proton,e.MAS 5,pink,electric,Perlis
2026-01-28,motokar,Proton,e.MAS 5,yellow,electric,Pulau Pinang
2026-01-28,motokar,Proton,e.MAS 5,white,electric,Sarawak
2026-01-28,motokar,Proton,e.MAS 5,grey,electric,Kedah
2026-01-28,motokar,Proton,e.MAS 5,white,electric,Selangor
2026-01-28,motokar,Proton,e.MAS 5,grey,electric,W.P. Kuala Lumpur
2026-01-28,motokar,Proton,e.MAS 5,silver,electric,Selangor
2026-01-28,motokar,Proton,e.MAS 5,yellow,electric,Johor
2026-01-28,motokar,Proton,e.MAS 5,silver,electric,Johor
2026-01-28,motokar,Proton,e.MAS 5,white,electric,Pulau Pinang
2026-01-28,motokar,Proton,e.MAS 5,white,electric,W.P. Kuala Lumpur
2026-01-28,jip,Proton,e.MAS 7,grey,electric,Rakan Niaga
2026-01-28,jip,Proton,e.MAS 7,silver,electric,Rakan Niaga
2026-01-28,jip,Proton,e.MAS 7,white,electric,Rakan Niaga
2026-01-28,jip,Proton,e.MAS 7,green,electric,Rakan Niaga
2026-01-28,jip,Proton,e.MAS 7,grey,electric,W.P. Kuala Lumpur
2026-01-28,jip,Proton,e.MAS 7,pink,electric,Rakan Niaga
2026-01-28,jip,Proton,e.MAS 7,silver,electric,W.P. Kuala Lumpur
2026-01-28,jip,Smart,Brabus,white,electric,Rakan Niaga
2026-01-28,jip,Smart,Brabus,beige,electric,Rakan Niaga
2026-01-28,motokar,Tesla,Model 3,grey,electric,Pulau Pinang
2026-01-28,jip,Volvo,EC40,white,electric,Rakan Niaga
2026-01-28,jip,Xpeng,G6,grey,electric,Rakan Niaga
2026-01-28,jip,Xpeng,G6,purple,electric,Pulau Pinang
2026-01-28,jip,Xpeng,G6,purple,electric,Rakan Niaga
2026-01-28,window_van,Xpeng,X9,grey,electric,Perak
2026-01-28,window_van,Zeekr,009,black,electric,Rakan Niaga
2026-01-28,window_van,Zeekr,009,white,electric,W.P. Kuala Lumpur
2026-01-28,window_van,Zeekr,009,white,electric,Perak
2026-01-28,jip,Zeekr,7X,grey,electric,Rakan Niaga
2026-01-28,jip,Zeekr,7X,blue,electric,Selangor
2026-01-28,jip,Zeekr,7X,blue,electric,Rakan Niaga
2026-01-28,jip,Zeekr,7X,white,electric,Pulau Pinang
2026-01-28,jip,Zeekr,7X,green,electric,Rakan Niaga
2026-01-28,jip,Zeekr,7X,white,electric,Rakan Niaga
2026-01-28,jip,Zeekr,7X,black,electric,Rakan Niaga
2026-01-28,jip,Zeekr,7X,grey,electric,W.P. Kuala Lumpur
2026-01-28,jip,Zeekr,7X,white,electric,W.P. Kuala Lumpur
2026-01-28,jip,Zeekr,7X,green,electric,Selangor
2026-01-29,motokar,BMW,i4,black,electric,Rakan Niaga
2026-01-29,motokar,BMW,i7,black,electric,W.P. Kuala Lumpur
2026-01-29,jip,BMW,iX2,black,electric,Rakan Niaga
2026-01-29,jip,BYD,Atto 2,white,electric,Rakan Niaga
2026-01-29,jip,BYD,Atto 2,grey,electric,Rakan Niaga
2026-01-29,jip,BYD,Atto 2,grey,electric,Kelantan
2026-01-29,jip,BYD,Atto 2,grey,electric,Selangor
2026-01-29,jip,BYD,Atto 3,black,electric,Rakan Niaga
2026-01-29,jip,BYD,Atto 3,grey,electric,Rakan Niaga
2026-01-29,jip,BYD,Atto 3,white,electric,Rakan Niaga
2026-01-29,jip,BYD,Atto 3,grey,electric,Melaka
2026-01-29,motokar_pelbagai_utiliti,BYD,M6,blue,electric,Rakan Niaga
2026-01-29,motokar_pelbagai_utiliti,BYD,M6,blue,electric,Johor
2026-01-29,motokar_pelbagai_utiliti,BYD,M6,grey,electric,Rakan Niaga
2026-01-29,motokar,BYD,Seal 6,blue,electric,Rakan Niaga
2026-01-29,motokar,BYD,Seal 6,white,electric,W.P. Kuala Lumpur
2026-01-29,motokar,BYD,Seal 6,grey,electric,Rakan Niaga
2026-01-29,motokar,BYD,Seal 6,white,electric,Rakan Niaga
2026-01-29,jip,BYD,Sealion,black,electric,Rakan Niaga
2026-01-29,jip,BYD,Sealion,grey,electric,W.P. Kuala Lumpur
2026-01-29,jip,BYD,Sealion,grey,electric,Rakan Niaga
2026-01-29,jip,BYD,Sealion,black,electric,Kedah
2026-01-29,jip,BYD,Sealion,white,electric,Rakan Niaga
2026-01-29,jip,BYD,Sealion,black,electric,Kelantan
2026-01-29,jip,Chery,iCaur 03,black,electric,Sarawak
2026-01-29,jip,Chery,iCaur 03,black,electric,Rakan Niaga
2026-01-29,jip,Chery,iCaur 03,green,electric,Rakan Niaga
2026-01-29,jip,Chery,iCaur 03,white,electric,Rakan Niaga
2026-01-29,jip,Chery,iCaur 03,green,electric,Sarawak
2026-01-29,jip,Chery,iCaur 03,grey,electric,Johor
2026-01-29,jip,Chery,iCaur 03,silver,electric,Selangor
2026-01-29,jip,Chery,iCaur 03,grey,electric,W.P. Kuala Lumpur
2026-01-29,jip,Chery,iCaur 03,grey,electric,Rakan Niaga
2026-01-29,jip,Chery,iCaur 03,silver,electric,W.P. Kuala Lumpur
2026-01-29,jip,Chery,iCaur V23,green,electric,Pahang
2026-01-29,jip,Chery,iCaur V23,green,electric,Rakan Niaga
2026-01-29,jip,Chery,iCaur V23,orange,electric,Rakan Niaga
2026-01-29,jip,Chery,iCaur V23,white,electric,W.P. Kuala Lumpur
2026-01-29,jip,Chery,iCaur V23,grey,electric,Rakan Niaga
2026-01-29,jip,Chery,iCaur V23,black,electric,Rakan Niaga
2026-01-29,jip,Chery,iCaur V23,silver,electric,Selangor
2026-01-29,jip,Chery,iCaur V23,silver,electric,Rakan Niaga
2026-01-29,jip,Chery,iCaur V23,orange,electric,Kelantan
2026-01-29,jip,Chery,iCaur V23,white,electric,Sabah
2026-01-29,window_van,Denza,D9,black,electric,Rakan Niaga
2026-01-29,window_van,Denza,D9,blue,electric,Rakan Niaga
2026-01-29,window_van,Denza,D9,white,electric,Rakan Niaga
2026-01-29,window_van,Denza,D9,black,electric,W.P. Kuala Lumpur
2026-01-29,motokar,Dong Feng,Box E3,purple,electric,W.P. Kuala Lumpur
2026-01-29,motokar,Great Wall,Ora,purple,electric,Rakan Niaga
2026-01-29,motokar,Great Wall,Ora,grey,electric,Rakan Niaga
2026-01-29,motokar,Great Wall,Ora,black,electric,Pulau Pinang
2026-01-29,motokar,Great Wall,Ora,black,electric,Rakan Niaga
2026-01-29,motokar,Great Wall,Ora,beige,electric,Rakan Niaga
2026-01-29,motokar,Great Wall,Ora,green,electric,Rakan Niaga
2026-01-29,jip,Honda,e:N1,blue,electric,Rakan Niaga
2026-01-29,jip,Leapmotor,B10,blue,electric,Rakan Niaga
2026-01-29,jip,Leapmotor,B10,black,electric,Rakan Niaga
2026-01-29,jip,Leapmotor,B10,purple,electric,Rakan Niaga
2026-01-29,jip,Leapmotor,B10,grey,electric,W.P. Kuala Lumpur
2026-01-29,jip,Leapmotor,B10,white,electric,Rakan Niaga
2026-01-29,jip,Leapmotor,B10,black,electric,W.P. Kuala Lumpur
2026-01-29,jip,Leapmotor,C10,white,electric,Rakan Niaga
2026-01-29,jip,Lexus,RZ,white,electric,Rakan Niaga
2026-01-29,jip,Lexus,RZ,brown,electric,Rakan Niaga
2026-01-29,jip,Mercedes Benz,EQA,white,electric,Rakan Niaga
2026-01-29,motokar,Mercedes Benz,EQS,black,electric,Selangor
2026-01-29,motokar,Mercedes Benz,EQS,silver,electric,W.P. Kuala Lumpur
2026-01-29,motokar,Mercedes Benz,EQS,silver,electric,Rakan Niaga
2026-01-29,motokar,Mercedes Benz,EQS,blue,electric,Selangor
2026-01-29,motokar,Mercedes Benz,EQS,silver,electric,Johor
2026-01-29,motokar,Mercedes Benz,EQS,grey,electric,W.P. Kuala Lumpur
2026-01-29,motokar,MG,MG4,red,electric,Rakan Niaga
2026-01-29,motokar,MG,MG4,grey,electric,Rakan Niaga
2026-01-29,motokar,MG,MG4,black,electric,Rakan Niaga
2026-01-29,motokar,MG,MG4,white,electric,Rakan Niaga
2026-01-29,motokar,MG,MG4,orange,electric,Rakan Niaga
2026-01-29,motokar,MG,MG4,grey,electric,Sarawak
2026-01-29,motokar,MG,MG4,silver,electric,Rakan Niaga
2026-01-29,motokar,MG,S5,silver,electric,Rakan Niaga
2026-01-29,motokar,MG,S5,grey,electric,Rakan Niaga
2026-01-29,motokar,MG,S5,red,electric,Rakan Niaga
2026-01-29,jip,Mini,Aceman,green,electric,W.P. Kuala Lumpur
2026-01-29,motokar,Mini,Cooper,blue,electric,Rakan Niaga
2026-01-29,motokar,Porsche,Taycan,grey,electric,W.P. Kuala Lumpur
2026-01-29,motokar,Porsche,Taycan,red,electric,W.P. Kuala Lumpur
2026-01-29,motokar,Proton,e.MAS 5,grey,electric,Rakan Niaga
2026-01-29,motokar,Proton,e.MAS 5,white,electric,Rakan Niaga
2026-01-29,motokar,Proton,e.MAS 5,white,electric,Sarawak
2026-01-29,motokar,Proton,e.MAS 5,yellow,electric,Rakan Niaga
2026-01-29,motokar,Proton,e.MAS 5,pink,electric,Sarawak
2026-01-29,motokar,Proton,e.MAS 5,silver,electric,Rakan Niaga
2026-01-29,motokar,Proton,e.MAS 5,grey,electric,Johor
2026-01-29,motokar,Proton,e.MAS 5,pink,electric,Rakan Niaga
2026-01-29,motokar,Proton,e.MAS 5,silver,electric,Sarawak
2026-01-29,motokar,Proton,e.MAS 5,pink,electric,Johor
2026-01-29,motokar,Proton,e.MAS 5,yellow,electric,W.P. Kuala Lumpur
2026-01-29,motokar,Proton,e.MAS 5,grey,electric,W.P. Kuala Lumpur
2026-01-29,motokar,Proton,e.MAS 5,white,electric,Pulau Pinang
2026-01-29,motokar,Proton,e.MAS 5,white,electric,Johor
2026-01-29,motokar,Proton,e.MAS 5,pink,electric,Pulau Pinang
2026-01-29,motokar,Proton,e.MAS 5,yellow,electric,Johor
2026-01-29,motokar,Proton,e.MAS 5,white,electric,W.P. Kuala Lumpur
2026-01-29,motokar,Proton,e.MAS 5,silver,electric,W.P. Kuala Lumpur
2026-01-29,motokar,Proton,e.MAS 5,yellow,electric,Melaka
2026-01-29,motokar,Proton,e.MAS 5,silver,electric,Melaka
2026-01-29,motokar,Proton,e.MAS 5,silver,electric,Kedah
2026-01-29,motokar,Proton,e.MAS 5,yellow,electric,Selangor
2026-01-29,motokar,Proton,e.MAS 5,pink,electric,Perak
2026-01-29,motokar,Proton,e.MAS 5,white,electric,Kedah
2026-01-29,motokar,Proton,e.MAS 5,yellow,electric,Pulau Pinang
2026-01-29,jip,Proton,e.MAS 7,silver,electric,Rakan Niaga
2026-01-29,jip,Proton,e.MAS 7,white,electric,Johor
2026-01-29,jip,Proton,e.MAS 7,white,electric,Rakan Niaga
2026-01-29,jip,Proton,e.MAS 7,grey,electric,Rakan Niaga
2026-01-29,jip,Proton,e.MAS 7,white,electric,Terengganu
2026-01-29,jip,Proton,e.MAS 7,green,electric,Rakan Niaga
2026-01-29,jip,Proton,e.MAS 7,pink,electric,Rakan Niaga
2026-01-29,jip,Smart,Brabus,white,electric,Selangor
2026-01-29,jip,Smart,Brabus,black,electric,Rakan Niaga
2026-01-29,motokar,Tesla,Model 3,grey,electric,Rakan Niaga
2026-01-29,motokar,Tesla,Model Y,black,electric,Rakan Niaga
2026-01-29,motokar,Tesla,Model Y,grey,electric,Rakan Niaga
2026-01-29,motokar,Tesla,Model Y,white,electric,W.P. Kuala Lumpur
2026-01-29,motokar,TQ Wuling,Bingo,purple,electric,Rakan Niaga
2026-01-29,motokar,TQ Wuling,Bingo,white,electric,Rakan Niaga
2026-01-29,jip,Xpeng,G6,silver,electric,W.P. Kuala Lumpur
2026-01-29,jip,Xpeng,G6,purple,electric,Rakan Niaga
2026-01-29,jip,Xpeng,G6,black,electric,Rakan Niaga
2026-01-29,jip,Xpeng,G6,grey,electric,Rakan Niaga
2026-01-29,window_van,Xpeng,X9,black,electric,W.P. Kuala Lumpur
2026-01-29,window_van,Xpeng,X9,white,electric,Pulau Pinang
2026-01-29,window_van,Zeekr,009,white,electric,W.P. Kuala Lumpur
2026-01-29,window_van,Zeekr,009,black,electric,Pulau Pinang
2026-01-29,window_van,Zeekr,009,black,electric,Rakan Niaga
2026-01-29,window_van,Zeekr,009,blue,electric,W.P. Kuala Lumpur
2026-01-29,motokar_pelbagai_utiliti,Zeekr,009,black,electric,Rakan Niaga
2026-01-29,window_van,Zeekr,009,green,electric,Rakan Niaga
2026-01-29,jip,Zeekr,7X,blue,electric,W.P. Kuala Lumpur
2026-01-29,jip,Zeekr,7X,green,electric,Rakan Niaga
2026-01-29,jip,Zeekr,7X,white,electric,Rakan Niaga
2026-01-29,jip,Zeekr,7X,grey,electric,Rakan Niaga
2026-01-29,jip,Zeekr,7X,white,electric,W.P. Kuala Lumpur
2026-01-29,jip,Zeekr,7X,grey,electric,Selangor
2026-01-29,jip,Zeekr,7X,black,electric,Rakan Niaga
2026-01-29,jip,Zeekr,7X,blue,electric,Rakan Niaga
2026-01-29,jip,Zeekr,7X,grey,electric,Johor
2026-01-29,jip,Zeekr,7X,grey,electric,Pahang
2026-01-29,jip,Zeekr,7X,white,electric,Selangor
2026-01-30,motokar,BMW,i4,green,electric,Rakan Niaga
2026-01-30,motokar,BMW,i4,white,electric,Rakan Niaga
2026-01-30,motokar,BMW,i5,grey,electric,W.P. Kuala Lumpur
2026-01-30,motokar,BMW,i5,black,electric,Rakan Niaga
2026-01-30,jip,BMW,iX2,white,electric,Selangor
2026-01-30,jip,BYD,Atto 2,green,electric,W.P. Kuala Lumpur
2026-01-30,jip,BYD,Atto 2,green,electric,Rakan Niaga
2026-01-30,jip,BYD,Atto 2,grey,electric,Rakan Niaga
2026-01-30,jip,BYD,Atto 2,white,electric,Rakan Niaga
2026-01-30,jip,BYD,Atto 3,white,electric,Rakan Niaga
2026-01-30,jip,BYD,Atto 3,grey,electric,Rakan Niaga
2026-01-30,jip,BYD,Atto 3,black,electric,Rakan Niaga
2026-01-30,jip,BYD,Atto 3,white,electric,Sarawak
2026-01-30,motokar_pelbagai_utiliti,BYD,M6,grey,electric,Rakan Niaga
2026-01-30,motokar,BYD,M6,black,electric,Rakan Niaga
2026-01-30,motokar_pelbagai_utiliti,BYD,M6,black,electric,Rakan Niaga
2026-01-30,motokar_pelbagai_utiliti,BYD,M6,blue,electric,Rakan Niaga
2026-01-30,motokar,BYD,M6,blue,electric,Rakan Niaga
2026-01-30,motokar_pelbagai_utiliti,BYD,M6,white,electric,Sarawak
2026-01-30,motokar,BYD,M6,grey,electric,Rakan Niaga
2026-01-30,motokar,BYD,Seal 6,blue,electric,Rakan Niaga
2026-01-30,motokar,BYD,Seal 6,blue,electric,Selangor
2026-01-30,motokar,BYD,Seal 6,grey,electric,W.P. Kuala Lumpur
2026-01-30,motokar,BYD,Seal 6,white,electric,Negeri Sembilan
2026-01-30,motokar,BYD,Seal 6,grey,electric,Rakan Niaga
2026-01-30,motokar,BYD,Seal 6,white,electric,Rakan Niaga
2026-01-30,motokar,BYD,Seal 6,grey,electric,Johor
2026-01-30,motokar,BYD,Seal 6,yellow,electric,Rakan Niaga
2026-01-30,motokar,BYD,Seal 6,grey,electric,Selangor
2026-01-30,motokar,BYD,Seal,white,electric,Rakan Niaga
2026-01-30,motokar,BYD,Seal,black,electric,Johor
2026-01-30,motokar,BYD,Seal,black,electric,Rakan Niaga
2026-01-30,jip,BYD,Sealion,grey,electric,W.P. Kuala Lumpur
2026-01-30,jip,BYD,Sealion,black,electric,Rakan Niaga
2026-01-30,jip,BYD,Sealion,grey,electric,Rakan Niaga
2026-01-30,jip,BYD,Sealion,white,electric,Melaka
2026-01-30,jip,BYD,Sealion,white,electric,W.P. Kuala Lumpur
2026-01-30,jip,BYD,Sealion,black,electric,Johor
2026-01-30,jip,BYD,Sealion,white,electric,Sabah
2026-01-30,jip,BYD,Sealion,white,electric,Rakan Niaga
2026-01-30,jip,BYD,Sealion,black,electric,Melaka
2026-01-30,jip,Chery,iCaur 03,grey,electric,W.P. Kuala Lumpur
2026-01-30,jip,Chery,iCaur 03,silver,electric,Rakan Niaga
2026-01-30,jip,Chery,iCaur 03,silver,electric,W.P. Kuala Lumpur
2026-01-30,jip,Chery,iCaur 03,black,electric,Rakan Niaga
2026-01-30,jip,Chery,iCaur 03,grey,electric,Rakan Niaga
2026-01-30,jip,Chery,iCaur 03,white,electric,Rakan Niaga
2026-01-30,jip,Chery,iCaur 03,green,electric,Selangor
2026-01-30,jip,Chery,iCaur 03,black,electric,Johor
2026-01-30,jip,Chery,iCaur 03,grey,electric,Selangor
2026-01-30,jip,Chery,iCaur V23,black,electric,Rakan Niaga
2026-01-30,jip,Chery,iCaur V23,grey,electric,Rakan Niaga
2026-01-30,jip,Chery,iCaur V23,white,electric,Rakan Niaga
2026-01-30,jip,Chery,iCaur V23,orange,electric,Pulau Pinang
2026-01-30,jip,Chery,iCaur V23,orange,electric,Selangor
2026-01-30,jip,Chery,iCaur V23,silver,electric,Pulau Pinang
2026-01-30,jip,Chery,iCaur V23,green,electric,Rakan Niaga
2026-01-30,jip,Chery,iCaur V23,grey,electric,Sabah
2026-01-30,jip,Chery,iCaur V23,green,electric,Johor
2026-01-30,jip,Chery,iCaur V23,orange,electric,Rakan Niaga
2026-01-30,jip,Chery,Omoda 5,black,electric,Rakan Niaga
2026-01-30,window_van,Denza,D9,blue,electric,Rakan Niaga
2026-01-30,window_van,Denza,D9,black,electric,Rakan Niaga
2026-01-30,window_van,Denza,D9,white,electric,Rakan Niaga
2026-01-30,window_van,Denza,D9,white,electric,W.P. Kuala Lumpur
2026-01-30,motokar,Dong Feng,Box E3,purple,electric,Rakan Niaga
2026-01-30,motokar,Great Wall,Ora,black,electric,Rakan Niaga
2026-01-30,motokar,Great Wall,Ora,beige,electric,Selangor
2026-01-30,motokar,Great Wall,Ora,beige,electric,Rakan Niaga
2026-01-30,jip,Kia,EV9,grey,electric,W.P. Kuala Lumpur
2026-01-30,jip,Kia,EV9,green,electric,Rakan Niaga
2026-01-30,jip,Leapmotor,B10,white,electric,Rakan Niaga
2026-01-30,jip,Leapmotor,B10,purple,electric,W.P. Kuala Lumpur
2026-01-30,jip,Leapmotor,B10,blue,electric,Rakan Niaga
2026-01-30,jip,Leapmotor,B10,black,electric,Rakan Niaga
2026-01-30,jip,Leapmotor,B10,purple,electric,Johor
2026-01-30,jip,Leapmotor,B10,grey,electric,Rakan Niaga
2026-01-30,jip,Leapmotor,C10,white,electric,Johor
2026-01-30,jip,Leapmotor,C10,white,electric,Rakan Niaga
2026-01-30,jip,Leapmotor,C10,grey,electric,Melaka
2026-01-30,jip,Leapmotor,C10,grey,electric,Rakan Niaga
2026-01-30,jip,Leapmotor,C10,green,electric,Rakan Niaga
2026-01-30,jip,Lexus,RZ,blue,electric,Sabah
2026-01-30,jip,Lexus,RZ,white,electric,Selangor
2026-01-30,jip,Lexus,RZ,blue,electric,Selangor
2026-01-30,jip,Lexus,RZ,white,electric,Rakan Niaga
2026-01-30,jip,Lexus,RZ,white,electric,W.P. Kuala Lumpur
2026-01-30,motokar,Mercedes Benz,EQS,silver,electric,Rakan Niaga
2026-01-30,motokar,Mercedes Benz,EQS,black,electric,Rakan Niaga
2026-01-30,motokar,Mercedes Benz,EQS,grey,electric,Rakan Niaga
2026-01-30,motokar,Mercedes Benz,EQS,silver,electric,W.P. Kuala Lumpur
2026-01-30,motokar,Mercedes Benz,EQS,blue,electric,Pulau Pinang
2026-01-30,motokar,Mercedes Benz,EQS,white,electric,Pulau Pinang
2026-01-30,motokar,Mercedes Benz,EQS,black,electric,Johor
2026-01-30,motokar,Mercedes Benz,EQS,blue,electric,Johor
2026-01-30,motokar,MG,Cyberster,red,electric,Rakan Niaga
2026-01-30,motokar,MG,MG4,grey,electric,Rakan Niaga
2026-01-30,motokar,MG,MG4,white,electric,Rakan Niaga
2026-01-30,motokar,MG,MG4,red,electric,Rakan Niaga
2026-01-30,motokar,MG,MG4,orange,electric,Rakan Niaga
2026-01-30,motokar,MG,MG4,grey,electric,Selangor
2026-01-30,motokar,MG,MG4,black,electric,Sarawak
2026-01-30,motokar,MG,MG4,black,electric,W.P. Kuala Lumpur
2026-01-30,motokar,MG,MG4,red,electric,W.P. Kuala Lumpur
2026-01-30,motokar,MG,S5,grey,electric,Sarawak
2026-01-30,motokar,MG,S5,grey,electric,Rakan Niaga
2026-01-30,motokar,MG,S5,white,electric,Rakan Niaga
2026-01-30,motokar,MG,S5,grey,electric,Pulau Pinang
2026-01-30,motokar,MG,S5,red,electric,Rakan Niaga
2026-01-30,motokar,MG,S5,beige,electric,Rakan Niaga
2026-01-30,motokar,MG,S5,silver,electric,Rakan Niaga
2026-01-30,jip,Mini,Aceman,green,electric,Rakan Niaga
2026-01-30,motokar,Mini,Cooper,red,electric,Rakan Niaga
2026-01-30,jip,Mini,Countryman,grey,electric,W.P. Kuala Lumpur
2026-01-30,jip,Mini,John Cooper Works,white,electric,Rakan Niaga
2026-01-30,motokar,Porsche,Taycan,blue,electric,W.P. Kuala Lumpur
2026-01-30,motokar,Proton,e.MAS 5,grey,electric,Rakan Niaga
2026-01-30,motokar,Proton,e.MAS 5,white,electric,Rakan Niaga
2026-01-30,motokar,Proton,e.MAS 5,white,electric,Sarawak
2026-01-30,motokar,Proton,e.MAS 5,silver,electric,W.P. Kuala Lumpur
2026-01-30,motokar,Proton,e.MAS 5,silver,electric,Rakan Niaga
2026-01-30,motokar,Proton,e.MAS 5,yellow,electric,Rakan Niaga
2026-01-30,motokar,Proton,e.MAS 5,white,electric,Perlis
2026-01-30,motokar,Proton,e.MAS 5,pink,electric,Rakan Niaga
2026-01-30,motokar,Proton,e.MAS 5,white,electric,W.P. Kuala Lumpur
2026-01-30,motokar,Proton,e.MAS 5,pink,electric,W.P. Kuala Lumpur
2026-01-30,motokar,Proton,e.MAS 5,grey,electric,Johor
2026-01-30,motokar,Proton,e.MAS 5,pink,electric,Negeri Sembilan
2026-01-30,motokar,Proton,e.MAS 5,silver,electric,Selangor
2026-01-30,motokar,Proton,e.MAS 5,yellow,electric,Sarawak
2026-01-30,motokar,Proton,e.MAS 5,grey,electric,W.P. Kuala Lumpur
2026-01-30,motokar,Proton,e.MAS 5,yellow,electric,Negeri Sembilan
2026-01-30,motokar,Proton,e.MAS 5,yellow,electric,W.P. Kuala Lumpur
2026-01-30,motokar,Proton,e.MAS 5,grey,electric,Selangor
2026-01-30,motokar,Proton,e.MAS 5,pink,electric,Pulau Pinang
2026-01-30,motokar,Proton,e.MAS 5,pink,electric,Johor
2026-01-30,motokar,Proton,e.MAS 5,white,electric,Selangor
2026-01-30,motokar,Proton,e.MAS 5,grey,electric,Pulau Pinang
2026-01-30,motokar,Proton,e.MAS 5,grey,electric,Sarawak
2026-01-30,motokar,Proton,e.MAS 5,silver,electric,Sarawak
2026-01-30,jip,Proton,e.MAS 7,black,electric,Rakan Niaga
2026-01-30,jip,Proton,e.MAS 7,silver,electric,Rakan Niaga
2026-01-30,jip,Proton,e.MAS 7,silver,electric,W.P. Kuala Lumpur
2026-01-30,jip,Proton,e.MAS 7,green,electric,W.P. Kuala Lumpur
2026-01-30,jip,Proton,e.MAS 7,pink,electric,Rakan Niaga
2026-01-30,jip,Proton,e.MAS 7,silver,electric,Selangor
2026-01-30,jip,Proton,e.MAS 7,grey,electric,Rakan Niaga
2026-01-30,jip,Proton,e.MAS 7,pink,electric,Selangor
2026-01-30,jip,Proton,e.MAS 7,white,electric,Rakan Niaga
2026-01-30,jip,Proton,e.MAS 7,grey,electric,W.P. Kuala Lumpur
2026-01-30,jip,Smart,Brabus,beige,electric,Rakan Niaga
2026-01-30,jip,Smart,Brabus,white,electric,Pulau Pinang
2026-01-30,jip,Smart,Brabus,silver,electric,Rakan Niaga
2026-01-30,jip,Smart,Brabus,black,electric,Rakan Niaga
2026-01-30,motokar,Tesla,Model 3,black,electric,Selangor
2026-01-30,motokar,Tesla,Model 3,red,electric,Rakan Niaga
2026-01-30,motokar,Tesla,Model 3,silver,electric,Rakan Niaga
2026-01-30,motokar,Tesla,Model 3,grey,electric,Rakan Niaga
2026-01-30,motokar,Tesla,Model Y,blue,electric,W.P. Kuala Lumpur
2026-01-30,motokar,TQ Wuling,Bingo,purple,electric,Rakan Niaga
2026-01-30,motokar,TQ Wuling,Bingo,white,electric,Rakan Niaga
2026-01-30,jip,Volvo,EC40,black,electric,Rakan Niaga
2026-01-30,jip,Volvo,EC40,gold,electric,Rakan Niaga
2026-01-30,motokar,Volvo,ES90,grey,electric,Rakan Niaga
2026-01-30,motokar,Volvo,ES90,blue,electric,Rakan Niaga
2026-01-30,motokar,Volvo,ES90,grey,electric,Melaka
2026-01-30,jip,Xpeng,G6,purple,electric,Rakan Niaga
2026-01-30,jip,Xpeng,G6,silver,electric,Rakan Niaga
2026-01-30,jip,Xpeng,G6,black,electric,Rakan Niaga
2026-01-30,jip,Xpeng,G6,silver,electric,W.P. Kuala Lumpur
2026-01-30,jip,Xpeng,G6,grey,electric,Rakan Niaga
2026-01-30,jip,Xpeng,G6,white,electric,Rakan Niaga
2026-01-30,window_van,Xpeng,X9,silver,electric,Rakan Niaga
2026-01-30,window_van,Xpeng,X9,grey,electric,Rakan Niaga
2026-01-30,window_van,Zeekr,009,white,electric,Rakan Niaga
2026-01-30,window_van,Zeekr,009,white,electric,W.P. Kuala Lumpur
2026-01-30,window_van,Zeekr,009,black,electric,W.P. Kuala Lumpur
2026-01-30,window_van,Zeekr,009,black,electric,Rakan Niaga
2026-01-30,jip,Zeekr,7X,black,electric,Rakan Niaga
2026-01-30,jip,Zeekr,7X,grey,electric,W.P. Kuala Lumpur
2026-01-30,jip,Zeekr,7X,green,electric,Melaka
2026-01-30,jip,Zeekr,7X,grey,electric,Selangor
2026-01-30,jip,Zeekr,7X,blue,electric,Rakan Niaga
2026-01-30,jip,Zeekr,7X,grey,electric,Rakan Niaga
2026-01-30,jip,Zeekr,7X,grey,electric,Johor
2026-01-30,jip,Zeekr,7X,black,electric,W.P. Kuala Lumpur
2026-01-30,jip,Zeekr,7X,white,electric,Rakan Niaga
2026-01-30,jip,Zeekr,7X,black,electric,Johor
2026-01-30,jip,Zeekr,7X,green,electric,Rakan Niaga
2026-01-31,jip,BYD,Atto 2,green,electric,Rakan Niaga
2026-01-31,jip,BYD,Atto 3,grey,electric,Rakan Niaga
2026-01-31,jip,BYD,Atto 3,white,electric,Rakan Niaga
2026-01-31,jip,BYD,Atto 3,black,electric,Rakan Niaga
2026-01-31,motokar,BYD,M6,grey,electric,Rakan Niaga
2026-01-31,motokar_pelbagai_utiliti,BYD,M6,blue,electric,Rakan Niaga
2026-01-31,motokar_pelbagai_utiliti,BYD,M6,grey,electric,Rakan Niaga
2026-01-31,motokar,BYD,Seal 6,white,electric,Rakan Niaga
2026-01-31,motokar,BYD,Seal 6,grey,electric,Rakan Niaga
2026-01-31,motokar,BYD,Seal 6,yellow,electric,Rakan Niaga
2026-01-31,motokar,BYD,Seal 6,blue,electric,Rakan Niaga
2026-01-31,motokar,BYD,Seal,white,electric,Rakan Niaga
2026-01-31,jip,BYD,Sealion,white,electric,Rakan Niaga
2026-01-31,jip,BYD,Sealion,grey,electric,Rakan Niaga
2026-01-31,jip,BYD,Sealion,black,electric,Rakan Niaga
2026-01-31,jip,Chery,iCaur 03,green,electric,Rakan Niaga
2026-01-31,jip,Chery,iCaur 03,white,electric,Rakan Niaga
2026-01-31,jip,Chery,iCaur 03,grey,electric,Rakan Niaga
2026-01-31,jip,Chery,iCaur 03,black,electric,Rakan Niaga
2026-01-31,jip,Chery,iCaur 03,silver,electric,Rakan Niaga
2026-01-31,jip,Chery,iCaur V23,grey,electric,Rakan Niaga
2026-01-31,jip,Chery,iCaur V23,black,electric,Rakan Niaga
2026-01-31,jip,Chery,iCaur V23,green,electric,Rakan Niaga
2026-01-31,jip,Chery,iCaur V23,white,electric,Rakan Niaga
2026-01-31,jip,Chery,iCaur V23,silver,electric,Rakan Niaga
2026-01-31,jip,Chery,iCaur V23,orange,electric,Rakan Niaga
2026-01-31,window_van,Denza,D9,blue,electric,Rakan Niaga
2026-01-31,window_van,Denza,D9,black,electric,Rakan Niaga
2026-01-31,window_van,Denza,D9,white,electric,Rakan Niaga
2026-01-31,motokar,Dong Feng,Box E3,white,electric,Rakan Niaga
2026-01-31,jip,Leapmotor,B10,grey,electric,Rakan Niaga
2026-01-31,jip,Leapmotor,B10,blue,electric,Rakan Niaga
2026-01-31,jip,Leapmotor,C10,grey,electric,Rakan Niaga
2026-01-31,jip,Leapmotor,C10,green,electric,Rakan Niaga
2026-01-31,jip,Leapmotor,C10,white,electric,Rakan Niaga
2026-01-31,motokar,Mercedes Benz,EQS,silver,electric,Rakan Niaga
2026-01-31,motokar,Mercedes Benz,EQS,blue,electric,Rakan Niaga
2026-01-31,motokar,MG,MG4,orange,electric,Rakan Niaga
2026-01-31,motokar,MG,MG4,grey,electric,Rakan Niaga
2026-01-31,motokar,MG,MG4,silver,electric,Rakan Niaga
2026-01-31,motokar,MG,MG4,red,electric,Rakan Niaga
2026-01-31,motokar,MG,S5,red,electric,Rakan Niaga
2026-01-31,motokar,MG,S5,grey,electric,Rakan Niaga
2026-01-31,motokar,MG,S5,white,electric,Rakan Niaga
2026-01-31,motokar,MG,S5,gold,electric,Rakan Niaga
2026-01-31,motokar,MG,S5,beige,electric,Rakan Niaga
2026-01-31,jip,Mini,Aceman,grey,electric,Rakan Niaga
2026-01-31,jip,Mini,Aceman,blue,electric,Rakan Niaga
2026-01-31,motokar,Proton,e.MAS 5,grey,electric,Rakan Niaga
2026-01-31,motokar,Proton,e.MAS 5,silver,electric,Rakan Niaga
2026-01-31,motokar,Proton,e.MAS 5,yellow,electric,Rakan Niaga
2026-01-31,motokar,Proton,e.MAS 5,white,electric,Rakan Niaga
2026-01-31,motokar,Proton,e.MAS 5,pink,electric,Rakan Niaga
2026-01-31,jip,Proton,e.MAS 7,silver,electric,Rakan Niaga
2026-01-31,jip,Proton,e.MAS 7,grey,electric,Rakan Niaga
2026-01-31,jip,Proton,e.MAS 7,pink,electric,Rakan Niaga
2026-01-31,jip,Smart,Brabus,grey,electric,Rakan Niaga
2026-01-31,jip,Smart,Brabus,black,electric,Rakan Niaga
2026-01-31,motokar,TQ Wuling,Bingo,blue,electric,Rakan Niaga
2026-01-31,window_van,Zeekr,009,white,electric,Rakan Niaga
2026-01-31,window_van,Zeekr,009,black,electric,Rakan Niaga
2026-01-31,jip,Zeekr,7X,blue,electric,Rakan Niaga
2026-01-31,jip,Zeekr,7X,white,electric,Rakan Niaga
2026-01-31,jip,Zeekr,7X,black,electric,Rakan Niaga
2026-01-31,jip,Zeekr,7X,grey,electric,Rakan Niaga
2026-01-31,jip,Zeekr,7X,green,electric,Rakan Niaga
2026-02-01,motokar,BYD,Seal,grey,electric,Rakan Niaga
2026-02-01,jip,Leapmotor,C10,white,electric,Rakan Niaga
2026-02-01,jip,Mini,Aceman,silver,electric,Terengganu
2026-02-01,motokar,Proton,e.MAS 5,white,electric,Rakan Niaga
2026-02-02,jip,Chery,iCaur 03,white,electric,Melaka
2026-02-02,jip,Mini,Countryman,grey,electric,Rakan Niaga
2026-02-02,motokar,Proton,e.MAS 5,silver,electric,Rakan Niaga
2026-02-02,motokar,Proton,e.MAS 5,silver,electric,Melaka
2026-02-02,motokar,Proton,e.MAS 5,grey,electric,Rakan Niaga
2026-02-02,motokar,Proton,e.MAS 5,white,electric,Rakan Niaga
2026-02-02,motokar,Proton,e.MAS 5,silver,electric,Sarawak
2026-02-02,motokar,Proton,e.MAS 5,pink,electric,Pahang
2026-02-02,motokar,Proton,e.MAS 5,pink,electric,Rakan Niaga
2026-02-03,jip,BYD,Atto 2,grey,electric,Selangor
2026-02-03,jip,BYD,Atto 3,black,electric,Johor
2026-02-03,jip,BYD,Atto 3,white,electric,Rakan Niaga
2026-02-03,motokar_pelbagai_utiliti,BYD,M6,blue,electric,Rakan Niaga
2026-02-03,jip,BYD,Sealion,grey,electric,Kelantan
2026-02-03,jip,BYD,Sealion,grey,electric,Perak
2026-02-03,jip,Chery,iCaur 03,white,electric,Rakan Niaga
2026-02-03,jip,Chery,iCaur 03,black,electric,Pulau Pinang
2026-02-03,jip,Chery,iCaur 03,grey,electric,Rakan Niaga
2026-02-03,jip,Chery,iCaur V23,white,electric,Rakan Niaga
2026-02-03,jip,Chery,iCaur V23,grey,electric,Johor
2026-02-03,jip,Chery,iCaur V23,white,electric,Johor
2026-02-03,jip,Chery,iCaur V23,black,electric,W.P. Kuala Lumpur
2026-02-03,motokar,Dong Feng,Box E3,blue,electric,Selangor
2026-02-03,motokar,Great Wall,Ora,black,electric,Pulau Pinang
2026-02-03,motokar,MG,MG4,grey,electric,Rakan Niaga
2026-02-03,motokar,Neta,V,green,electric,Rakan Niaga
2026-02-03,jip,Neta,X,black,electric,Negeri Sembilan
2026-02-03,jip,Neta,X,white,electric,Rakan Niaga
2026-02-03,motokar,Proton,e.MAS 5,grey,electric,Rakan Niaga
2026-02-03,motokar,Proton,e.MAS 5,silver,electric,Rakan Niaga
2026-02-03,motokar,Proton,e.MAS 5,silver,electric,Pahang
2026-02-03,motokar,Proton,e.MAS 5,white,electric,Rakan Niaga
2026-02-03,motokar,Proton,e.MAS 5,pink,electric,Rakan Niaga
2026-02-03,motokar,Proton,e.MAS 5,grey,electric,W.P. Kuala Lumpur
2026-02-03,jip,Proton,e.MAS 7,silver,electric,Rakan Niaga
2026-02-03,jip,Proton,e.MAS 7,grey,electric,Selangor
2026-02-03,jip,Proton,e.MAS 7,silver,electric,W.P. Kuala Lumpur
2026-02-03,jip,Proton,e.MAS 7,silver,electric,Pahang
2026-02-03,jip,Smart,Brabus,beige,electric,W.P. Kuala Lumpur
2026-02-03,motokar,Tesla,Model 3,red,electric,Rakan Niaga
2026-02-03,motokar,Tesla,Model 3,white,electric,Rakan Niaga
2026-02-03,motokar,Tesla,Model 3,grey,electric,Rakan Niaga
2026-02-03,motokar,Tesla,Model 3,white,electric,W.P. Kuala Lumpur
2026-02-03,motokar,Tesla,Model 3,white,electric,Johor
2026-02-03,window_van,Xpeng,X9,white,electric,Rakan Niaga
2026-02-03,jip,Zeekr,7X,green,electric,Rakan Niaga
2026-02-03,jip,Zeekr,7X,grey,electric,Rakan Niaga
2026-02-04,motokar,BMW,i4,blue,electric,W.P. Kuala Lumpur
2026-02-04,jip,BYD,Atto 3,grey,electric,Rakan Niaga
2026-02-04,jip,BYD,Atto 3,white,electric,Rakan Niaga
2026-02-04,motokar_pelbagai_utiliti,BYD,M6,grey,electric,Rakan Niaga
2026-02-04,motokar,BYD,Seal 6,blue,electric,Rakan Niaga
2026-02-04,motokar,BYD,Seal,grey,electric,W.P. Kuala Lumpur
2026-02-04,motokar,BYD,Seal,black,electric,Rakan Niaga
2026-02-04,jip,BYD,Sealion,white,electric,Rakan Niaga
2026-02-04,jip,BYD,Sealion,grey,electric,Rakan Niaga
2026-02-04,jip,BYD,Sealion,black,electric,Rakan Niaga
2026-02-04,jip,Chery,iCaur 03,grey,electric,Rakan Niaga
2026-02-04,jip,Chery,iCaur V23,black,electric,Rakan Niaga
2026-02-04,jip,Chery,iCaur V23,grey,electric,Rakan Niaga
2026-02-04,jip,Chery,iCaur V23,green,electric,Rakan Niaga
2026-02-04,jip,Chery,Omoda 5,green,electric,Rakan Niaga
2026-02-04,motokar,Dong Feng,Box E3,white,electric,W.P. Kuala Lumpur
2026-02-04,motokar,Dong Feng,Box E3,purple,electric,Sabah
2026-02-04,motokar,Dong Feng,Box E3,blue,electric,Rakan Niaga
2026-02-04,motokar,Great Wall,Ora,purple,electric,Rakan Niaga
2026-02-04,motokar,Great Wall,Ora,beige,electric,Rakan Niaga
2026-02-04,jip,Leapmotor,C10,white,electric,Rakan Niaga
2026-02-04,motokar,Mercedes Benz,EQS,silver,electric,W.P. Kuala Lumpur
2026-02-04,motokar,MG,MG4,white,electric,Rakan Niaga
2026-02-04,motokar,MG,S5,grey,electric,Rakan Niaga
2026-02-04,jip,Mini,Aceman,orange,electric,W.P. Kuala Lumpur
2026-02-04,jip,Mini,Aceman,white,electric,W.P. Kuala Lumpur
2026-02-04,motokar,Proton,e.MAS 5,grey,electric,Melaka
2026-02-04,motokar,Proton,e.MAS 5,silver,electric,Rakan Niaga
2026-02-04,motokar,Proton,e.MAS 5,grey,electric,Rakan Niaga
2026-02-04,motokar,Proton,e.MAS 5,yellow,electric,Rakan Niaga
2026-02-04,motokar,Proton,e.MAS 5,white,electric,Selangor
2026-02-04,motokar,Proton,e.MAS 5,white,electric,Rakan Niaga
2026-02-04,motokar,Proton,e.MAS 5,white,electric,Sarawak
2026-02-04,motokar,Proton,e.MAS 5,pink,electric,Rakan Niaga
2026-02-04,motokar,Proton,e.MAS 5,grey,electric,Pulau Pinang
2026-02-04,jip,Proton,e.MAS 7,grey,electric,Rakan Niaga
2026-02-04,motokar,Tesla,Model 3,black,electric,Rakan Niaga
2026-02-04,motokar,Tesla,Model 3,grey,electric,Rakan Niaga
2026-02-04,motokar,Tesla,Model 3,grey,electric,Pulau Pinang
2026-02-04,motokar,Tesla,Model 3,grey,electric,W.P. Kuala Lumpur
2026-02-04,motokar,Tesla,Model Y,black,electric,Rakan Niaga
2026-02-04,motokar,Tesla,Model Y,grey,electric,Rakan Niaga
2026-02-04,motokar,Tesla,Model Y,white,electric,W.P. Kuala Lumpur
2026-02-04,window_van,Xpeng,X9,grey,electric,W.P. Kuala Lumpur
2026-02-04,window_van,Zeekr,009,white,electric,Pulau Pinang
2026-02-04,window_van,Zeekr,009,green,electric,W.P. Kuala Lumpur
2026-02-04,jip,Zeekr,7X,grey,electric,Rakan Niaga
2026-02-04,jip,Zeekr,7X,blue,electric,Selangor
2026-02-04,jip,Zeekr,7X,black,electric,Rakan Niaga
2026-02-04,jip,Zeekr,7X,grey,electric,Selangor
2026-02-04,jip,Zeekr,7X,green,electric,Selangor
2026-02-05,jip,BMW,iX2,grey,electric,Rakan Niaga
2026-02-05,jip,BYD,Atto 3,white,electric,Rakan Niaga
2026-02-05,jip,BYD,Atto 3,grey,electric,Rakan Niaga
2026-02-05,motokar_pelbagai_utiliti,BYD,M6,white,electric,Rakan Niaga
2026-02-05,motokar,BYD,Seal 6,blue,electric,Kelantan
2026-02-05,motokar,BYD,Seal 6,blue,electric,Rakan Niaga
2026-02-05,motokar,BYD,Seal 6,grey,electric,Rakan Niaga
2026-02-05,motokar,BYD,Seal 6,white,electric,Rakan Niaga
2026-02-05,jip,BYD,Sealion,grey,electric,Rakan Niaga
2026-02-05,jip,BYD,Sealion,white,electric,Rakan Niaga
2026-02-05,jip,Chery,iCaur 03,black,electric,Rakan Niaga
2026-02-05,jip,Chery,iCaur 03,grey,electric,Rakan Niaga
2026-02-05,jip,Chery,iCaur 03,white,electric,Rakan Niaga
2026-02-05,jip,Chery,iCaur 03,white,electric,W.P. Kuala Lumpur
2026-02-05,jip,Chery,iCaur V23,black,electric,Rakan Niaga
2026-02-05,jip,Chery,iCaur V23,grey,electric,Rakan Niaga
2026-02-05,jip,Chery,iCaur V23,green,electric,Rakan Niaga
2026-02-05,jip,Chery,iCaur V23,orange,electric,Rakan Niaga
2026-02-05,jip,Chery,iCaur V23,black,electric,Johor
2026-02-05,jip,Chery,iCaur V23,black,electric,Selangor
2026-02-05,motokar,Dong Feng,Box E3,blue,electric,Pahang
2026-02-05,motokar,Dong Feng,Box E3,blue,electric,Pulau Pinang
2026-02-05,jip,Leapmotor,B10,grey,electric,Pulau Pinang
2026-02-05,jip,Leapmotor,B10,blue,electric,Rakan Niaga
2026-02-05,jip,Leapmotor,B10,purple,electric,Rakan Niaga
2026-02-05,jip,Leapmotor,C10,grey,electric,Rakan Niaga
2026-02-05,motokar,MG,S5,gold,electric,Melaka
2026-02-05,motokar,MG,S5,silver,electric,Rakan Niaga
2026-02-05,motokar,Porsche,Taycan,silver,electric,Rakan Niaga
2026-02-05,motokar,Proton,e.MAS 5,silver,electric,Rakan Niaga
2026-02-05,motokar,Proton,e.MAS 5,pink,electric,Rakan Niaga
2026-02-05,motokar,Proton,e.MAS 5,white,electric,Rakan Niaga
2026-02-05,motokar,Proton,e.MAS 5,silver,electric,W.P. Kuala Lumpur
2026-02-05,motokar,Proton,e.MAS 5,yellow,electric,Rakan Niaga
2026-02-05,motokar,Proton,e.MAS 5,grey,electric,Rakan Niaga
2026-02-05,motokar,Proton,e.MAS 5,grey,electric,Selangor
2026-02-05,motokar,Proton,e.MAS 5,grey,electric,Pahang
2026-02-05,motokar,Proton,e.MAS 5,yellow,electric,Selangor
2026-02-05,motokar,Proton,e.MAS 5,pink,electric,Perak
2026-02-05,jip,Proton,e.MAS 7,silver,electric,Selangor
2026-02-05,jip,Proton,e.MAS 7,white,electric,Rakan Niaga
2026-02-05,jip,Proton,e.MAS 7,silver,electric,Rakan Niaga
2026-02-05,jip,Smart,Brabus,black,electric,W.P. Kuala Lumpur
2026-02-05,motokar,Tesla,Model 3,grey,electric,Rakan Niaga
2026-02-05,motokar,Tesla,Model Y,white,electric,Rakan Niaga
2026-02-05,jip,Xpeng,G6,black,electric,Rakan Niaga
2026-02-05,jip,Xpeng,G6,purple,electric,Rakan Niaga
2026-02-05,jip,Xpeng,G6,white,electric,Selangor
2026-02-05,jip,Xpeng,G6,purple,electric,Melaka
2026-02-05,jip,Xpeng,G6,white,electric,Rakan Niaga
2026-02-05,jip,Xpeng,G6,silver,electric,Rakan Niaga
2026-02-05,window_van,Xpeng,X9,silver,electric,Rakan Niaga
2026-02-05,window_van,Xpeng,X9,silver,electric,Selangor
2026-02-05,window_van,Xpeng,X9,white,electric,Rakan Niaga
2026-02-05,window_van,Xpeng,X9,black,electric,Selangor
2026-02-05,window_van,Xpeng,X9,black,electric,Rakan Niaga
2026-02-05,window_van,Zeekr,009,black,electric,Rakan Niaga
2026-02-05,jip,Zeekr,7X,green,electric,Rakan Niaga
2026-02-05,jip,Zeekr,7X,grey,electric,Rakan Niaga
2026-02-05,jip,Zeekr,7X,white,electric,Rakan Niaga
2026-02-05,jip,Zeekr,7X,black,electric,W.P. Kuala Lumpur
2026-02-05,jip,Zeekr,7X,grey,electric,W.P. Kuala Lumpur
2026-02-05,jip,Zeekr,7X,white,electric,Perak
2026-02-06,motokar,BMW,i7,black,electric,Rakan Niaga
2026-02-06,jip,BMW,iX,white,electric,Pahang
2026-02-06,jip,BMW,iX2,grey,electric,Selangor
2026-02-06,jip,BYD,Atto 3,grey,electric,Rakan Niaga
2026-02-06,jip,BYD,Atto 3,black,electric,Rakan Niaga
2026-02-06,jip,BYD,Atto 3,black,electric,Negeri Sembilan
2026-02-06,jip,BYD,Atto 3,white,electric,Rakan Niaga
2026-02-06,motokar,BYD,M6,black,electric,Rakan Niaga
2026-02-06,motokar,BYD,M6,blue,electric,W.P. Kuala Lumpur
2026-02-06,motokar_pelbagai_utiliti,BYD,M6,grey,electric,Rakan Niaga
2026-02-06,motokar,BYD,Seal 6,grey,electric,Rakan Niaga
2026-02-06,motokar,BYD,Seal 6,blue,electric,Rakan Niaga
2026-02-06,motokar,BYD,Seal 6,white,electric,Rakan Niaga
2026-02-06,motokar,BYD,Seal,grey,electric,Rakan Niaga
2026-02-06,jip,BYD,Sealion,grey,electric,Rakan Niaga
2026-02-06,jip,BYD,Sealion,white,electric,Rakan Niaga
2026-02-06,jip,Chery,iCaur 03,grey,electric,Rakan Niaga
2026-02-06,jip,Chery,iCaur 03,black,electric,W.P. Kuala Lumpur
2026-02-06,jip,Chery,iCaur 03,white,electric,Rakan Niaga
2026-02-06,jip,Chery,iCaur 03,black,electric,Selangor
2026-02-06,jip,Chery,iCaur 03,green,electric,Rakan Niaga
2026-02-06,jip,Chery,iCaur V23,green,electric,Rakan Niaga
2026-02-06,jip,Chery,iCaur V23,black,electric,Rakan Niaga
2026-02-06,jip,Chery,iCaur V23,white,electric,Johor
2026-02-06,jip,Chery,iCaur V23,black,electric,Johor
2026-02-06,jip,Chery,iCaur V23,black,electric,W.P. Kuala Lumpur
2026-02-06,jip,Chery,iCaur V23,green,electric,Johor
2026-02-06,motokar,Dong Feng,Box E3,purple,electric,Rakan Niaga
2026-02-06,motokar,Dong Feng,Box E3,silver,electric,Pulau Pinang
2026-02-06,motokar,Great Wall,Ora,black,electric,Rakan Niaga
2026-02-06,motokar,Great Wall,Ora,beige,electric,Rakan Niaga
2026-02-06,jip,Leapmotor,B10,grey,electric,Rakan Niaga
2026-02-06,jip,Leapmotor,B10,white,electric,Rakan Niaga
2026-02-06,jip,Leapmotor,C10,green,electric,W.P. Kuala Lumpur
2026-02-06,jip,Leapmotor,C10,grey,electric,W.P. Kuala Lumpur
2026-02-06,jip,Leapmotor,C10,white,electric,W.P. Kuala Lumpur
2026-02-06,jip,Leapmotor,C10,grey,electric,Rakan Niaga
2026-02-06,jip,Leapmotor,C10,white,electric,Rakan Niaga
2026-02-06,jip,Lotus,Eletre,black,electric,W.P. Kuala Lumpur
2026-02-06,motokar,MG,MG4,white,electric,Rakan Niaga
2026-02-06,motokar,MG,S5,gold,electric,Rakan Niaga
2026-02-06,motokar,MG,S5,silver,electric,Rakan Niaga
2026-02-06,motokar,Proton,e.MAS 5,white,electric,Rakan Niaga
2026-02-06,motokar,Proton,e.MAS 5,white,electric,Selangor
2026-02-06,motokar,Proton,e.MAS 5,yellow,electric,Rakan Niaga
2026-02-06,motokar,Proton,e.MAS 5,pink,electric,Rakan Niaga
2026-02-06,motokar,Proton,e.MAS 5,silver,electric,Rakan Niaga
2026-02-06,motokar,Proton,e.MAS 5,grey,electric,Rakan Niaga
2026-02-06,motokar,Proton,e.MAS 5,white,electric,W.P. Kuala Lumpur
2026-02-06,motokar,Proton,e.MAS 5,grey,electric,Sabah
2026-02-06,motokar,Proton,e.MAS 5,pink,electric,Johor
2026-02-06,motokar,Proton,e.MAS 5,silver,electric,W.P. Kuala Lumpur
2026-02-06,jip,Proton,e.MAS 7,silver,electric,Johor
2026-02-06,jip,Proton,e.MAS 7,silver,electric,Rakan Niaga
2026-02-06,jip,Smart,Brabus,red,electric,Rakan Niaga
2026-02-06,motokar,Tesla,Model 3,red,electric,Rakan Niaga
2026-02-06,motokar,Tesla,Model 3,red,electric,Melaka
2026-02-06,motokar,Tesla,Model 3,grey,electric,Rakan Niaga
2026-02-06,jip,Volvo,EX90,black,electric,Rakan Niaga
2026-02-06,jip,Xpeng,G6,black,electric,W.P. Kuala Lumpur
2026-02-06,jip,Xpeng,G6,grey,electric,Rakan Niaga
2026-02-06,jip,Xpeng,G6,purple,electric,Rakan Niaga
2026-02-06,jip,Xpeng,G6,silver,electric,Rakan Niaga
2026-02-06,window_van,Xpeng,X9,black,electric,Selangor
2026-02-06,window_van,Zeekr,009,white,electric,W.P. Kuala Lumpur
2026-02-06,window_van,Zeekr,009,white,electric,Rakan Niaga
2026-02-06,window_van,Zeekr,009,black,electric,Pulau Pinang
2026-02-06,window_van,Zeekr,009,black,electric,W.P. Kuala Lumpur
2026-02-06,jip,Zeekr,7X,blue,electric,W.P. Kuala Lumpur
2026-02-06,jip,Zeekr,7X,black,electric,W.P. Kuala Lumpur
2026-02-06,jip,Zeekr,7X,black,electric,Selangor
2026-02-06,jip,Zeekr,7X,green,electric,Rakan Niaga
2026-02-06,jip,Zeekr,7X,grey,electric,Selangor
2026-02-06,jip,Zeekr,7X,white,electric,W.P. Kuala Lumpur
2026-02-06,jip,Zeekr,7X,white,electric,Selangor
2026-02-06,jip,Zeekr,7X,grey,electric,Johor
2026-02-06,jip,Zeekr,7X,grey,electric,Rakan Niaga
2026-02-06,jip,Zeekr,7X,white,electric,Rakan Niaga
2026-02-07,jip,BYD,Atto 3,grey,electric,Rakan Niaga
2026-02-07,motokar,BYD,Seal,grey,electric,Rakan Niaga
2026-02-07,jip,BYD,Sealion,grey,electric,Rakan Niaga
2026-02-07,jip,Chery,iCaur 03,grey,electric,Rakan Niaga
2026-02-07,jip,Chery,iCaur 03,silver,electric,Rakan Niaga
2026-02-07,jip,Chery,iCaur V23,grey,electric,Rakan Niaga
2026-02-07,motokar,MG,MG4,red,electric,Rakan Niaga
2026-02-07,motokar,MG,S5,silver,electric,Rakan Niaga
2026-02-07,motokar,Proton,e.MAS 5,silver,electric,Rakan Niaga
2026-02-07,motokar,Proton,e.MAS 5,grey,electric,Rakan Niaga
2026-02-07,motokar,Proton,e.MAS 5,yellow,electric,Rakan Niaga
2026-02-07,motokar,Proton,e.MAS 5,white,electric,Rakan Niaga
2026-02-07,motokar,Proton,e.MAS 5,pink,electric,Rakan Niaga
2026-02-07,jip,Proton,e.MAS 7,silver,electric,Rakan Niaga
2026-02-07,jip,Smart,Brabus,beige,electric,Rakan Niaga
2026-02-07,window_van,Xpeng,X9,silver,electric,Rakan Niaga
2026-02-07,jip,Zeekr,7X,black,electric,Rakan Niaga
2026-02-08,jip,Chery,iCaur 03,silver,electric,Rakan Niaga
2026-02-08,jip,Zeekr,7X,white,electric,Rakan Niaga
2026-02-09,motokar,BMW,i4,red,electric,W.P. Kuala Lumpur
2026-02-09,motokar,BMW,i5,grey,electric,W.P. Kuala Lumpur
2026-02-09,jip,BMW,iX,white,electric,Johor
2026-02-09,jip,BYD,Atto 3,grey,electric,Sarawak
2026-02-09,jip,BYD,Atto 3,grey,electric,Rakan Niaga
2026-02-09,jip,BYD,Atto 3,black,electric,Rakan Niaga
2026-02-09,motokar_pelbagai_utiliti,BYD,M6,blue,electric,Rakan Niaga
2026-02-09,motokar,BYD,Seal 6,white,electric,Rakan Niaga
2026-02-09,motokar,BYD,Seal 6,grey,electric,Rakan Niaga
2026-02-09,motokar,BYD,Seal,grey,electric,Rakan Niaga
2026-02-09,jip,BYD,Sealion,grey,electric,Sabah
2026-02-09,jip,BYD,Sealion,grey,electric,Rakan Niaga
2026-02-09,jip,BYD,Sealion,grey,electric,Selangor
2026-02-09,jip,BYD,Sealion,black,electric,Rakan Niaga
2026-02-09,jip,Chery,iCaur 03,black,electric,Sarawak
2026-02-09,jip,Chery,iCaur 03,black,electric,Rakan Niaga
2026-02-09,jip,Chery,iCaur 03,white,electric,Johor
2026-02-09,jip,Chery,iCaur 03,white,electric,Rakan Niaga
2026-02-09,jip,Chery,iCaur V23,silver,electric,Rakan Niaga
2026-02-09,jip,Chery,iCaur V23,grey,electric,Rakan Niaga
2026-02-09,jip,Chery,iCaur V23,black,electric,W.P. Kuala Lumpur
2026-02-09,jip,Chery,iCaur V23,black,electric,Johor
2026-02-09,jip,Chery,iCaur V23,orange,electric,Rakan Niaga
2026-02-09,jip,Chery,iCaur V23,white,electric,Johor
2026-02-09,jip,Chery,iCaur V23,orange,electric,W.P. Kuala Lumpur
2026-02-09,jip,Chery,iCaur V23,black,electric,Selangor
2026-02-09,window_van,Denza,D9,black,electric,Rakan Niaga
2026-02-09,motokar,Dong Feng,Box E3,white,electric,Pulau Pinang
2026-02-09,motokar,Great Wall,Ora,grey,electric,Johor
2026-02-09,motokar,Great Wall,Ora,beige,electric,Rakan Niaga
2026-02-09,jip,Honda,e:N1,grey,electric,Rakan Niaga
2026-02-09,jip,Honda,e:N1,grey,electric,W.P. Kuala Lumpur
2026-02-09,jip,Kia,EV9,black,electric,Rakan Niaga
2026-02-09,jip,Leapmotor,B10,grey,electric,Rakan Niaga
2026-02-09,jip,Leapmotor,B10,purple,electric,Selangor
2026-02-09,jip,Leapmotor,B10,purple,electric,Rakan Niaga
2026-02-09,jip,Lexus,RZ,brown,electric,Selangor
2026-02-09,motokar,MG,MG4,orange,electric,Rakan Niaga
2026-02-09,motokar,MG,MG4,blue,electric,Sarawak
2026-02-09,motokar,MG,MG4,white,electric,Sarawak
2026-02-09,motokar,MG,MG4,grey,electric,Rakan Niaga
2026-02-09,motokar,MG,S5,silver,electric,Selangor
2026-02-09,motokar,MG,S5,grey,electric,Rakan Niaga
2026-02-09,jip,Mini,Countryman,grey,electric,Rakan Niaga
2026-02-09,jip,Porsche,Macan,green,electric,Rakan Niaga
2026-02-09,motokar,Proton,e.MAS 5,pink,electric,Rakan Niaga
2026-02-09,motokar,Proton,e.MAS 5,white,electric,W.P. Kuala Lumpur
2026-02-09,motokar,Proton,e.MAS 5,silver,electric,Rakan Niaga
2026-02-09,motokar,Proton,e.MAS 5,white,electric,Rakan Niaga
2026-02-09,motokar,Proton,e.MAS 5,grey,electric,Rakan Niaga
2026-02-09,motokar,Proton,e.MAS 5,yellow,electric,Selangor
2026-02-09,motokar,Proton,e.MAS 5,silver,electric,Sabah
2026-02-09,motokar,Proton,e.MAS 5,yellow,electric,Rakan Niaga
2026-02-09,motokar,Proton,e.MAS 5,white,electric,Selangor
2026-02-09,motokar,Proton,e.MAS 5,pink,electric,Sarawak
2026-02-09,motokar,Proton,e.MAS 5,white,electric,Kelantan
2026-02-09,jip,Proton,e.MAS 7,silver,electric,Rakan Niaga
2026-02-09,jip,Proton,e.MAS 7,white,electric,Rakan Niaga
2026-02-09,jip,Smart,Brabus,black,electric,Sarawak
2026-02-09,motokar,Tesla,Model 3,white,electric,Rakan Niaga
2026-02-09,motokar,Tesla,Model 3,grey,electric,W.P. Kuala Lumpur
2026-02-09,motokar,Tesla,Model 3,grey,electric,Rakan Niaga
2026-02-09,motokar,Tesla,Model 3,white,electric,Selangor
2026-02-09,motokar,Tesla,Model Y,white,electric,Rakan Niaga
2026-02-09,motokar,Tesla,Model Y,grey,electric,Rakan Niaga
2026-02-09,motokar,Tesla,Model Y,red,electric,Rakan Niaga
2026-02-09,motokar,Tesla,Model Y,silver,electric,Rakan Niaga
2026-02-09,motokar,TQ Wuling,Bingo,blue,electric,Rakan Niaga
2026-02-09,jip,Volvo,EC40,black,electric,Rakan Niaga
2026-02-09,jip,Volvo,EX30,blue,electric,Rakan Niaga
2026-02-09,window_van,Xpeng,X9,white,electric,W.P. Kuala Lumpur
2026-02-09,window_van,Zeekr,009,black,electric,Rakan Niaga
2026-02-09,window_van,Zeekr,009,white,electric,Rakan Niaga
2026-02-09,jip,Zeekr,7X,grey,electric,W.P. Kuala Lumpur
2026-02-09,jip,Zeekr,7X,white,electric,Rakan Niaga
2026-02-09,jip,Zeekr,7X,black,electric,W.P. Kuala Lumpur
2026-02-09,jip,Zeekr,7X,green,electric,Johor
2026-02-09,jip,Zeekr,7X,white,electric,W.P. Kuala Lumpur
2026-02-09,jip,Zeekr,7X,black,electric,Rakan Niaga
2026-02-09,jip,Zeekr,7X,green,electric,Rakan Niaga
2026-02-09,jip,Zeekr,7X,grey,electric,Selangor
2026-02-09,jip,Zeekr,7X,grey,electric,Rakan Niaga
2026-02-10,jip,Audi,Q8,blue,electric,W.P. Kuala Lumpur
2026-02-10,motokar,BMW,i5,black,electric,Rakan Niaga
2026-02-10,motokar,BMW,i5,grey,electric,Rakan Niaga
2026-02-10,jip,BYD,Atto 3,grey,electric,Rakan Niaga
2026-02-10,jip,BYD,Atto 3,white,electric,Rakan Niaga
2026-02-10,motokar_pelbagai_utiliti,BYD,M6,white,electric,Negeri Sembilan
2026-02-10,motokar_pelbagai_utiliti,BYD,M6,blue,electric,Rakan Niaga
2026-02-10,motokar,BYD,M6,grey,electric,Rakan Niaga
2026-02-10,motokar,BYD,M6,blue,electric,Rakan Niaga
2026-02-10,motokar,BYD,Seal 6,blue,electric,Rakan Niaga
2026-02-10,motokar,BYD,Seal 6,white,electric,Rakan Niaga
2026-02-10,motokar,BYD,Seal,grey,electric,Rakan Niaga
2026-02-10,jip,BYD,Sealion,grey,electric,Rakan Niaga
2026-02-10,jip,BYD,Sealion,white,electric,Rakan Niaga
2026-02-10,jip,Chery,iCaur 03,black,electric,Rakan Niaga
2026-02-10,jip,Chery,iCaur 03,white,electric,Rakan Niaga
2026-02-10,jip,Chery,iCaur 03,grey,electric,Rakan Niaga
2026-02-10,jip,Chery,iCaur V23,silver,electric,W.P. Kuala Lumpur
2026-02-10,jip,Chery,iCaur V23,orange,electric,Rakan Niaga
2026-02-10,jip,Chery,iCaur V23,silver,electric,Rakan Niaga
2026-02-10,jip,Chery,iCaur V23,white,electric,Rakan Niaga
2026-02-10,jip,Chery,iCaur V23,black,electric,Rakan Niaga
2026-02-10,jip,Chery,iCaur V23,green,electric,Rakan Niaga
2026-02-10,jip,Chery,iCaur V23,grey,electric,Rakan Niaga
2026-02-10,window_van,Denza,D9,black,electric,Rakan Niaga
2026-02-10,window_van,Denza,D9,blue,electric,W.P. Kuala Lumpur
2026-02-10,motokar,Dong Feng,Box E3,silver,electric,Rakan Niaga
2026-02-10,motokar,Dong Feng,Box E3,blue,electric,Rakan Niaga
2026-02-10,motokar,Great Wall,Ora,black,electric,Rakan Niaga
2026-02-10,jip,Kia,EV9,grey,electric,Johor
2026-02-10,jip,Leapmotor,B10,purple,electric,Rakan Niaga
2026-02-10,jip,Leapmotor,B10,blue,electric,Rakan Niaga
2026-02-10,jip,Leapmotor,B10,white,electric,Rakan Niaga
2026-02-10,jip,Lexus,RZ,white,electric,Rakan Niaga
2026-02-10,motokar,Mercedes Benz,EQS,grey,electric,Rakan Niaga
2026-02-10,motokar,Mercedes Benz,EQS,silver,electric,W.P. Kuala Lumpur
2026-02-10,motokar,MG,MG4,orange,electric,Rakan Niaga
2026-02-10,motokar,MG,MG4,white,electric,Rakan Niaga
2026-02-10,motokar,MG,MG4,red,electric,Rakan Niaga
2026-02-10,motokar,MG,S5,grey,electric,Rakan Niaga
2026-02-10,motokar,MG,S5,grey,electric,W.P. Kuala Lumpur
2026-02-10,motokar,MG,S5,white,electric,Rakan Niaga
2026-02-10,jip,Mini,Aceman,blue,electric,Perak
2026-02-10,jip,Mini,Aceman,silver,electric,Pulau Pinang
2026-02-10,jip,Porsche,Macan,blue,electric,Johor
2026-02-10,motokar,Proton,e.MAS 5,yellow,electric,Rakan Niaga
2026-02-10,motokar,Proton,e.MAS 5,white,electric,Rakan Niaga
2026-02-10,motokar,Proton,e.MAS 5,grey,electric,Rakan Niaga
2026-02-10,motokar,Proton,e.MAS 5,yellow,electric,Sabah
2026-02-10,motokar,Proton,e.MAS 5,silver,electric,Rakan Niaga
2026-02-10,motokar,Proton,e.MAS 5,grey,electric,W.P. Kuala Lumpur
2026-02-10,motokar,Proton,e.MAS 5,silver,electric,Selangor
2026-02-10,motokar,Proton,e.MAS 5,white,electric,Selangor
2026-02-10,jip,Proton,e.MAS 7,silver,electric,Rakan Niaga
2026-02-10,jip,Proton,e.MAS 7,grey,electric,Rakan Niaga
2026-02-10,jip,Smart,Brabus,red,electric,Rakan Niaga
2026-02-10,motokar,Tesla,Model 3,white,electric,Rakan Niaga
2026-02-10,motokar,Tesla,Model 3,grey,electric,W.P. Kuala Lumpur
2026-02-10,motokar,Tesla,Model 3,grey,electric,Rakan Niaga
2026-02-10,motokar,Tesla,Model Y,grey,electric,Rakan Niaga
2026-02-10,motokar,Tesla,Model Y,white,electric,Rakan Niaga
2026-02-10,motokar,Tesla,Model Y,blue,electric,Selangor
2026-02-10,motokar,TQ Wuling,Bingo,purple,electric,Rakan Niaga
2026-02-10,motokar,TQ Wuling,Bingo,white,electric,Rakan Niaga
2026-02-10,motokar,TQ Wuling,Bingo,blue,electric,Rakan Niaga
2026-02-10,motokar,TQ Wuling,Bingo,white,electric,Selangor
2026-02-10,jip,Xpeng,G6,grey,electric,Rakan Niaga
2026-02-10,jip,Xpeng,G6,purple,electric,Rakan Niaga
2026-02-10,jip,Xpeng,G6,white,electric,Rakan Niaga
2026-02-10,window_van,Xpeng,X9,silver,electric,Rakan Niaga
2026-02-10,window_van,Xpeng,X9,white,electric,Rakan Niaga
2026-02-10,window_van,Zeekr,009,black,electric,W.P. Kuala Lumpur
2026-02-10,window_van,Zeekr,009,black,electric,Rakan Niaga
2026-02-10,window_van,Zeekr,009,white,electric,W.P. Kuala Lumpur
2026-02-10,window_van,Zeekr,009,white,electric,Rakan Niaga
2026-02-10,jip,Zeekr,7X,grey,electric,Rakan Niaga
2026-02-10,jip,Zeekr,7X,green,electric,W.P. Kuala Lumpur
2026-02-10,jip,Zeekr,7X,green,electric,Perak
2026-02-10,jip,Zeekr,7X,blue,electric,Rakan Niaga
2026-02-10,jip,Zeekr,7X,white,electric,Rakan Niaga
2026-02-10,jip,Zeekr,7X,black,electric,Rakan Niaga
2026-02-11,motokar,BMW,i4,grey,electric,Rakan Niaga
2026-02-11,jip,BMW,iX,blue,electric,Sabah
2026-02-11,jip,BMW,iX,white,electric,W.P. Kuala Lumpur
2026-02-11,jip,BYD,Atto 3,white,electric,Rakan Niaga
2026-02-11,jip,BYD,Atto 3,grey,electric,Rakan Niaga
2026-02-11,jip,BYD,Atto 3,black,electric,Rakan Niaga
2026-02-11,jip,BYD,Atto 3,white,electric,Perak
2026-02-11,jip,BYD,Atto 3,black,electric,W.P. Kuala Lumpur
2026-02-11,motokar,BYD,Seal 6,blue,electric,Rakan Niaga
2026-02-11,motokar,BYD,Seal 6,white,electric,Rakan Niaga
2026-02-11,motokar,BYD,Seal 6,yellow,electric,Rakan Niaga
2026-02-11,motokar,BYD,Seal 6,grey,electric,Rakan Niaga
2026-02-11,motokar,BYD,Seal,white,electric,Sabah
2026-02-11,motokar,BYD,Seal,grey,electric,Rakan Niaga
2026-02-11,jip,BYD,Sealion,grey,electric,Rakan Niaga
2026-02-11,jip,BYD,Sealion,grey,electric,Sabah
2026-02-11,jip,BYD,Sealion,white,electric,Perak
2026-02-11,jip,BYD,Sealion,black,electric,W.P. Kuala Lumpur
2026-02-11,jip,BYD,Sealion,black,electric,Rakan Niaga
2026-02-11,jip,Chery,iCaur 03,grey,electric,Rakan Niaga
2026-02-11,jip,Chery,iCaur 03,black,electric,Rakan Niaga
2026-02-11,jip,Chery,iCaur 03,white,electric,Perak
2026-02-11,jip,Chery,iCaur 03,black,electric,Sabah
2026-02-11,jip,Chery,iCaur 03,black,electric,Johor
2026-02-11,jip,Chery,iCaur 03,gold,electric,W.P. Kuala Lumpur
2026-02-11,jip,Chery,iCaur V23,black,electric,Rakan Niaga
2026-02-11,jip,Chery,iCaur V23,green,electric,Rakan Niaga
2026-02-11,jip,Chery,iCaur V23,black,electric,Johor
2026-02-11,jip,Chery,iCaur V23,black,electric,W.P. Kuala Lumpur
2026-02-11,jip,Chery,iCaur V23,silver,electric,Rakan Niaga
2026-02-11,jip,Chery,iCaur V23,green,electric,Negeri Sembilan
2026-02-11,jip,Chery,iCaur V23,black,electric,Sabah
2026-02-11,jip,Chery,iCaur V23,white,electric,Pahang
2026-02-11,jip,Chery,iCaur V23,grey,electric,Rakan Niaga
2026-02-11,jip,Chery,iCaur V23,orange,electric,W.P. Kuala Lumpur
2026-02-11,jip,Chery,Omoda 5,black,electric,Rakan Niaga
2026-02-11,window_van,Denza,D9,black,electric,Rakan Niaga
2026-02-11,motokar,Great Wall,Ora,black,electric,Rakan Niaga
2026-02-11,jip,Honda,e:N1,white,electric,Rakan Niaga
2026-02-11,jip,Leapmotor,B10,white,electric,Rakan Niaga
2026-02-11,jip,Leapmotor,B10,grey,electric,Rakan Niaga
2026-02-11,jip,Leapmotor,B10,purple,electric,Rakan Niaga
2026-02-11,jip,Leapmotor,C10,white,electric,Rakan Niaga
2026-02-11,motokar,Mercedes Benz,EQS,silver,electric,Rakan Niaga
2026-02-11,motokar,Mercedes Benz,EQS,grey,electric,Rakan Niaga
2026-02-11,motokar,MG,Cyberster,yellow,electric,Rakan Niaga
2026-02-11,motokar,MG,ZS,blue,electric,Rakan Niaga
2026-02-11,motokar,MG,MG4,black,electric,Rakan Niaga
2026-02-11,motokar,MG,MG4,orange,electric,Rakan Niaga
2026-02-11,motokar,MG,MG4,grey,electric,Rakan Niaga
2026-02-11,motokar,MG,MG4,white,electric,Rakan Niaga
2026-02-11,motokar,MG,MG4,red,electric,Rakan Niaga
2026-02-11,motokar,MG,S5,silver,electric,Rakan Niaga
2026-02-11,motokar,MG,S5,grey,electric,Rakan Niaga
2026-02-11,motokar,MG,S5,white,electric,Rakan Niaga
2026-02-11,jip,Mini,Aceman,grey,electric,Rakan Niaga
2026-02-11,jip,Neta,X,white,electric,Rakan Niaga
2026-02-11,motokar,Proton,e.MAS 5,silver,electric,Rakan Niaga
2026-02-11,motokar,Proton,e.MAS 5,white,electric,Rakan Niaga
2026-02-11,motokar,Proton,e.MAS 5,pink,electric,Rakan Niaga
2026-02-11,motokar,Proton,e.MAS 5,white,electric,Pulau Pinang
2026-02-11,motokar,Proton,e.MAS 5,grey,electric,Rakan Niaga
2026-02-11,motokar,Proton,e.MAS 5,yellow,electric,Rakan Niaga
2026-02-11,motokar,Proton,e.MAS 5,white,electric,Johor
2026-02-11,motokar,Proton,e.MAS 5,silver,electric,W.P. Kuala Lumpur
2026-02-11,motokar,Proton,e.MAS 5,grey,electric,Pulau Pinang
2026-02-11,motokar,Proton,e.MAS 5,grey,electric,Selangor
2026-02-11,jip,Proton,e.MAS 7,silver,electric,Selangor
2026-02-11,jip,Proton,e.MAS 7,grey,electric,Rakan Niaga
2026-02-11,jip,Proton,e.MAS 7,white,electric,Rakan Niaga
2026-02-11,jip,Proton,e.MAS 7,pink,electric,Rakan Niaga
2026-02-11,jip,Smart,Brabus,grey,electric,Rakan Niaga
2026-02-11,motokar,Tesla,Model Y,grey,electric,Selangor
2026-02-11,motokar,Tesla,Model Y,grey,electric,Rakan Niaga
2026-02-11,motokar,Tesla,Model Y,white,electric,Rakan Niaga
2026-02-11,motokar,TQ Wuling,Bingo,blue,electric,Rakan Niaga
2026-02-11,jip,Xpeng,G6,purple,electric,Rakan Niaga
2026-02-11,jip,Xpeng,G6,black,electric,Rakan Niaga
2026-02-11,jip,Xpeng,G6,grey,electric,Rakan Niaga
2026-02-11,window_van,Xpeng,X9,black,electric,Selangor
2026-02-11,window_van,Xpeng,X9,black,electric,Rakan Niaga
2026-02-11,window_van,Xpeng,X9,grey,electric,Rakan Niaga
2026-02-11,window_van,Zeekr,009,black,electric,W.P. Kuala Lumpur
2026-02-11,window_van,Zeekr,009,black,electric,Rakan Niaga
2026-02-11,window_van,Zeekr,009,white,electric,Rakan Niaga
2026-02-11,window_van,Zeekr,009,black,electric,Selangor
2026-02-11,window_van,Zeekr,009,white,electric,W.P. Kuala Lumpur
2026-02-11,jip,Zeekr,7X,green,electric,Rakan Niaga
2026-02-11,jip,Zeekr,7X,white,electric,Rakan Niaga
2026-02-11,jip,Zeekr,7X,grey,electric,Rakan Niaga
2026-02-11,jip,Zeekr,7X,black,electric,W.P. Kuala Lumpur
2026-02-11,jip,Zeekr,7X,black,electric,Rakan Niaga
2026-02-11,jip,Zeekr,7X,white,electric,W.P. Kuala Lumpur
2026-02-12,window_van,Zeekr,009,black,electric,Rakan Niaga
2026-02-12,window_van,Zeekr,009,green,electric,W.P. Kuala Lumpur
2026-02-12,window_van,Zeekr,009,white,electric,Pulau Pinang
2026-02-12,jip,Zeekr,7X,green,electric,W.P. Kuala Lumpur
2026-02-12,jip,Zeekr,7X,grey,electric,Rakan Niaga
2026-02-12,jip,Zeekr,7X,grey,electric,Selangor
2026-02-12,jip,Zeekr,7X,white,electric,W.P. Kuala Lumpur
2026-02-12,jip,Zeekr,7X,green,electric,Rakan Niaga
2026-02-12,jip,Zeekr,7X,white,electric,Rakan Niaga
2026-02-12,motokar,BMW,i4,grey,electric,Rakan Niaga
2026-02-12,motokar,BMW,i5,grey,electric,Sabah
2026-02-12,motokar,BMW,i7,black,electric,W.P. Kuala Lumpur
2026-02-12,jip,BYD,Atto 3,black,electric,Rakan Niaga
2026-02-12,jip,BYD,Atto 3,white,electric,Rakan Niaga
2026-02-12,jip,BYD,Atto 3,grey,electric,Rakan Niaga
2026-02-12,motokar_pelbagai_utiliti,BYD,M6,blue,electric,Rakan Niaga
2026-02-12,motokar,BYD,Seal 6,blue,electric,Rakan Niaga
2026-02-12,motokar,BYD,Seal 6,white,electric,Rakan Niaga
2026-02-12,motokar,BYD,Seal 6,grey,electric,Rakan Niaga
2026-02-12,motokar,BYD,Seal,grey,electric,Rakan Niaga
2026-02-12,jip,BYD,Sealion,black,electric,Sarawak
2026-02-12,jip,BYD,Sealion,grey,electric,Rakan Niaga
2026-02-12,jip,BYD,Sealion,white,electric,Kelantan
2026-02-12,jip,Chery,iCaur 03,grey,electric,Rakan Niaga
2026-02-12,jip,Chery,iCaur 03,black,electric,Johor
2026-02-12,jip,Chery,iCaur 03,white,electric,Selangor
2026-02-12,jip,Chery,iCaur 03,grey,electric,Johor
2026-02-12,jip,Chery,iCaur 03,white,electric,Rakan Niaga
2026-02-12,jip,Chery,iCaur 03,green,electric,Rakan Niaga
2026-02-12,jip,Chery,iCaur 03,black,electric,Rakan Niaga
2026-02-12,jip,Chery,iCaur 03,black,electric,Terengganu
2026-02-12,jip,Chery,iCaur 03,silver,electric,W.P. Kuala Lumpur
2026-02-12,jip,Chery,iCaur V23,white,electric,Rakan Niaga
2026-02-12,jip,Chery,iCaur V23,green,electric,Rakan Niaga
2026-02-12,jip,Chery,iCaur V23,black,electric,Rakan Niaga
2026-02-12,jip,Chery,iCaur V23,green,electric,W.P. Kuala Lumpur
2026-02-12,jip,Chery,iCaur V23,green,electric,Selangor
2026-02-12,jip,Chery,iCaur V23,silver,electric,Rakan Niaga
2026-02-12,jip,Chery,iCaur V23,white,electric,Kedah
2026-02-12,jip,Chery,Omoda 5,black,electric,Rakan Niaga
2026-02-12,window_van,Denza,D9,black,electric,W.P. Kuala Lumpur
2026-02-12,window_van,Denza,D9,white,electric,Rakan Niaga
2026-02-12,window_van,Denza,D9,white,electric,W.P. Kuala Lumpur
2026-02-12,window_van,Denza,D9,blue,electric,Rakan Niaga
2026-02-12,motokar,Dong Feng,Box E3,white,electric,Rakan Niaga
2026-02-12,motokar,Dong Feng,Box E3,silver,electric,W.P. Kuala Lumpur
2026-02-12,motokar,Dong Feng,Box E3,blue,electric,Rakan Niaga
2026-02-12,motokar,Great Wall,Ora,purple,electric,Johor
2026-02-12,motokar,Great Wall,Ora,black,electric,Rakan Niaga
2026-02-12,motokar,Great Wall,Ora,grey,electric,Rakan Niaga
2026-02-12,motokar,Great Wall,Ora,blue,electric,Rakan Niaga
2026-02-12,motokar,Great Wall,Ora,green,electric,Rakan Niaga
2026-02-12,jip,Honda,e:N1,white,electric,Rakan Niaga
2026-02-12,jip,Kia,EV9,blue,electric,Melaka
2026-02-12,jip,Kia,EV9,blue,electric,Johor
2026-02-12,jip,Leapmotor,B10,white,electric,Rakan Niaga
2026-02-12,jip,Leapmotor,C10,grey,electric,Rakan Niaga
2026-02-12,jip,Lexus,RZ,gold,electric,Rakan Niaga
2026-02-12,motokar,Lotus,Emeya,yellow,electric,W.P. Kuala Lumpur
2026-02-12,motokar,Mercedes Benz,EQS,silver,electric,Rakan Niaga
2026-02-12,motokar,Mercedes Benz,EQS,black,electric,Pulau Pinang
2026-02-12,motokar,Mercedes Benz,EQS,black,electric,Rakan Niaga
2026-02-12,motokar,Mercedes Benz,EQS,white,electric,W.P. Kuala Lumpur
2026-02-12,motokar,Mercedes Benz,EQS,silver,electric,W.P. Kuala Lumpur
2026-02-12,motokar,Mercedes Benz,EQS,grey,electric,Rakan Niaga
2026-02-12,motokar,Mercedes Benz,EQS,silver,electric,Kedah
2026-02-12,motokar,MG,MG4,orange,electric,Rakan Niaga
2026-02-12,motokar,MG,MG4,red,electric,Rakan Niaga
2026-02-12,motokar,MG,MG4,black,electric,Rakan Niaga
2026-02-12,motokar,MG,MG4,blue,electric,Rakan Niaga
2026-02-12,motokar,MG,MG4,grey,electric,Rakan Niaga
2026-02-12,motokar,MG,MG4,red,electric,Sarawak
2026-02-12,motokar,MG,MG4,white,electric,Pulau Pinang
2026-02-12,motokar,MG,MG4,silver,electric,Rakan Niaga
2026-02-12,motokar,MG,MG4,white,electric,Rakan Niaga
2026-02-12,motokar,MG,MG4,grey,electric,Sarawak
2026-02-12,motokar,MG,S5,silver,electric,Rakan Niaga
2026-02-12,motokar,MG,S5,grey,electric,Rakan Niaga
2026-02-12,motokar,MG,S5,beige,electric,Rakan Niaga
2026-02-12,motokar,MG,S5,silver,electric,W.P. Kuala Lumpur
2026-02-12,motokar,MG,S5,silver,electric,Sarawak
2026-02-12,jip,Mini,Aceman,orange,electric,Rakan Niaga
2026-02-12,motokar,Mini,Cooper,yellow,electric,W.P. Kuala Lumpur
2026-02-12,jip,Porsche,Macan,grey,electric,Rakan Niaga
2026-02-12,jip,Porsche,Macan,green,electric,W.P. Kuala Lumpur
2026-02-12,motokar,Proton,e.MAS 5,pink,electric,Rakan Niaga
2026-02-12,motokar,Proton,e.MAS 5,yellow,electric,Rakan Niaga
2026-02-12,motokar,Proton,e.MAS 5,white,electric,Rakan Niaga
2026-02-12,motokar,Proton,e.MAS 5,silver,electric,Rakan Niaga
2026-02-12,motokar,Proton,e.MAS 5,yellow,electric,Sabah
2026-02-12,motokar,Proton,e.MAS 5,grey,electric,Rakan Niaga
2026-02-12,motokar,Proton,e.MAS 5,silver,electric,Selangor
2026-02-12,motokar,Proton,e.MAS 5,pink,electric,Sabah
2026-02-12,motokar,Proton,e.MAS 5,white,electric,Sabah
2026-02-12,motokar,Proton,e.MAS 5,silver,electric,Perak
2026-02-12,motokar,Proton,e.MAS 5,yellow,electric,Sarawak
2026-02-12,motokar,Proton,e.MAS 5,white,electric,Johor
2026-02-12,motokar,Proton,e.MAS 5,white,electric,Pulau Pinang
2026-02-12,motokar,Proton,e.MAS 5,yellow,electric,Selangor
2026-02-12,jip,Proton,e.MAS 7,silver,electric,Rakan Niaga
2026-02-12,jip,Proton,e.MAS 7,white,electric,Rakan Niaga
2026-02-12,jip,Proton,e.MAS 7,black,electric,Sabah
2026-02-12,jip,Smart,Brabus,grey,electric,Rakan Niaga
2026-02-12,jip,Smart,Brabus,black,electric,Rakan Niaga
2026-02-12,jip,Smart,Brabus,beige,electric,Rakan Niaga
2026-02-12,motokar,Tesla,Model 3,white,electric,Rakan Niaga
2026-02-12,motokar,TQ Wuling,Bingo,white,electric,Rakan Niaga
2026-02-12,motokar,TQ Wuling,Bingo,blue,electric,Rakan Niaga
2026-02-12,motokar,TQ Wuling,Bingo,purple,electric,Rakan Niaga
2026-02-12,jip,Volvo,EX30,blue,electric,Rakan Niaga
2026-02-12,jip,Volvo,EX30,blue,electric,W.P. Kuala Lumpur
2026-02-12,jip,Volvo,EX90,black,electric,Pulau Pinang
2026-02-12,jip,Xpeng,G6,black,electric,Rakan Niaga
2026-02-12,jip,Xpeng,G6,purple,electric,Rakan Niaga
2026-02-12,jip,Xpeng,G6,silver,electric,Rakan Niaga
2026-02-12,jip,Xpeng,G6,grey,electric,Rakan Niaga
2026-02-12,jip,Xpeng,G6,white,electric,Rakan Niaga
2026-02-12,window_van,Xpeng,X9,white,electric,Rakan Niaga
2026-02-12,window_van,Xpeng,X9,silver,electric,Rakan Niaga
2026-02-13,motokar,BMW,i4,blue,electric,Selangor
2026-02-13,motokar,BMW,i5,white,electric,Johor
2026-02-13,jip,BMW,iX,white,electric,Rakan Niaga
2026-02-13,jip,BYD,Atto 3,grey,electric,Rakan Niaga
2026-02-13,jip,BYD,Atto 3,black,electric,Rakan Niaga
2026-02-13,jip,BYD,Atto 3,white,electric,Rakan Niaga
2026-02-13,jip,BYD,Atto 3,grey,electric,Selangor
2026-02-13,motokar,BYD,M6,blue,electric,Rakan Niaga
2026-02-13,motokar,BYD,M6,grey,electric,Rakan Niaga
2026-02-13,motokar_pelbagai_utiliti,BYD,M6,grey,electric,Rakan Niaga
2026-02-13,motokar,BYD,Seal 6,blue,electric,Rakan Niaga
2026-02-13,motokar,BYD,Seal 6,white,electric,Rakan Niaga
2026-02-13,motokar,BYD,Seal 6,grey,electric,Rakan Niaga
2026-02-13,jip,BYD,Sealion,grey,electric,Rakan Niaga
2026-02-13,jip,BYD,Sealion,white,electric,W.P. Kuala Lumpur
2026-02-13,jip,BYD,Sealion,black,electric,Rakan Niaga
2026-02-13,jip,BYD,Sealion,black,electric,Sabah
2026-02-13,jip,BYD,Sealion,white,electric,Rakan Niaga
2026-02-13,jip,BYD,Sealion,grey,electric,Perak
2026-02-13,jip,BYD,Sealion,black,electric,Selangor
2026-02-13,jip,Chery,iCaur 03,green,electric,Rakan Niaga
2026-02-13,jip,Chery,iCaur 03,black,electric,Johor
2026-02-13,jip,Chery,iCaur 03,black,electric,Rakan Niaga
2026-02-13,jip,Chery,iCaur 03,white,electric,Rakan Niaga
2026-02-13,jip,Chery,iCaur 03,grey,electric,Rakan Niaga
2026-02-13,jip,Chery,iCaur 03,black,electric,Melaka
2026-02-13,jip,Chery,iCaur 03,silver,electric,Rakan Niaga
2026-02-13,jip,Chery,iCaur 03,black,electric,W.P. Kuala Lumpur
2026-02-13,jip,Chery,iCaur V23,grey,electric,Rakan Niaga
2026-02-13,jip,Chery,iCaur V23,grey,electric,W.P. Kuala Lumpur
2026-02-13,jip,Chery,iCaur V23,green,electric,Rakan Niaga
2026-02-13,jip,Chery,iCaur V23,black,electric,W.P. Kuala Lumpur
2026-02-13,jip,Chery,iCaur V23,green,electric,Johor
2026-02-13,jip,Chery,iCaur V23,orange,electric,Rakan Niaga
2026-02-13,jip,Chery,iCaur V23,black,electric,Rakan Niaga
2026-02-13,jip,Chery,iCaur V23,white,electric,Perak
2026-02-13,jip,Chery,iCaur V23,white,electric,Rakan Niaga
2026-02-13,jip,Chery,Omoda 5,white,electric,Rakan Niaga
2026-02-13,motokar,Dong Feng,Box E3,blue,electric,Rakan Niaga
2026-02-13,motokar,Dong Feng,Box E3,white,electric,W.P. Kuala Lumpur
2026-02-13,motokar,Great Wall,Ora,grey,electric,Johor
2026-02-13,motokar,Great Wall,Ora,beige,electric,Pulau Pinang
2026-02-13,jip,Honda,e:N1,white,electric,Rakan Niaga
2026-02-13,jip,Leapmotor,B10,grey,electric,Rakan Niaga
2026-02-13,jip,Leapmotor,B10,black,electric,Rakan Niaga
2026-02-13,jip,Leapmotor,B10,white,electric,Rakan Niaga
2026-02-13,jip,Leapmotor,C10,green,electric,Rakan Niaga
2026-02-13,motokar,Lexus,RZ,black,electric,W.P. Kuala Lumpur
2026-02-13,motokar,Mercedes Benz,EQS,grey,electric,W.P. Kuala Lumpur
2026-02-13,motokar,Mercedes Benz,EQS,blue,electric,Rakan Niaga
2026-02-13,motokar,Mercedes Benz,EQS,silver,electric,Rakan Niaga
2026-02-13,motokar,Mercedes Benz,EQS,black,electric,W.P. Kuala Lumpur
2026-02-13,window_van,Mercedes Benz,EQV,black,electric,Rakan Niaga
2026-02-13,motokar,MG,MG4,grey,electric,Rakan Niaga
2026-02-13,motokar,MG,MG4,orange,electric,Melaka
2026-02-13,motokar,MG,MG4,white,electric,Rakan Niaga
2026-02-13,motokar,MG,MG4,green,electric,W.P. Kuala Lumpur
2026-02-13,motokar,MG,MG4,black,electric,Rakan Niaga
2026-02-13,motokar,MG,MG4,orange,electric,Rakan Niaga
2026-02-13,motokar,MG,S5,grey,electric,Rakan Niaga
2026-02-13,motokar,MG,S5,silver,electric,Rakan Niaga
2026-02-13,motokar,MG,S5,grey,electric,Sarawak
2026-02-13,motokar,Mini,Cooper,white,electric,Melaka
2026-02-13,jip,Porsche,Macan,grey,electric,W.P. Kuala Lumpur
2026-02-13,jip,Porsche,Macan,grey,electric,Rakan Niaga
2026-02-13,motokar,Proton,e.MAS 5,white,electric,Rakan Niaga
2026-02-13,motokar,Proton,e.MAS 5,silver,electric,Johor
2026-02-13,motokar,Proton,e.MAS 5,grey,electric,Pahang
2026-02-13,motokar,Proton,e.MAS 5,pink,electric,Rakan Niaga
2026-02-13,motokar,Proton,e.MAS 5,grey,electric,Rakan Niaga
2026-02-13,motokar,Proton,e.MAS 5,white,electric,Johor
2026-02-13,motokar,Proton,e.MAS 5,white,electric,W.P. Kuala Lumpur
2026-02-13,motokar,Proton,e.MAS 5,silver,electric,Melaka
2026-02-13,motokar,Proton,e.MAS 5,silver,electric,Rakan Niaga
2026-02-13,motokar,Proton,e.MAS 5,yellow,electric,Rakan Niaga
2026-02-13,motokar,Proton,e.MAS 5,silver,electric,Selangor
2026-02-13,motokar,Proton,e.MAS 5,white,electric,Melaka
2026-02-13,motokar,Proton,e.MAS 5,silver,electric,Pulau Pinang
2026-02-13,motokar,Proton,e.MAS 5,yellow,electric,Selangor
2026-02-13,motokar,Proton,e.MAS 5,yellow,electric,Negeri Sembilan
2026-02-13,motokar,Proton,e.MAS 5,yellow,electric,Sarawak
2026-02-13,motokar,Proton,e.MAS 5,silver,electric,W.P. Kuala Lumpur
2026-02-13,motokar,Proton,e.MAS 5,white,electric,Pahang
2026-02-13,motokar,Proton,e.MAS 5,pink,electric,Sabah
2026-02-13,motokar,Proton,e.MAS 5,grey,electric,W.P. Kuala Lumpur
2026-02-13,jip,Proton,e.MAS 7,silver,electric,Johor
2026-02-13,jip,Proton,e.MAS 7,white,electric,Rakan Niaga
2026-02-13,jip,Proton,e.MAS 7,black,electric,Pulau Pinang
2026-02-13,jip,Proton,e.MAS 7,black,electric,Rakan Niaga
2026-02-13,jip,Smart,Brabus,black,electric,Rakan Niaga
2026-02-13,jip,Smart,Brabus,white,electric,W.P. Kuala Lumpur
2026-02-13,jip,Smart,Brabus,red,electric,Rakan Niaga
2026-02-13,motokar,Tesla,Model 3,grey,electric,Rakan Niaga
2026-02-13,motokar,Tesla,Model 3,white,electric,Rakan Niaga
2026-02-13,motokar,Tesla,Model Y,grey,electric,Johor
2026-02-13,motokar,TQ Wuling,Bingo,white,electric,Rakan Niaga
2026-02-13,motokar,TQ Wuling,Bingo,purple,electric,Rakan Niaga
2026-02-13,motokar,TQ Wuling,Bingo,blue,electric,Rakan Niaga
2026-02-13,motokar,TQ Wuling,Bingo,white,electric,Pulau Pinang
2026-02-13,jip,Xpeng,G6,white,electric,Rakan Niaga
2026-02-13,jip,Xpeng,G6,grey,electric,W.P. Kuala Lumpur
2026-02-13,jip,Xpeng,G6,grey,electric,Rakan Niaga
2026-02-13,jip,Xpeng,G6,black,electric,W.P. Kuala Lumpur
2026-02-13,jip,Xpeng,G6,purple,electric,Rakan Niaga
2026-02-13,jip,Xpeng,G6,silver,electric,Rakan Niaga
2026-02-13,window_van,Xpeng,X9,white,electric,W.P. Kuala Lumpur
2026-02-13,window_van,Xpeng,X9,black,electric,Rakan Niaga
2026-02-13,window_van,Zeekr,009,white,electric,Rakan Niaga
2026-02-13,window_van,Zeekr,009,white,electric,Pulau Pinang
2026-02-13,window_van,Zeekr,009,black,electric,Rakan Niaga
2026-02-13,window_van,Zeekr,009,black,electric,W.P. Kuala Lumpur
2026-02-13,jip,Zeekr,7X,blue,electric,Rakan Niaga
2026-02-13,jip,Zeekr,7X,grey,electric,Rakan Niaga
2026-02-13,jip,Zeekr,7X,green,electric,Rakan Niaga
2026-02-13,jip,Zeekr,7X,grey,electric,Perak
2026-02-13,jip,Zeekr,7X,white,electric,Rakan Niaga
2026-02-13,jip,Zeekr,7X,black,electric,Rakan Niaga
2026-02-13,jip,Zeekr,7X,green,electric,W.P. Kuala Lumpur
2026-02-14,jip,BYD,Atto 3,white,electric,Rakan Niaga
2026-02-14,jip,BYD,Atto 3,grey,electric,Rakan Niaga
2026-02-14,motokar_pelbagai_utiliti,BYD,M6,black,electric,Rakan Niaga
2026-02-14,motokar,BYD,M6,blue,electric,Rakan Niaga
2026-02-14,motokar,BYD,Seal 6,yellow,electric,Rakan Niaga
2026-02-14,jip,BYD,Sealion,white,electric,Rakan Niaga
2026-02-14,jip,BYD,Sealion,grey,electric,Rakan Niaga
2026-02-14,jip,Chery,iCaur 03,black,electric,Rakan Niaga
2026-02-14,jip,Chery,iCaur V23,grey,electric,Rakan Niaga
2026-02-14,jip,Chery,iCaur V23,white,electric,Rakan Niaga
2026-02-14,jip,Chery,iCaur V23,green,electric,Rakan Niaga
2026-02-14,jip,Chery,Omoda 5,white,electric,Rakan Niaga
2026-02-14,window_van,Denza,D9,black,electric,Rakan Niaga
2026-02-14,jip,Leapmotor,B10,black,electric,Rakan Niaga
2026-02-14,jip,Leapmotor,C10,green,electric,Rakan Niaga
2026-02-14,jip,Leapmotor,C10,white,electric,Rakan Niaga
2026-02-14,motokar,Mercedes Benz,EQS,blue,electric,Rakan Niaga
2026-02-14,motokar,MG,MG4,orange,electric,Rakan Niaga
2026-02-14,motokar,MG,MG4,white,electric,Rakan Niaga
2026-02-14,motokar,MG,MG4,grey,electric,Rakan Niaga
2026-02-14,motokar,MG,S5,grey,electric,Rakan Niaga
2026-02-14,motokar,MG,S5,white,electric,Rakan Niaga
2026-02-14,jip,Mini,Aceman,green,electric,Rakan Niaga
2026-02-14,jip,Neta,X,grey,electric,Rakan Niaga
2026-02-14,motokar,Proton,e.MAS 5,yellow,electric,Rakan Niaga
2026-02-14,motokar,Proton,e.MAS 5,grey,electric,Rakan Niaga
2026-02-14,motokar,Proton,e.MAS 5,pink,electric,Rakan Niaga
2026-02-14,motokar,Proton,e.MAS 5,silver,electric,Rakan Niaga
2026-02-14,motokar,Proton,e.MAS 5,white,electric,Rakan Niaga
2026-02-14,jip,Proton,e.MAS 7,silver,electric,Rakan Niaga
2026-02-14,jip,Proton,e.MAS 7,green,electric,Rakan Niaga
2026-02-14,jip,Proton,e.MAS 7,white,electric,Rakan Niaga
2026-02-14,jip,Proton,e.MAS 7,pink,electric,Rakan Niaga
2026-02-14,jip,Proton,e.MAS 7,grey,electric,Rakan Niaga
2026-02-14,jip,Smart,Brabus,white,electric,Rakan Niaga
2026-02-14,jip,Xpeng,G6,purple,electric,Rakan Niaga
2026-02-14,jip,Zeekr,7X,white,electric,Rakan Niaga
2026-02-14,jip,Zeekr,7X,grey,electric,Rakan Niaga
2026-02-14,jip,Zeekr,7X,green,electric,Rakan Niaga
2026-02-15,motokar,BYD,Seal 6,grey,electric,Rakan Niaga
2026-02-15,window_van,Denza,D9,white,electric,Rakan Niaga
2026-02-15,motokar,Proton,e.MAS 5,grey,electric,Rakan Niaga
2026-02-15,motokar,Proton,e.MAS 5,white,electric,Rakan Niaga
2026-02-15,motokar,Proton,e.MAS 5,yellow,electric,Kedah
2026-02-15,motokar,Proton,e.MAS 5,pink,electric,Rakan Niaga
2026-02-15,jip,Proton,e.MAS 7,white,electric,Kelantan
2026-02-15,jip,Zeekr,7X,blue,electric,Rakan Niaga
2026-02-16,jip,BYD,Atto 2,white,electric,Rakan Niaga
2026-02-16,jip,BYD,Atto 3,grey,electric,Rakan Niaga
2026-02-16,jip,BYD,Atto 3,grey,electric,Melaka
2026-02-16,motokar,BYD,Seal 6,blue,electric,Negeri Sembilan
2026-02-16,motokar,BYD,Seal 6,white,electric,Rakan Niaga
2026-02-16,motokar,BYD,Seal 6,grey,electric,Rakan Niaga
2026-02-16,motokar,BYD,Seal 6,blue,electric,Rakan Niaga
2026-02-16,motokar,BYD,Seal,black,electric,Rakan Niaga
2026-02-16,jip,BYD,Sealion,black,electric,Rakan Niaga
2026-02-16,jip,Chery,iCaur 03,black,electric,Rakan Niaga
2026-02-16,jip,Chery,iCaur 03,grey,electric,Rakan Niaga
2026-02-16,jip,Chery,iCaur 03,green,electric,Rakan Niaga
2026-02-16,jip,Chery,iCaur 03,green,electric,W.P. Kuala Lumpur
2026-02-16,jip,Chery,iCaur V23,green,electric,W.P. Kuala Lumpur
2026-02-16,jip,Chery,iCaur V23,green,electric,Rakan Niaga
2026-02-16,jip,Chery,iCaur V23,grey,electric,W.P. Kuala Lumpur
2026-02-16,jip,Chery,iCaur V23,black,electric,Perak
2026-02-16,jip,Chery,iCaur V23,orange,electric,W.P. Kuala Lumpur
2026-02-16,jip,Chery,iCaur V23,black,electric,Rakan Niaga
2026-02-16,jip,Chery,iCaur V23,silver,electric,Johor
2026-02-16,jip,Chery,iCaur V23,black,electric,Melaka
2026-02-16,window_van,Denza,D9,blue,electric,W.P. Kuala Lumpur
2026-02-16,motokar,Dong Feng,Box E3,blue,electric,Rakan Niaga
2026-02-16,motokar,Great Wall,Ora,beige,electric,Selangor
2026-02-16,jip,Honda,e:N1,white,electric,Selangor
2026-02-16,jip,Honda,e:N1,grey,electric,Selangor
2026-02-16,jip,Leapmotor,B10,blue,electric,Rakan Niaga
2026-02-16,jip,Leapmotor,B10,black,electric,Rakan Niaga
2026-02-16,jip,Leapmotor,B10,grey,electric,Rakan Niaga
2026-02-16,jip,Leapmotor,B10,blue,electric,W.P. Kuala Lumpur
2026-02-16,jip,Leapmotor,C10,white,electric,Rakan Niaga
2026-02-16,motokar,Mercedes Benz,EQS,white,electric,Rakan Niaga
2026-02-16,motokar,MG,MG4,grey,electric,Rakan Niaga
2026-02-16,motokar,MG,MG4,white,electric,Pulau Pinang
2026-02-16,motokar,MG,MG4,red,electric,Rakan Niaga
2026-02-16,motokar,MG,S5,grey,electric,Sarawak
2026-02-16,jip,Mini,John Cooper Works,white,electric,Rakan Niaga
2026-02-16,motokar,Mini,John Cooper Works,white,electric,Johor
2026-02-16,motokar,Proton,e.MAS 5,silver,electric,Rakan Niaga
2026-02-16,motokar,Proton,e.MAS 5,pink,electric,Rakan Niaga
2026-02-16,motokar,Proton,e.MAS 5,white,electric,Rakan Niaga
2026-02-16,motokar,Proton,e.MAS 5,yellow,electric,W.P. Kuala Lumpur
2026-02-16,motokar,Proton,e.MAS 5,grey,electric,Rakan Niaga
2026-02-16,motokar,Proton,e.MAS 5,yellow,electric,Rakan Niaga
2026-02-16,motokar,Proton,e.MAS 5,pink,electric,Pulau Pinang
2026-02-16,motokar,Proton,e.MAS 5,white,electric,Pahang
2026-02-16,motokar,Proton,e.MAS 5,pink,electric,Johor
2026-02-16,motokar,Proton,e.MAS 5,grey,electric,Pulau Pinang
2026-02-16,motokar,Proton,e.MAS 5,silver,electric,Selangor
2026-02-16,motokar,Proton,e.MAS 5,white,electric,Johor
2026-02-16,motokar,Proton,e.MAS 5,yellow,electric,Selangor
2026-02-16,motokar,Proton,e.MAS 5,silver,electric,Pahang
2026-02-16,jip,Proton,e.MAS 7,grey,electric,Rakan Niaga
2026-02-16,jip,Proton,e.MAS 7,silver,electric,Rakan Niaga
2026-02-16,jip,Proton,e.MAS 7,white,electric,Rakan Niaga
2026-02-16,jip,Proton,e.MAS 7,pink,electric,Rakan Niaga
2026-02-16,jip,Proton,e.MAS 7,green,electric,Rakan Niaga
2026-02-16,jip,Proton,e.MAS 7,black,electric,W.P. Kuala Lumpur
2026-02-16,jip,Proton,e.MAS 7,black,electric,Rakan Niaga
2026-02-16,jip,Smart,Brabus,grey,electric,Rakan Niaga
2026-02-16,motokar,Tesla,Model 3,red,electric,Rakan Niaga
2026-02-16,motokar,Tesla,Model 3,grey,electric,Rakan Niaga
2026-02-16,motokar,Tesla,Model Y,white,electric,Rakan Niaga
2026-02-16,jip,Xpeng,G6,black,electric,Selangor
2026-02-16,window_van,Zeekr,009,black,electric,W.P. Kuala Lumpur
2026-02-16,window_van,Zeekr,009,white,electric,Rakan Niaga
2026-02-16,jip,Zeekr,7X,black,electric,Rakan Niaga
2026-02-16,jip,Zeekr,7X,green,electric,W.P. Kuala Lumpur
2026-02-16,jip,Zeekr,7X,grey,electric,Rakan Niaga
2026-02-17,motokar,Proton,e.MAS 5,silver,electric,Rakan Niaga
2026-02-19,jip,BYD,Atto 3,white,electric,Rakan Niaga
2026-02-19,jip,BYD,Atto 3,grey,electric,Rakan Niaga
2026-02-19,motokar,BYD,Seal 6,yellow,electric,Rakan Niaga
2026-02-19,jip,Chery,iCaur 03,silver,electric,W.P. Kuala Lumpur
2026-02-19,jip,Honda,e:N1,grey,electric,Rakan Niaga
2026-02-19,jip,Leapmotor,B10,grey,electric,Rakan Niaga
2026-02-19,jip,Leapmotor,C10,grey,electric,Rakan Niaga
2026-02-19,motokar,MG,MG4,grey,electric,Sarawak
2026-02-19,motokar,Proton,e.MAS 5,grey,electric,Rakan Niaga
2026-02-19,motokar,Proton,e.MAS 5,white,electric,Rakan Niaga
2026-02-19,motokar,Proton,e.MAS 5,white,electric,W.P. Kuala Lumpur
2026-02-19,motokar,Proton,e.MAS 5,yellow,electric,Rakan Niaga
2026-02-19,motokar,Proton,e.MAS 5,pink,electric,Rakan Niaga
2026-02-19,motokar,Proton,e.MAS 5,white,electric,Sabah
2026-02-19,motokar,Proton,e.MAS 5,silver,electric,W.P. Kuala Lumpur
2026-02-19,motokar,Proton,e.MAS 5,silver,electric,Rakan Niaga
2026-02-19,motokar,Proton,e.MAS 5,yellow,electric,Selangor
2026-02-19,motokar,Proton,e.MAS 5,yellow,electric,Pahang
2026-02-19,jip,Proton,e.MAS 7,white,electric,Rakan Niaga
2026-02-19,jip,Proton,e.MAS 7,green,electric,Rakan Niaga
2026-02-19,motokar,Tesla,Model 3,black,electric,Rakan Niaga
2026-02-19,motokar,TQ Wuling,Bingo,white,electric,Rakan Niaga
2026-02-19,jip,Volvo,EC40,white,electric,Rakan Niaga
2026-02-19,jip,Volvo,EC40,silver,electric,Rakan Niaga
2026-02-19,jip,Volvo,EC40,beige,electric,Rakan Niaga
2026-02-19,motokar,Volvo,ES90,black,electric,Rakan Niaga
2026-02-19,jip,Volvo,EX30,black,electric,Selangor
2026-02-19,window_van,Zeekr,009,black,electric,Selangor
2026-02-19,jip,Zeekr,7X,green,electric,Pahang
2026-02-20,motokar,BYD,Seal 6,white,electric,W.P. Kuala Lumpur
2026-02-20,jip,BYD,Sealion,white,electric,Sarawak
2026-02-20,jip,Chery,iCaur 03,grey,electric,Rakan Niaga
2026-02-20,jip,Chery,iCaur V23,white,electric,Rakan Niaga
2026-02-20,jip,Chery,iCaur V23,black,electric,Rakan Niaga
2026-02-20,motokar,Dong Feng,Box E3,purple,electric,Rakan Niaga
2026-02-20,jip,Kia,EV9,green,electric,Rakan Niaga
2026-02-20,jip,Leapmotor,B10,blue,electric,Rakan Niaga
2026-02-20,jip,Leapmotor,B10,purple,electric,Rakan Niaga
2026-02-20,motokar,MG,MG4,grey,electric,Rakan Niaga
2026-02-20,motokar,MG,MG4,red,electric,Rakan Niaga
2026-02-20,jip,Neta,X,black,electric,Rakan Niaga
2026-02-20,motokar,Proton,e.MAS 5,pink,electric,Rakan Niaga
2026-02-20,motokar,Proton,e.MAS 5,yellow,electric,Rakan Niaga
2026-02-20,motokar,Proton,e.MAS 5,grey,electric,Rakan Niaga
2026-02-20,motokar,Proton,e.MAS 5,white,electric,Rakan Niaga
2026-02-20,motokar,Proton,e.MAS 5,silver,electric,Rakan Niaga
2026-02-20,motokar,Proton,e.MAS 5,silver,electric,W.P. Kuala Lumpur
2026-02-20,motokar,Proton,e.MAS 5,grey,electric,Selangor
2026-02-20,motokar,Proton,e.MAS 5,grey,electric,W.P. Kuala Lumpur
2026-02-20,motokar,Proton,e.MAS 5,white,electric,Pahang
2026-02-20,jip,Proton,e.MAS 7,silver,electric,Rakan Niaga
2026-02-20,jip,Proton,e.MAS 7,white,electric,W.P. Kuala Lumpur
2026-02-20,jip,Proton,e.MAS 7,black,electric,Rakan Niaga
2026-02-20,jip,Proton,e.MAS 7,pink,electric,Rakan Niaga
2026-02-20,jip,Proton,e.MAS 7,grey,electric,Rakan Niaga
2026-02-20,jip,Smart,Brabus,silver,electric,Rakan Niaga
2026-02-20,motokar,Tesla,Model 3,grey,electric,Rakan Niaga
2026-02-20,motokar,Volvo,ES90,blue,electric,Selangor
2026-02-20,motokar,Volvo,ES90,black,electric,W.P. Kuala Lumpur
2026-02-20,motokar,Volvo,ES90,silver,electric,Selangor
2026-02-20,jip,Xpeng,G6,grey,electric,Rakan Niaga
2026-02-20,window_van,Xpeng,X9,white,electric,Rakan Niaga
2026-02-20,window_van,Zeekr,009,white,electric,Rakan Niaga
2026-02-20,window_van,Zeekr,009,black,electric,Rakan Niaga
2026-02-20,jip,Zeekr,7X,white,electric,Pahang
2026-02-20,jip,Zeekr,7X,green,electric,W.P. Kuala Lumpur
2026-02-20,jip,Zeekr,7X,green,electric,Selangor
2026-02-21,jip,BMW,iX2,grey,electric,Rakan Niaga
2026-02-21,jip,BYD,Atto 3,grey,electric,Rakan Niaga
2026-02-21,jip,BYD,Atto 3,black,electric,Rakan Niaga
2026-02-21,jip,Chery,iCaur V23,green,electric,Rakan Niaga
2026-02-21,jip,Chery,Omoda 5,black,electric,Rakan Niaga
2026-02-21,motokar,Great Wall,Ora,green,electric,Rakan Niaga
2026-02-21,jip,Leapmotor,B10,grey,electric,Rakan Niaga
2026-02-21,motokar,MG,MG4,red,electric,Rakan Niaga
2026-02-21,motokar,Proton,e.MAS 5,yellow,electric,Rakan Niaga
2026-02-21,motokar,Proton,e.MAS 5,grey,electric,Rakan Niaga
2026-02-21,motokar,Proton,e.MAS 5,pink,electric,Rakan Niaga
2026-02-21,motokar,Proton,e.MAS 5,silver,electric,Rakan Niaga
2026-02-21,jip,Proton,e.MAS 7,green,electric,Rakan Niaga
2026-02-21,jip,Proton,e.MAS 7,grey,electric,Rakan Niaga
2026-02-21,jip,Proton,e.MAS 7,silver,electric,Rakan Niaga
2026-02-21,jip,Proton,e.MAS 7,white,electric,Rakan Niaga
2026-02-21,jip,Proton,e.MAS 7,pink,electric,Rakan Niaga
2026-02-21,jip,Proton,e.MAS 7,black,electric,Rakan Niaga
2026-02-21,jip,Smart,Brabus,silver,electric,Rakan Niaga
2026-02-21,jip,Zeekr,7X,black,electric,Rakan Niaga
2026-02-22,jip,BYD,Sealion,grey,electric,Terengganu
2026-02-22,jip,Chery,iCaur V23,white,electric,Rakan Niaga
2026-02-22,jip,Zeekr,7X,green,electric,Rakan Niaga
2026-02-23,jip,Audi,Q8,grey,electric,W.P. Kuala Lumpur
2026-02-23,jip,BMW,iX1,black,electric,Rakan Niaga
2026-02-23,jip,BYD,Atto 3,grey,electric,Rakan Niaga
2026-02-23,jip,BYD,Atto 3,black,electric,Rakan Niaga
2026-02-23,jip,BYD,Atto 3,white,electric,Rakan Niaga
2026-02-23,motokar,BYD,M6,blue,electric,Rakan Niaga
2026-02-23,motokar_pelbagai_utiliti,BYD,M6,black,electric,Rakan Niaga
2026-02-23,jip,BYD,Sealion,grey,electric,Rakan Niaga
2026-02-23,jip,Chery,iCaur 03,black,electric,W.P. Kuala Lumpur
2026-02-23,jip,Chery,iCaur 03,white,electric,W.P. Kuala Lumpur
2026-02-23,jip,Chery,iCaur 03,green,electric,Rakan Niaga
2026-02-23,jip,Chery,iCaur 03,green,electric,W.P. Kuala Lumpur
2026-02-23,jip,Chery,iCaur V23,black,electric,Rakan Niaga
2026-02-23,jip,Chery,iCaur V23,green,electric,Rakan Niaga
2026-02-23,motokar,Great Wall,Ora,grey,electric,Rakan Niaga
2026-02-23,motokar,Great Wall,Ora,beige,electric,Rakan Niaga
2026-02-23,jip,Leapmotor,B10,black,electric,Rakan Niaga
2026-02-23,jip,Leapmotor,B10,black,electric,W.P. Kuala Lumpur
2026-02-23,jip,Leapmotor,C10,white,electric,Rakan Niaga
2026-02-23,jip,Leapmotor,C10,green,electric,Rakan Niaga
2026-02-23,motokar,MG,MG4,grey,electric,Rakan Niaga
2026-02-23,motokar,MG,MG4,red,electric,Rakan Niaga
2026-02-23,motokar,Proton,e.MAS 5,silver,electric,Rakan Niaga
2026-02-23,motokar,Proton,e.MAS 5,yellow,electric,Rakan Niaga
2026-02-23,motokar,Proton,e.MAS 5,white,electric,Rakan Niaga
2026-02-23,motokar,Proton,e.MAS 5,yellow,electric,Negeri Sembilan
2026-02-23,motokar,Proton,e.MAS 5,grey,electric,Rakan Niaga
2026-02-23,motokar,Proton,e.MAS 5,pink,electric,Negeri Sembilan
2026-02-23,motokar,Proton,e.MAS 5,yellow,electric,Selangor
2026-02-23,motokar,Proton,e.MAS 5,pink,electric,Rakan Niaga
2026-02-23,motokar,Proton,e.MAS 5,yellow,electric,Perak
2026-02-23,jip,Proton,e.MAS 7,silver,electric,Rakan Niaga
2026-02-23,jip,Proton,e.MAS 7,grey,electric,Rakan Niaga
2026-02-23,jip,Proton,e.MAS 7,white,electric,Rakan Niaga
2026-02-23,jip,Proton,e.MAS 7,black,electric,Rakan Niaga
2026-02-23,jip,Proton,e.MAS 7,pink,electric,Pahang
2026-02-23,jip,Proton,e.MAS 7,green,electric,Rakan Niaga
2026-02-23,jip,Proton,e.MAS 7,grey,electric,W.P. Kuala Lumpur
2026-02-23,jip,Smart,Brabus,red,electric,Sarawak
2026-02-23,motokar,Tesla,Model 3,red,electric,Rakan Niaga
2026-02-23,motokar,Tesla,Model 3,grey,electric,Johor
2026-02-23,motokar,Tesla,Model 3,grey,electric,Rakan Niaga
2026-02-23,motokar,Tesla,Model 3,white,electric,W.P. Kuala Lumpur
2026-02-23,motokar,Tesla,Model 3,white,electric,Rakan Niaga
2026-02-23,motokar,Tesla,Model Y,grey,electric,Rakan Niaga
2026-02-23,motokar,TQ Wuling,Bingo,blue,electric,Rakan Niaga
2026-02-23,motokar,TQ Wuling,Bingo,white,electric,Rakan Niaga
2026-02-23,motokar,TQ Wuling,Bingo,purple,electric,Rakan Niaga
2026-02-23,jip,Volvo,EX30,black,electric,Rakan Niaga
2026-02-23,jip,Volvo,EX90,black,electric,W.P. Kuala Lumpur
2026-02-23,jip,Xpeng,G6,black,electric,W.P. Kuala Lumpur
2026-02-23,jip,Xpeng,G6,purple,electric,Rakan Niaga
2026-02-23,window_van,Zeekr,009,white,electric,Rakan Niaga
2026-02-23,jip,Zeekr,7X,blue,electric,Selangor
2026-02-23,jip,Zeekr,7X,blue,electric,W.P. Kuala Lumpur
2026-02-23,jip,Zeekr,7X,blue,electric,Rakan Niaga
2026-02-23,jip,Zeekr,7X,white,electric,Rakan Niaga
2026-02-23,jip,Zeekr,7X,grey,electric,Melaka
2026-02-23,jip,Zeekr,7X,grey,electric,Rakan Niaga
2026-02-24,motokar,BMW,i4,grey,electric,W.P. Kuala Lumpur
2026-02-24,jip,BMW,iX,grey,electric,W.P. Kuala Lumpur
2026-02-24,jip,BMW,iX,black,electric,W.P. Kuala Lumpur
2026-02-24,jip,BMW,iX2,black,electric,Selangor
2026-02-24,jip,BYD,Atto 2,grey,electric,Rakan Niaga
2026-02-24,jip,BYD,Atto 3,white,electric,Rakan Niaga
2026-02-24,jip,BYD,Atto 3,grey,electric,Rakan Niaga
2026-02-24,jip,BYD,Atto 3,black,electric,Rakan Niaga
2026-02-24,motokar_pelbagai_utiliti,BYD,M6,blue,electric,Rakan Niaga
2026-02-24,motokar,BYD,Seal 6,yellow,electric,Rakan Niaga
2026-02-24,motokar,BYD,Seal 6,grey,electric,Rakan Niaga
2026-02-24,motokar,BYD,Seal 6,blue,electric,W.P. Kuala Lumpur
2026-02-24,motokar,BYD,Seal 6,white,electric,Rakan Niaga
2026-02-24,motokar,BYD,Seal,white,electric,Rakan Niaga
2026-02-24,jip,BYD,Sealion,grey,electric,Rakan Niaga
2026-02-24,jip,BYD,Sealion,black,electric,Rakan Niaga
2026-02-24,jip,Chery,iCaur 03,grey,electric,Rakan Niaga
2026-02-24,jip,Chery,iCaur 03,white,electric,Rakan Niaga
2026-02-24,jip,Chery,iCaur 03,green,electric,W.P. Kuala Lumpur
2026-02-24,jip,Chery,iCaur V23,black,electric,Rakan Niaga
2026-02-24,jip,Chery,iCaur V23,white,electric,W.P. Kuala Lumpur
2026-02-24,jip,Chery,iCaur V23,silver,electric,Perak
2026-02-24,jip,Chery,iCaur V23,white,electric,Rakan Niaga
2026-02-24,jip,Chery,iCaur V23,orange,electric,Rakan Niaga
2026-02-24,jip,Chery,iCaur V23,silver,electric,Rakan Niaga
2026-02-24,jip,Chery,iCaur V23,grey,electric,Rakan Niaga
2026-02-24,window_van,Denza,D9,black,electric,Rakan Niaga
2026-02-24,jip,Honda,e:N1,blue,electric,W.P. Kuala Lumpur
2026-02-24,jip,Leapmotor,B10,grey,electric,Rakan Niaga
2026-02-24,jip,Leapmotor,B10,white,electric,Rakan Niaga
2026-02-24,jip,Leapmotor,C10,grey,electric,Rakan Niaga
2026-02-24,motokar,Mercedes Benz,EQS,silver,electric,Rakan Niaga
2026-02-24,motokar,MG,Cyberster,red,electric,Rakan Niaga
2026-02-24,motokar,MG,MG4,grey,electric,Rakan Niaga
2026-02-24,motokar,MG,MG4,white,electric,Rakan Niaga
2026-02-24,motokar,MG,MG4,orange,electric,W.P. Kuala Lumpur
2026-02-24,motokar,MG,S5,silver,electric,Sarawak
2026-02-24,motokar,MG,S5,grey,electric,Rakan Niaga
2026-02-24,motokar,MG,S5,grey,electric,Sarawak
2026-02-24,motokar,MG,S5,silver,electric,Rakan Niaga
2026-02-24,motokar,Mini,Cooper,white,electric,W.P. Kuala Lumpur
2026-02-24,jip,Mini,John Cooper Works,grey,electric,Rakan Niaga
2026-02-24,motokar,Proton,e.MAS 5,silver,electric,Rakan Niaga
2026-02-24,motokar,Proton,e.MAS 5,white,electric,Kelantan
2026-02-24,motokar,Proton,e.MAS 5,white,electric,Rakan Niaga
2026-02-24,motokar,Proton,e.MAS 5,pink,electric,Rakan Niaga
2026-02-24,motokar,Proton,e.MAS 5,grey,electric,Rakan Niaga
2026-02-24,motokar,Proton,e.MAS 5,yellow,electric,Rakan Niaga
2026-02-24,motokar,Proton,e.MAS 5,white,electric,Terengganu
2026-02-24,motokar,Proton,e.MAS 5,silver,electric,W.P. Kuala Lumpur
2026-02-24,motokar,Proton,e.MAS 5,pink,electric,W.P. Kuala Lumpur
2026-02-24,motokar,Proton,e.MAS 5,grey,electric,Sabah
2026-02-24,motokar,Proton,e.MAS 5,white,electric,Johor
2026-02-24,motokar,Proton,e.MAS 5,white,electric,Selangor
2026-02-24,motokar,Proton,e.MAS 5,white,electric,Pulau Pinang
2026-02-24,jip,Proton,e.MAS 7,white,electric,Rakan Niaga
2026-02-24,jip,Proton,e.MAS 7,black,electric,Rakan Niaga
2026-02-24,jip,Proton,e.MAS 7,green,electric,Rakan Niaga
2026-02-24,jip,Proton,e.MAS 7,grey,electric,Selangor
2026-02-24,jip,Proton,e.MAS 7,grey,electric,Rakan Niaga
2026-02-24,jip,Smart,Brabus,white,electric,Rakan Niaga
2026-02-24,jip,Smart,Brabus,beige,electric,Rakan Niaga
2026-02-24,motokar,Tesla,Model 3,grey,electric,Rakan Niaga
2026-02-24,motokar,Tesla,Model 3,black,electric,Rakan Niaga
2026-02-24,motokar,Tesla,Model 3,red,electric,Rakan Niaga
2026-02-24,motokar,Tesla,Model Y,silver,electric,Rakan Niaga
2026-02-24,motokar,Tesla,Model Y,white,electric,Rakan Niaga
2026-02-24,motokar,Tesla,Model Y,grey,electric,Rakan Niaga
2026-02-24,motokar,TQ Wuling,Bingo,white,electric,Rakan Niaga
2026-02-24,jip,Volvo,EC40,black,electric,Rakan Niaga
2026-02-24,jip,Volvo,EX30,blue,electric,Rakan Niaga
2026-02-24,jip,Volvo,EX30,white,electric,Rakan Niaga
2026-02-24,jip,Volvo,EX30,grey,electric,Rakan Niaga
2026-02-24,window_van,Zeekr,009,black,electric,Rakan Niaga
2026-02-24,window_van,Zeekr,009,white,electric,Rakan Niaga
2026-02-24,jip,Zeekr,7X,black,electric,Rakan Niaga
2026-02-24,jip,Zeekr,7X,white,electric,Rakan Niaga
2026-02-24,jip,Zeekr,7X,green,electric,Rakan Niaga
2026-02-25,jip,BYD,Atto 2,grey,electric,Rakan Niaga
2026-02-25,jip,BYD,Atto 2,green,electric,Rakan Niaga
2026-02-25,jip,BYD,Atto 3,white,electric,Sabah
2026-02-25,jip,BYD,Atto 3,grey,electric,Rakan Niaga
2026-02-25,jip,BYD,Atto 3,white,electric,W.P. Kuala Lumpur
2026-02-25,motokar_pelbagai_utiliti,BYD,M6,grey,electric,Rakan Niaga
2026-02-25,motokar_pelbagai_utiliti,BYD,M6,blue,electric,Rakan Niaga
2026-02-25,motokar,BYD,M6,white,electric,Rakan Niaga
2026-02-25,motokar,BYD,Seal 6,grey,electric,Rakan Niaga
2026-02-25,motokar,BYD,Seal 6,white,electric,Selangor
2026-02-25,motokar,BYD,Seal 6,blue,electric,Rakan Niaga
2026-02-25,motokar,BYD,Seal 6,white,electric,Rakan Niaga
2026-02-25,motokar,BYD,Seal,grey,electric,Rakan Niaga
2026-02-25,jip,BYD,Sealion,grey,electric,Rakan Niaga
2026-02-25,jip,Chery,iCaur 03,white,electric,Rakan Niaga
2026-02-25,jip,Chery,iCaur 03,silver,electric,Rakan Niaga
2026-02-25,jip,Chery,iCaur 03,grey,electric,Rakan Niaga
2026-02-25,jip,Chery,iCaur 03,green,electric,Johor
2026-02-25,jip,Chery,iCaur 03,black,electric,W.P. Kuala Lumpur
2026-02-25,jip,Chery,iCaur V23,green,electric,Johor
2026-02-25,jip,Chery,iCaur V23,orange,electric,W.P. Kuala Lumpur
2026-02-25,jip,Chery,iCaur V23,orange,electric,Rakan Niaga
2026-02-25,jip,Chery,iCaur V23,green,electric,Rakan Niaga
2026-02-25,jip,Chery,iCaur V23,silver,electric,Rakan Niaga
2026-02-25,jip,Chery,iCaur V23,black,electric,W.P. Kuala Lumpur
2026-02-25,jip,Chery,iCaur V23,grey,electric,Rakan Niaga
2026-02-25,window_van,Denza,D9,white,electric,Rakan Niaga
2026-02-25,motokar,Dong Feng,Box E3,white,electric,Rakan Niaga
2026-02-25,motokar,Dong Feng,Box E3,blue,electric,Rakan Niaga
2026-02-25,motokar,Dong Feng,Box E3,blue,electric,Pulau Pinang
2026-02-25,motokar,Great Wall,Ora,black,electric,Rakan Niaga
2026-02-25,motokar,Great Wall,Ora,beige,electric,Rakan Niaga
2026-02-25,jip,Kia,EV9,green,electric,Rakan Niaga
2026-02-25,jip,Leapmotor,B10,purple,electric,Rakan Niaga
2026-02-25,jip,Leapmotor,B10,grey,electric,Rakan Niaga
2026-02-25,jip,Leapmotor,C10,grey,electric,Selangor
2026-02-25,motokar,Lotus,Emeya,yellow,electric,W.P. Kuala Lumpur
2026-02-25,motokar,Mercedes Benz,EQS,grey,electric,W.P. Kuala Lumpur
2026-02-25,motokar,MG,MG4,orange,electric,Johor
2026-02-25,motokar,MG,MG4,grey,electric,W.P. Kuala Lumpur
2026-02-25,motokar,MG,MG4,silver,electric,Rakan Niaga
2026-02-25,motokar,MG,MG4,red,electric,Rakan Niaga
2026-02-25,motokar,MG,MG4,orange,electric,Rakan Niaga
2026-02-25,motokar,MG,MG4,grey,electric,Rakan Niaga
2026-02-25,motokar,MG,MG4,white,electric,Rakan Niaga
2026-02-25,motokar,MG,S5,grey,electric,Rakan Niaga
2026-02-25,motokar,MG,S5,silver,electric,Rakan Niaga
2026-02-25,jip,Mini,John Cooper Works,white,electric,Rakan Niaga
2026-02-25,motokar,Mini,John Cooper Works,black,electric,Rakan Niaga
2026-02-25,motokar,Mini,John Cooper Works,grey,electric,Rakan Niaga
2026-02-25,motokar,Neta,V,grey,electric,Rakan Niaga
2026-02-25,motokar,Perodua,QV-E,blue,electric,Rakan Niaga
2026-02-25,motokar,Proton,e.MAS 5,pink,electric,Rakan Niaga
2026-02-25,motokar,Proton,e.MAS 5,grey,electric,Rakan Niaga
2026-02-25,motokar,Proton,e.MAS 5,pink,electric,Selangor
2026-02-25,motokar,Proton,e.MAS 5,silver,electric,Johor
2026-02-25,motokar,Proton,e.MAS 5,silver,electric,Rakan Niaga
2026-02-25,motokar,Proton,e.MAS 5,white,electric,Rakan Niaga
2026-02-25,motokar,Proton,e.MAS 5,yellow,electric,Rakan Niaga
2026-02-25,motokar,Proton,e.MAS 5,grey,electric,W.P. Kuala Lumpur
2026-02-25,motokar,Proton,e.MAS 5,white,electric,Pulau Pinang
2026-02-25,motokar,Proton,e.MAS 5,white,electric,Johor
2026-02-25,motokar,Proton,e.MAS 5,white,electric,Selangor
2026-02-25,motokar,Proton,e.MAS 5,white,electric,Perak
2026-02-25,motokar,Proton,e.MAS 5,grey,electric,Kelantan
2026-02-25,motokar,Proton,e.MAS 5,pink,electric,Johor
2026-02-25,motokar,Proton,e.MAS 5,grey,electric,Johor
2026-02-25,jip,Proton,e.MAS 7,black,electric,Rakan Niaga
2026-02-25,jip,Proton,e.MAS 7,silver,electric,Pulau Pinang
2026-02-25,jip,Proton,e.MAS 7,grey,electric,Rakan Niaga
2026-02-25,jip,Proton,e.MAS 7,white,electric,Rakan Niaga
2026-02-25,jip,Proton,e.MAS 7,silver,electric,Rakan Niaga
2026-02-25,jip,Proton,e.MAS 7,pink,electric,Rakan Niaga
2026-02-25,jip,Proton,e.MAS 7,black,electric,W.P. Kuala Lumpur
2026-02-25,jip,Smart,Brabus,silver,electric,Selangor
2026-02-25,motokar,Tesla,Model Y,grey,electric,Rakan Niaga
2026-02-25,motokar,Tesla,Model Y,grey,electric,W.P. Kuala Lumpur
2026-02-25,motokar,TQ Wuling,Bingo,white,electric,Rakan Niaga
2026-02-25,motokar,TQ Wuling,Bingo,blue,electric,Rakan Niaga
2026-02-25,jip,Volvo,EX30,blue,electric,Rakan Niaga
2026-02-25,window_van,Xpeng,X9,white,electric,W.P. Kuala Lumpur
2026-02-25,window_van,Zeekr,009,white,electric,W.P. Kuala Lumpur
2026-02-25,window_van,Zeekr,009,green,electric,Selangor
2026-02-25,window_van,Zeekr,009,black,electric,W.P. Kuala Lumpur
2026-02-25,jip,Zeekr,7X,grey,electric,W.P. Kuala Lumpur
2026-02-25,jip,Zeekr,7X,white,electric,Rakan Niaga
2026-02-25,jip,Zeekr,7X,black,electric,Rakan Niaga
2026-02-26,jip,Audi,Q8,grey,electric,Sabah
2026-02-26,motokar,BMW,i4,red,electric,Rakan Niaga
2026-02-26,jip,BMW,iX,grey,electric,W.P. Kuala Lumpur
2026-02-26,jip,BYD,Atto 2,grey,electric,Rakan Niaga
2026-02-26,jip,BYD,Atto 2,white,electric,Rakan Niaga
2026-02-26,jip,BYD,Atto 2,green,electric,Rakan Niaga
2026-02-26,jip,BYD,Atto 3,grey,electric,Rakan Niaga
2026-02-26,jip,BYD,Atto 3,black,electric,Rakan Niaga
2026-02-26,jip,BYD,Atto 3,white,electric,Rakan Niaga
2026-02-26,jip,BYD,Atto 3,black,electric,Terengganu
2026-02-26,motokar_pelbagai_utiliti,BYD,M6,white,electric,Rakan Niaga
2026-02-26,motokar,BYD,M6,blue,electric,Rakan Niaga
2026-02-26,motokar,BYD,Seal 6,white,electric,Rakan Niaga
2026-02-26,motokar,BYD,Seal 6,grey,electric,Rakan Niaga
2026-02-26,motokar,BYD,Seal 6,blue,electric,Rakan Niaga
2026-02-26,jip,BYD,Sealion,grey,electric,Rakan Niaga
2026-02-26,jip,BYD,Sealion,grey,electric,W.P. Kuala Lumpur
2026-02-26,jip,BYD,Sealion,grey,electric,Sabah
2026-02-26,jip,Chery,iCaur 03,black,electric,W.P. Kuala Lumpur
2026-02-26,jip,Chery,iCaur 03,grey,electric,Rakan Niaga
2026-02-26,jip,Chery,iCaur 03,black,electric,Rakan Niaga
2026-02-26,jip,Chery,iCaur 03,white,electric,Pahang
2026-02-26,jip,Chery,iCaur V23,green,electric,W.P. Kuala Lumpur
2026-02-26,jip,Chery,iCaur V23,grey,electric,W.P. Kuala Lumpur
2026-02-26,jip,Chery,iCaur V23,white,electric,Rakan Niaga
2026-02-26,jip,Chery,iCaur V23,white,electric,W.P. Kuala Lumpur
2026-02-26,jip,Chery,iCaur V23,black,electric,Rakan Niaga
2026-02-26,jip,Chery,iCaur V23,silver,electric,Rakan Niaga
2026-02-26,jip,Chery,iCaur V23,green,electric,Johor
2026-02-26,jip,Chery,Omoda 5,black,electric,Rakan Niaga
2026-02-26,motokar,Dong Feng,Box E3,green,electric,Sarawak
2026-02-26,motokar,Great Wall,Ora,grey,electric,Rakan Niaga
2026-02-26,motokar,Great Wall,Ora,green,electric,W.P. Kuala Lumpur
2026-02-26,pick_up,JAC,T9,white,electric,Rakan Niaga
2026-02-26,jip,Leapmotor,B10,blue,electric,Selangor
2026-02-26,jip,Leapmotor,B10,white,electric,Rakan Niaga
2026-02-26,jip,Leapmotor,C10,grey,electric,Rakan Niaga
2026-02-26,motokar,Mercedes Benz,EQS,silver,electric,Rakan Niaga
2026-02-26,motokar,Mercedes Benz,EQS,black,electric,W.P. Kuala Lumpur
2026-02-26,motokar,MG,MG4,grey,electric,Rakan Niaga
2026-02-26,motokar,MG,MG4,red,electric,Rakan Niaga
2026-02-26,motokar,MG,MG4,blue,electric,Rakan Niaga
2026-02-26,motokar,MG,MG4,orange,electric,Rakan Niaga
2026-02-26,motokar,MG,MG4,white,electric,Rakan Niaga
2026-02-26,motokar,MG,S5,white,electric,Rakan Niaga
2026-02-26,motokar,MG,S5,grey,electric,Rakan Niaga
2026-02-26,motokar,Mini,Cooper,white,electric,Rakan Niaga
2026-02-26,motokar,Mini,Cooper,yellow,electric,Rakan Niaga
2026-02-26,jip,Mini,Countryman,silver,electric,Rakan Niaga
2026-02-26,motokar,Mini,John Cooper Works,grey,electric,Selangor
2026-02-26,motokar,Mini,John Cooper Works,grey,electric,Negeri Sembilan
2026-02-26,motokar,Porsche,Taycan,white,electric,Rakan Niaga
2026-02-26,motokar,Proton,e.MAS 5,silver,electric,Rakan Niaga
2026-02-26,motokar,Proton,e.MAS 5,yellow,electric,Rakan Niaga
2026-02-26,motokar,Proton,e.MAS 5,silver,electric,Perak
2026-02-26,motokar,Proton,e.MAS 5,grey,electric,Rakan Niaga
2026-02-26,motokar,Proton,e.MAS 5,white,electric,Rakan Niaga
2026-02-26,motokar,Proton,e.MAS 5,pink,electric,Rakan Niaga
2026-02-26,motokar,Proton,e.MAS 5,white,electric,Johor
2026-02-26,motokar,Proton,e.MAS 5,pink,electric,W.P. Kuala Lumpur
2026-02-26,motokar,Proton,e.MAS 5,grey,electric,Melaka
2026-02-26,motokar,Proton,e.MAS 5,grey,electric,W.P. Kuala Lumpur
2026-02-26,motokar,Proton,e.MAS 5,yellow,electric,Kedah
2026-02-26,motokar,Proton,e.MAS 5,silver,electric,Pulau Pinang
2026-02-26,motokar,Proton,e.MAS 5,yellow,electric,W.P. Kuala Lumpur
2026-02-26,motokar,Proton,e.MAS 5,white,electric,Kedah
2026-02-26,motokar,Proton,e.MAS 5,white,electric,Sarawak
2026-02-26,jip,Proton,e.MAS 7,white,electric,Rakan Niaga
2026-02-26,jip,Proton,e.MAS 7,silver,electric,W.P. Kuala Lumpur
2026-02-26,jip,Proton,e.MAS 7,silver,electric,Rakan Niaga
2026-02-26,jip,Proton,e.MAS 7,white,electric,Selangor
2026-02-26,jip,Proton,e.MAS 7,green,electric,Rakan Niaga
2026-02-26,jip,Proton,e.MAS 7,pink,electric,Rakan Niaga
2026-02-26,jip,Proton,e.MAS 7,grey,electric,Rakan Niaga
2026-02-26,jip,Proton,e.MAS 7,pink,electric,W.P. Kuala Lumpur
2026-02-26,jip,Proton,e.MAS 7,black,electric,Kelantan
2026-02-26,jip,Proton,e.MAS 7,pink,electric,Selangor
2026-02-26,jip,Smart,Brabus,silver,electric,Rakan Niaga
2026-02-26,jip,Smart,Brabus,black,electric,Rakan Niaga
2026-02-26,motokar,Tesla,Model 3,red,electric,Rakan Niaga
2026-02-26,motokar,Tesla,Model 3,black,electric,Rakan Niaga
2026-02-26,motokar,Tesla,Model 3,grey,electric,Rakan Niaga
2026-02-26,motokar,Tesla,Model 3,white,electric,Rakan Niaga
2026-02-26,motokar,TQ Wuling,Bingo,white,electric,Rakan Niaga
2026-02-26,motokar,TQ Wuling,Bingo,purple,electric,Rakan Niaga
2026-02-26,motokar,TQ Wuling,Bingo,blue,electric,Rakan Niaga
2026-02-26,motokar,TQ Wuling,Bingo,blue,electric,Selangor
2026-02-26,jip,Volvo,EC40,beige,electric,W.P. Kuala Lumpur
2026-02-26,jip,Volvo,EC40,white,electric,Rakan Niaga
2026-02-26,motokar,Volvo,ES90,blue,electric,W.P. Kuala Lumpur
2026-02-26,motokar,Volvo,ES90,black,electric,Pulau Pinang
2026-02-26,motokar,Volvo,ES90,grey,electric,Rakan Niaga
2026-02-26,motokar,Volvo,ES90,grey,electric,W.P. Kuala Lumpur
2026-02-26,jip,Volvo,EX30,grey,electric,Rakan Niaga
2026-02-26,jip,Xpeng,G6,grey,electric,Selangor
2026-02-26,jip,Xpeng,G6,purple,electric,Rakan Niaga
2026-02-26,window_van,Xpeng,X9,silver,electric,Rakan Niaga
2026-02-26,window_van,Zeekr,009,black,electric,Rakan Niaga
2026-02-26,jip,Zeekr,009,black,electric,Perak
2026-02-26,window_van,Zeekr,009,white,electric,W.P. Kuala Lumpur
2026-02-26,jip,Zeekr,7X,grey,electric,Selangor
2026-02-26,jip,Zeekr,7X,white,electric,Rakan Niaga
2026-02-26,jip,Zeekr,7X,grey,electric,W.P. Kuala Lumpur
2026-02-26,jip,Zeekr,7X,blue,electric,Rakan Niaga
2026-02-26,jip,Zeekr,7X,black,electric,Rakan Niaga
2026-02-26,jip,Zeekr,7X,grey,electric,Rakan Niaga
2026-02-26,jip,Zeekr,X,grey,electric,Rakan Niaga
2026-02-27,jip,Audi,Q8,grey,electric,W.P. Kuala Lumpur
2026-02-27,motokar,BMW,i4,red,electric,Rakan Niaga
2026-02-27,motokar,BMW,i5,black,electric,W.P. Kuala Lumpur
2026-02-27,motokar,BMW,i5,grey,electric,Rakan Niaga
2026-02-27,motokar,BMW,i5,black,electric,Rakan Niaga
2026-02-27,jip,BMW,iX,white,electric,Johor
2026-02-27,jip,BYD,Atto 2,white,electric,Rakan Niaga
2026-02-27,jip,BYD,Atto 2,green,electric,Rakan Niaga
2026-02-27,jip,BYD,Atto 2,grey,electric,Rakan Niaga
2026-02-27,jip,BYD,Atto 3,grey,electric,Rakan Niaga
2026-02-27,jip,BYD,Atto 3,white,electric,Rakan Niaga
2026-02-27,jip,BYD,Atto 3,black,electric,Rakan Niaga
2026-02-27,jip,BYD,Atto 3,grey,electric,W.P. Kuala Lumpur
2026-02-27,jip,BYD,Atto 3,white,electric,Pulau Pinang
2026-02-27,jip,BYD,Atto 3,white,electric,W.P. Kuala Lumpur
2026-02-27,motokar,BYD,M6,grey,electric,Rakan Niaga
2026-02-27,motokar,BYD,M6,blue,electric,Rakan Niaga
2026-02-27,motokar,BYD,M6,white,electric,Rakan Niaga
2026-02-27,motokar_pelbagai_utiliti,BYD,M6,blue,electric,Rakan Niaga
2026-02-27,motokar_pelbagai_utiliti,BYD,M6,black,electric,Pulau Pinang
2026-02-27,motokar,BYD,M6,black,electric,Rakan Niaga
2026-02-27,motokar_pelbagai_utiliti,BYD,M6,black,electric,Rakan Niaga
2026-02-27,motokar_pelbagai_utiliti,BYD,M6,white,electric,Rakan Niaga
2026-02-27,motokar,BYD,Seal 6,white,electric,Rakan Niaga
2026-02-27,motokar,BYD,Seal 6,grey,electric,Rakan Niaga
2026-02-27,motokar,BYD,Seal 6,blue,electric,Rakan Niaga
2026-02-27,motokar,BYD,Seal 6,grey,electric,Melaka
2026-02-27,motokar,BYD,Seal 6,blue,electric,W.P. Kuala Lumpur
2026-02-27,motokar,BYD,Seal 6,yellow,electric,Rakan Niaga
2026-02-27,motokar,BYD,Seal,grey,electric,Rakan Niaga
2026-02-27,jip,BYD,Sealion,white,electric,Rakan Niaga
2026-02-27,jip,BYD,Sealion,grey,electric,Rakan Niaga
2026-02-27,jip,BYD,Sealion,grey,electric,W.P. Kuala Lumpur
2026-02-27,jip,BYD,Sealion,white,electric,W.P. Kuala Lumpur
2026-02-27,jip,BYD,Sealion,black,electric,W.P. Kuala Lumpur
2026-02-27,jip,BYD,Sealion,black,electric,Rakan Niaga
2026-02-27,jip,BYD,Sealion,black,electric,Melaka
2026-02-27,jip,BYD,Sealion,black,electric,Selangor
2026-02-27,jip,Chery,iCaur 03,black,electric,W.P. Kuala Lumpur
2026-02-27,jip,Chery,iCaur 03,white,electric,Rakan Niaga
2026-02-27,jip,Chery,iCaur 03,grey,electric,Rakan Niaga
2026-02-27,jip,Chery,iCaur 03,white,electric,Selangor
2026-02-27,jip,Chery,iCaur 03,black,electric,Johor
2026-02-27,jip,Chery,iCaur 03,green,electric,Rakan Niaga
2026-02-27,jip,Chery,iCaur 03,silver,electric,Rakan Niaga
2026-02-27,jip,Chery,iCaur V23,white,electric,Rakan Niaga
2026-02-27,jip,Chery,iCaur V23,orange,electric,Pahang
2026-02-27,jip,Chery,iCaur V23,grey,electric,Rakan Niaga
2026-02-27,jip,Chery,iCaur V23,white,electric,W.P. Kuala Lumpur
2026-02-27,jip,Chery,iCaur V23,green,electric,Rakan Niaga
2026-02-27,jip,Chery,iCaur V23,silver,electric,Rakan Niaga
2026-02-27,jip,Chery,iCaur V23,orange,electric,Rakan Niaga
2026-02-27,jip,Chery,iCaur V23,black,electric,W.P. Kuala Lumpur
2026-02-27,jip,Chery,iCaur V23,grey,electric,Johor
2026-02-27,jip,Chery,iCaur V23,black,electric,Selangor
2026-02-27,jip,Chery,iCaur V23,gold,electric,Rakan Niaga
2026-02-27,jip,Chery,Omoda 5,white,electric,Rakan Niaga
2026-02-27,window_van,Denza,D9,white,electric,Rakan Niaga
2026-02-27,window_van,Denza,D9,white,electric,W.P. Kuala Lumpur
2026-02-27,jip,Denza,D9,black,electric,Rakan Niaga
2026-02-27,motokar,Dong Feng,Box E3,silver,electric,Rakan Niaga
2026-02-27,motokar,Great Wall,Ora,black,electric,Melaka
2026-02-27,motokar,Great Wall,Ora,grey,electric,Rakan Niaga
2026-02-27,motokar,Great Wall,Ora,green,electric,Rakan Niaga
2026-02-27,motokar,Great Wall,Ora,blue,electric,Rakan Niaga
2026-02-27,jip,Honda,e:N1,white,electric,Rakan Niaga
2026-02-27,jip,Honda,e:N1,grey,electric,Rakan Niaga
2026-02-27,jip,Kia,EV9,blue,electric,Negeri Sembilan
2026-02-27,jip,Leapmotor,B10,purple,electric,Rakan Niaga
2026-02-27,jip,Leapmotor,B10,blue,electric,Rakan Niaga
2026-02-27,motokar,Mercedes Benz,EQS,silver,electric,Rakan Niaga
2026-02-27,motokar,Mercedes Benz,EQS,grey,electric,Rakan Niaga
2026-02-27,motokar,MG,ZS,blue,electric,Rakan Niaga
2026-02-27,motokar,MG,MG4,grey,electric,Rakan Niaga
2026-02-27,motokar,MG,MG4,red,electric,Rakan Niaga
2026-02-27,motokar,MG,MG4,white,electric,Rakan Niaga
2026-02-27,motokar,MG,MG4,orange,electric,Rakan Niaga
2026-02-27,motokar,MG,S5,white,electric,Sarawak
2026-02-27,motokar,MG,S5,red,electric,Rakan Niaga
2026-02-27,motokar,MG,S5,grey,electric,Rakan Niaga
2026-02-27,motokar,MG,S5,red,electric,W.P. Kuala Lumpur
2026-02-27,motokar,MG,S5,silver,electric,Rakan Niaga
2026-02-27,motokar,MG,S5,grey,electric,W.P. Kuala Lumpur
2026-02-27,motokar,MG,S5,grey,electric,Sarawak
2026-02-27,jip,Mini,Aceman,silver,electric,Rakan Niaga
2026-02-27,jip,Mini,Aceman,orange,electric,Rakan Niaga
2026-02-27,jip,Mini,Aceman,blue,electric,Rakan Niaga
2026-02-27,motokar,Mini,Cooper,grey,electric,Rakan Niaga
2026-02-27,motokar,Mini,Countryman,white,electric,Pulau Pinang
2026-02-27,jip,Mini,John Cooper Works,white,electric,Pahang
2026-02-27,jip,Porsche,Macan,white,electric,W.P. Kuala Lumpur
2026-02-27,motokar,Porsche,Taycan,blue,electric,W.P. Kuala Lumpur
2026-02-27,motokar,Proton,e.MAS 5,white,electric,Rakan Niaga
2026-02-27,motokar,Proton,e.MAS 5,yellow,electric,Rakan Niaga
2026-02-27,motokar,Proton,e.MAS 5,grey,electric,Rakan Niaga
2026-02-27,motokar,Proton,e.MAS 5,white,electric,Sabah
2026-02-27,motokar,Proton,e.MAS 5,white,electric,Melaka
2026-02-27,motokar,Proton,e.MAS 5,pink,electric,Rakan Niaga
2026-02-27,motokar,Proton,e.MAS 5,white,electric,Selangor
2026-02-27,motokar,Proton,e.MAS 5,silver,electric,Rakan Niaga
2026-02-27,motokar,Proton,e.MAS 5,silver,electric,Sarawak
2026-02-27,motokar,Proton,e.MAS 5,silver,electric,W.P. Kuala Lumpur
2026-02-27,motokar,Proton,e.MAS 5,white,electric,Johor
2026-02-27,motokar,Proton,e.MAS 5,white,electric,Pulau Pinang
2026-02-27,motokar,Proton,e.MAS 5,grey,electric,Pulau Pinang
2026-02-27,motokar,Proton,e.MAS 5,silver,electric,Selangor
2026-02-27,motokar,Proton,e.MAS 5,yellow,electric,Selangor
2026-02-27,motokar,Proton,e.MAS 5,silver,electric,Pulau Pinang
2026-02-27,motokar,Proton,e.MAS 5,pink,electric,W.P. Kuala Lumpur
2026-02-27,motokar,Proton,e.MAS 5,white,electric,Perak
2026-02-27,motokar,Proton,e.MAS 5,white,electric,Sarawak
2026-02-27,motokar,Proton,e.MAS 5,white,electric,W.P. Kuala Lumpur
2026-02-27,jip,Proton,e.MAS 7,silver,electric,Rakan Niaga
2026-02-27,jip,Proton,e.MAS 7,white,electric,Rakan Niaga
2026-02-27,jip,Proton,e.MAS 7,grey,electric,Rakan Niaga
2026-02-27,jip,Proton,e.MAS 7,silver,electric,Selangor
2026-02-27,jip,Proton,e.MAS 7,green,electric,Rakan Niaga
2026-02-27,jip,Proton,e.MAS 7,pink,electric,Rakan Niaga
2026-02-27,jip,Proton,e.MAS 7,black,electric,Rakan Niaga
2026-02-27,jip,Proton,e.MAS 7,green,electric,W.P. Kuala Lumpur
2026-02-27,jip,Proton,e.MAS 7,black,electric,W.P. Kuala Lumpur
2026-02-27,jip,Proton,e.MAS 7,white,electric,Selangor
2026-02-27,jip,Proton,e.MAS 7,black,electric,Johor
2026-02-27,jip,Smart,Brabus,black,electric,Rakan Niaga
2026-02-27,motokar,Tesla,Model 3,grey,electric,Rakan Niaga
2026-02-27,motokar,Tesla,Model 3,white,electric,Rakan Niaga
2026-02-27,motokar,Tesla,Model Y,grey,electric,W.P. Kuala Lumpur
2026-02-27,motokar,Tesla,Model Y,silver,electric,Rakan Niaga
2026-02-27,motokar,TQ Wuling,Bingo,white,electric,Rakan Niaga
2026-02-27,motokar,TQ Wuling,Bingo,purple,electric,Rakan Niaga
2026-02-27,motokar,TQ Wuling,Bingo,blue,electric,Rakan Niaga
2026-02-27,jip,Volvo,EC40,black,electric,Rakan Niaga
2026-02-27,motokar,Volvo,ES90,white,electric,W.P. Kuala Lumpur
2026-02-27,motokar,Volvo,ES90,grey,electric,W.P. Kuala Lumpur
2026-02-27,jip,Volvo,EX30,white,electric,Rakan Niaga
2026-02-27,jip,Volvo,EX30,black,electric,Selangor
2026-02-27,jip,Volvo,EX30,black,electric,W.P. Kuala Lumpur
2026-02-27,jip,Volvo,EX30,black,electric,Rakan Niaga
2026-02-27,jip,Volvo,EX30,grey,electric,Rakan Niaga
2026-02-27,jip,Volvo,EX30,blue,electric,Rakan Niaga
2026-02-27,jip,Xpeng,G6,silver,electric,Rakan Niaga
2026-02-27,window_van,Zeekr,009,white,electric,Rakan Niaga
2026-02-27,window_van,Zeekr,009,black,electric,Johor
2026-02-27,jip,Zeekr,7X,green,electric,W.P. Kuala Lumpur
2026-02-27,jip,Zeekr,7X,grey,electric,Rakan Niaga
2026-02-27,jip,Zeekr,7X,white,electric,Rakan Niaga
2026-02-27,jip,Zeekr,7X,grey,electric,W.P. Kuala Lumpur
2026-02-27,jip,Zeekr,7X,green,electric,Rakan Niaga
2026-02-28,jip,Audi,Q8,grey,electric,Rakan Niaga
2026-02-28,jip,BYD,Atto 2,green,electric,Rakan Niaga
2026-02-28,jip,BYD,Atto 3,white,electric,Rakan Niaga
2026-02-28,jip,BYD,Atto 3,grey,electric,Rakan Niaga
2026-02-28,jip,BYD,Atto 3,black,electric,Rakan Niaga
2026-02-28,motokar_pelbagai_utiliti,BYD,M6,black,electric,Rakan Niaga
2026-02-28,motokar_pelbagai_utiliti,BYD,M6,blue,electric,Rakan Niaga
2026-02-28,motokar_pelbagai_utiliti,BYD,M6,white,electric,Rakan Niaga
2026-02-28,motokar,BYD,Seal 6,white,electric,Rakan Niaga
2026-02-28,motokar,BYD,Seal 6,blue,electric,Rakan Niaga
2026-02-28,motokar,BYD,Seal 6,grey,electric,Rakan Niaga
2026-02-28,motokar,BYD,Seal 6,yellow,electric,Rakan Niaga
2026-02-28,jip,BYD,Sealion,black,electric,Rakan Niaga
2026-02-28,jip,BYD,Sealion,grey,electric,Rakan Niaga
2026-02-28,jip,BYD,Sealion,white,electric,Rakan Niaga
2026-02-28,jip,Chery,iCaur 03,white,electric,Rakan Niaga
2026-02-28,jip,Chery,iCaur 03,black,electric,Rakan Niaga
2026-02-28,jip,Chery,iCaur V23,black,electric,Rakan Niaga
2026-02-28,jip,Chery,iCaur V23,green,electric,Rakan Niaga
2026-02-28,jip,Chery,iCaur V23,silver,electric,Rakan Niaga
2026-02-28,jip,Chery,iCaur V23,grey,electric,Rakan Niaga
2026-02-28,jip,Chery,iCaur V23,white,electric,Rakan Niaga
2026-02-28,jip,Leapmotor,C10,grey,electric,Rakan Niaga
2026-02-28,motokar,MG,MG4,silver,electric,Rakan Niaga
2026-02-28,motokar,MG,MG4,white,electric,Rakan Niaga
2026-02-28,motokar,MG,MG4,grey,electric,Rakan Niaga
2026-02-28,motokar,MG,MG4,orange,electric,Rakan Niaga
2026-02-28,motokar,MG,MG4,red,electric,Rakan Niaga
2026-02-28,motokar,MG,S5,grey,electric,Rakan Niaga
2026-02-28,motokar,Proton,e.MAS 5,white,electric,Rakan Niaga
2026-02-28,motokar,Proton,e.MAS 5,grey,electric,Rakan Niaga
2026-02-28,motokar,Proton,e.MAS 5,yellow,electric,Rakan Niaga
2026-02-28,motokar,Proton,e.MAS 5,silver,electric,Rakan Niaga
2026-02-28,motokar,Proton,e.MAS 5,pink,electric,Rakan Niaga
2026-02-28,jip,Proton,e.MAS 7,grey,electric,Rakan Niaga
2026-02-28,jip,Proton,e.MAS 7,pink,electric,Rakan Niaga
2026-02-28,jip,Proton,e.MAS 7,white,electric,Rakan Niaga
2026-02-28,jip,Proton,e.MAS 7,silver,electric,Rakan Niaga
2026-02-28,jip,Proton,e.MAS 7,black,electric,Rakan Niaga
2026-02-28,jip,Proton,e.MAS 7,green,electric,Rakan Niaga
2026-02-28,motokar,TQ Wuling,Bingo,white,electric,Rakan Niaga
2026-02-28,motokar,TQ Wuling,Bingo,blue,electric,Rakan Niaga
2026-02-28,motokar,TQ Wuling,Bingo,purple,electric,Rakan Niaga
2026-02-28,jip,Volvo,EC40,beige,electric,Rakan Niaga
2026-02-28,motokar,Volvo,ES90,blue,electric,Rakan Niaga
2026-02-28,jip,Xpeng,G6,grey,electric,Rakan Niaga
2026-02-28,jip,Zeekr,7X,black,electric,Rakan Niaga
2026-03-01,jip,Chery,iCaur V23,black,electric,Rakan Niaga
2026-03-01,motokar,Great Wall,Ora,green,electric,Rakan Niaga
2026-03-01,motokar,Proton,e.MAS 5,white,electric,Kedah
2026-03-01,jip,Proton,e.MAS 7,grey,electric,Rakan Niaga
2026-03-02,jip,BMW,iX,white,electric,Selangor
2026-03-02,jip,BYD,Atto 2,white,electric,Rakan Niaga
2026-03-02,jip,BYD,Atto 2,grey,electric,Rakan Niaga
2026-03-02,motokar,BYD,M6,blue,electric,Rakan Niaga
2026-03-02,motokar,BYD,Seal 6,white,electric,Terengganu
2026-03-02,jip,Chery,iCaur 03,black,electric,Rakan Niaga
2026-03-02,jip,Chery,iCaur 03,grey,electric,Rakan Niaga
2026-03-02,jip,Chery,iCaur V23,green,electric,Rakan Niaga
2026-03-02,jip,Chery,iCaur V23,black,electric,Rakan Niaga
2026-03-02,motokar,Great Wall,Ora,beige,electric,Rakan Niaga
2026-03-02,jip,Leapmotor,B10,grey,electric,Rakan Niaga
2026-03-02,jip,Leapmotor,B10,black,electric,Rakan Niaga
2026-03-02,jip,Leapmotor,C10,white,electric,Rakan Niaga
2026-03-02,jip,Leapmotor,C10,grey,electric,Rakan Niaga
2026-03-02,motokar,MG,MG4,grey,electric,Sarawak
2026-03-02,motokar,MG,MG4,white,electric,Rakan Niaga
2026-03-02,motokar,MG,MG4,orange,electric,W.P. Kuala Lumpur
2026-03-02,motokar,MG,MG4,orange,electric,Rakan Niaga
2026-03-02,jip,Mini,Countryman,green,electric,W.P. Kuala Lumpur
2026-03-02,jip,Porsche,Macan,white,electric,Selangor
2026-03-02,motokar,Proton,e.MAS 5,silver,electric,Rakan Niaga
2026-03-02,motokar,Proton,e.MAS 5,grey,electric,W.P. Kuala Lumpur
2026-03-02,motokar,Proton,e.MAS 5,white,electric,Rakan Niaga
2026-03-02,motokar,Proton,e.MAS 5,grey,electric,Rakan Niaga
2026-03-02,motokar,Proton,e.MAS 5,yellow,electric,Rakan Niaga
2026-03-02,motokar,Proton,e.MAS 5,pink,electric,Melaka
2026-03-02,motokar,Proton,e.MAS 5,silver,electric,W.P. Kuala Lumpur
2026-03-02,motokar,Proton,e.MAS 5,white,electric,Pulau Pinang
2026-03-02,motokar,Proton,e.MAS 5,pink,electric,Rakan Niaga
2026-03-02,motokar,Proton,e.MAS 5,pink,electric,Sarawak
2026-03-02,motokar,Proton,e.MAS 5,yellow,electric,Sarawak
2026-03-02,motokar,Proton,e.MAS 5,silver,electric,Perlis
2026-03-02,jip,Proton,e.MAS 7,black,electric,Rakan Niaga
2026-03-02,jip,Proton,e.MAS 7,green,electric,Rakan Niaga
2026-03-02,jip,Proton,e.MAS 7,silver,electric,Rakan Niaga
2026-03-02,jip,Proton,e.MAS 7,black,electric,Selangor
2026-03-02,jip,Proton,e.MAS 7,white,electric,Rakan Niaga
2026-03-02,motokar,Tesla,Model 3,grey,electric,Rakan Niaga
2026-03-02,motokar,Tesla,Model 3,white,electric,Rakan Niaga
2026-03-02,motokar,Tesla,Model 3,white,electric,W.P. Kuala Lumpur
2026-03-02,motokar,Tesla,Model Y,grey,electric,Negeri Sembilan
2026-03-02,motokar,Tesla,Model Y,grey,electric,Rakan Niaga
2026-03-02,motokar,Tesla,Model Y,white,electric,Selangor
2026-03-02,motokar,Tesla,Model Y,white,electric,Sarawak
2026-03-02,jip,Xpeng,G6,grey,electric,Rakan Niaga
2026-03-02,window_van,Xpeng,X9,black,electric,W.P. Kuala Lumpur
2026-03-02,window_van,Zeekr,009,white,electric,Rakan Niaga
2026-03-02,jip,Zeekr,7X,grey,electric,W.P. Kuala Lumpur
2026-03-02,jip,Zeekr,7X,white,electric,W.P. Kuala Lumpur
2026-03-02,jip,Zeekr,7X,grey,electric,Rakan Niaga
2026-03-02,jip,Zeekr,7X,black,electric,Rakan Niaga
2026-03-02,jip,Zeekr,7X,green,electric,Rakan Niaga
2026-03-03,motokar,BMW,i5,black,electric,W.P. Kuala Lumpur
2026-03-03,motokar,BMW,i5,red,electric,W.P. Kuala Lumpur
2026-03-03,jip,BMW,iX,black,electric,W.P. Kuala Lumpur
2026-03-03,jip,BMW,iX,white,electric,W.P. Kuala Lumpur
2026-03-03,jip,BMW,iX,grey,electric,W.P. Kuala Lumpur
2026-03-03,jip,BMW,iX,blue,electric,W.P. Kuala Lumpur
2026-03-03,jip,BMW,iX,beige,electric,W.P. Kuala Lumpur
2026-03-03,jip,BYD,Atto 3,white,electric,Pulau Pinang
2026-03-03,jip,BYD,Atto 3,black,electric,Rakan Niaga
2026-03-03,jip,BYD,Atto 3,grey,electric,W.P. Kuala Lumpur
2026-03-03,motokar,BYD,Seal 6,blue,electric,Rakan Niaga
2026-03-03,motokar,BYD,Seal 6,grey,electric,Pahang
2026-03-03,jip,BYD,Sealion,white,electric,Rakan Niaga
2026-03-03,jip,BYD,Sealion,grey,electric,Selangor
2026-03-03,jip,Chery,iCaur 03,white,electric,Sarawak
2026-03-03,jip,Chery,iCaur 03,white,electric,Selangor
2026-03-03,jip,Chery,iCaur 03,black,electric,Rakan Niaga
2026-03-03,jip,Chery,iCaur V23,green,electric,Rakan Niaga
2026-03-03,jip,Chery,iCaur V23,black,electric,Rakan Niaga
2026-03-03,jip,Chery,iCaur V23,white,electric,Rakan Niaga
2026-03-03,jip,Chery,iCaur V23,green,electric,Pulau Pinang
2026-03-03,jip,Chery,iCaur V23,orange,electric,Rakan Niaga
2026-03-03,window_van,Denza,D9,black,electric,Rakan Niaga
2026-03-03,jip,Honda,e:N1,grey,electric,Rakan Niaga
2026-03-03,pick_up,JAC,T9,white,electric,Rakan Niaga
2026-03-03,jip,Mercedes Benz,EQA,black,electric,Rakan Niaga
2026-03-03,motokar,MG,ZS,red,electric,Rakan Niaga
2026-03-03,motokar,MG,MG4,black,electric,Johor
2026-03-03,motokar,MG,MG4,orange,electric,Rakan Niaga
2026-03-03,motokar,MG,S5,grey,electric,Rakan Niaga
2026-03-03,jip,Mini,Aceman,orange,electric,Pahang
2026-03-03,motokar,Proton,e.MAS 5,white,electric,Rakan Niaga
2026-03-03,motokar,Proton,e.MAS 5,white,electric,Selangor
2026-03-03,motokar,Proton,e.MAS 5,silver,electric,W.P. Kuala Lumpur
2026-03-03,motokar,Proton,e.MAS 5,silver,electric,Rakan Niaga
2026-03-03,motokar,Proton,e.MAS 5,yellow,electric,Rakan Niaga
2026-03-03,motokar,Proton,e.MAS 5,grey,electric,Rakan Niaga
2026-03-03,motokar,Proton,e.MAS 5,pink,electric,Rakan Niaga
2026-03-03,motokar,Proton,e.MAS 5,white,electric,Pulau Pinang
2026-03-03,motokar,Proton,e.MAS 5,grey,electric,Selangor
2026-03-03,motokar,Proton,e.MAS 5,yellow,electric,Melaka
2026-03-03,jip,Proton,e.MAS 7,white,electric,W.P. Kuala Lumpur
2026-03-03,jip,Proton,e.MAS 7,black,electric,Rakan Niaga
2026-03-03,jip,Proton,e.MAS 7,pink,electric,Selangor
2026-03-03,jip,Proton,e.MAS 7,pink,electric,W.P. Kuala Lumpur
2026-03-03,jip,Proton,e.MAS 7,silver,electric,Rakan Niaga
2026-03-03,jip,Proton,e.MAS 7,grey,electric,Rakan Niaga
2026-03-03,jip,Smart,Brabus,silver,electric,Rakan Niaga
2026-03-03,motokar,Tesla,Model 3,white,electric,Perak
2026-03-03,motokar,Tesla,Model 3,grey,electric,Rakan Niaga
2026-03-03,motokar,Tesla,Model 3,white,electric,Rakan Niaga
2026-03-03,motokar,Tesla,Model 3,silver,electric,Rakan Niaga
2026-03-03,motokar,Tesla,Model Y,white,electric,Rakan Niaga
2026-03-03,motokar,Tesla,Model Y,grey,electric,Selangor
2026-03-03,motokar,Tesla,Model Y,grey,electric,Rakan Niaga
2026-03-03,jip,Xpeng,G6,white,electric,Selangor
2026-03-03,jip,Xpeng,G6,purple,electric,Rakan Niaga
2026-03-03,jip,Xpeng,G6,black,electric,Rakan Niaga
2026-03-03,window_van,Xpeng,X9,black,electric,Selangor
2026-03-04,motokar,BMW,i7,black,electric,W.P. Kuala Lumpur
2026-03-04,jip,BYD,Atto 3,grey,electric,W.P. Kuala Lumpur
2026-03-04,jip,BYD,Atto 3,white,electric,Rakan Niaga
2026-03-04,jip,BYD,Atto 3,grey,electric,Rakan Niaga
2026-03-04,jip,BYD,Atto 3,black,electric,Rakan Niaga
2026-03-04,motokar,BYD,M6,blue,electric,Rakan Niaga
2026-03-04,motokar_pelbagai_utiliti,BYD,M6,white,electric,Rakan Niaga
2026-03-04,motokar,BYD,M6,white,electric,Kedah
2026-03-04,motokar,BYD,Seal 6,white,electric,Rakan Niaga
2026-03-04,motokar,BYD,Seal,grey,electric,Rakan Niaga
2026-03-04,jip,BYD,Sealion,grey,electric,Pulau Pinang
2026-03-04,jip,Chery,iCaur 03,black,electric,Rakan Niaga
2026-03-04,jip,Chery,iCaur 03,grey,electric,Rakan Niaga
2026-03-04,jip,Chery,iCaur 03,white,electric,Johor
2026-03-04,jip,Chery,iCaur 03,white,electric,Melaka
2026-03-04,jip,Chery,iCaur V23,black,electric,Rakan Niaga
2026-03-04,jip,Chery,iCaur V23,grey,electric,Rakan Niaga
2026-03-04,jip,Chery,iCaur V23,white,electric,Rakan Niaga
2026-03-04,jip,Chery,iCaur V23,orange,electric,W.P. Kuala Lumpur
2026-03-04,jip,Chery,iCaur V23,green,electric,Rakan Niaga
2026-03-04,jip,Chery,iCaur V23,green,electric,W.P. Kuala Lumpur
2026-03-04,motokar,Great Wall,Ora,black,electric,Rakan Niaga
2026-03-04,jip,Kia,EV9,green,electric,Rakan Niaga
2026-03-04,jip,Leapmotor,B10,blue,electric,Selangor
2026-03-04,jip,Leapmotor,B10,grey,electric,Selangor
2026-03-04,jip,Leapmotor,C10,white,electric,Rakan Niaga
2026-03-04,motokar,MG,MG4,orange,electric,Sarawak
2026-03-04,motokar,MG,MG4,grey,electric,Rakan Niaga
2026-03-04,jip,Neta,X,white,electric,Rakan Niaga
2026-03-04,motokar,Proton,e.MAS 5,yellow,electric,Pulau Pinang
2026-03-04,motokar,Proton,e.MAS 5,white,electric,Rakan Niaga
2026-03-04,motokar,Proton,e.MAS 5,yellow,electric,Rakan Niaga
2026-03-04,motokar,Proton,e.MAS 5,pink,electric,Rakan Niaga
2026-03-04,motokar,Proton,e.MAS 5,grey,electric,Rakan Niaga
2026-03-04,motokar,Proton,e.MAS 5,silver,electric,Rakan Niaga
2026-03-04,motokar,Proton,e.MAS 5,grey,electric,W.P. Kuala Lumpur
2026-03-04,motokar,Proton,e.MAS 5,silver,electric,W.P. Kuala Lumpur
2026-03-04,motokar,Proton,e.MAS 5,silver,electric,Selangor
2026-03-04,motokar,Proton,e.MAS 5,grey,electric,Perak
2026-03-04,motokar,Proton,e.MAS 5,yellow,electric,Perlis
2026-03-04,motokar,Proton,e.MAS 5,silver,electric,Johor
2026-03-04,motokar,Proton,e.MAS 5,silver,electric,Negeri Sembilan
2026-03-04,motokar,Proton,e.MAS 5,grey,electric,Pulau Pinang
2026-03-04,motokar,Proton,e.MAS 5,silver,electric,Kelantan
2026-03-04,jip,Proton,e.MAS 7,silver,electric,Rakan Niaga
2026-03-04,jip,Proton,e.MAS 7,white,electric,Rakan Niaga
2026-03-04,jip,Proton,e.MAS 7,black,electric,Rakan Niaga
2026-03-04,jip,Proton,e.MAS 7,pink,electric,Rakan Niaga
2026-03-04,jip,Proton,e.MAS 7,green,electric,Rakan Niaga
2026-03-04,jip,Proton,e.MAS 7,grey,electric,Rakan Niaga
2026-03-04,jip,Smart,Brabus,green,electric,W.P. Kuala Lumpur
2026-03-04,motokar,Tesla,Model 3,grey,electric,Rakan Niaga
2026-03-04,motokar,Tesla,Model 3,grey,electric,Kedah
2026-03-04,motokar,Tesla,Model 3,black,electric,Rakan Niaga
2026-03-04,motokar,Tesla,Model Y,grey,electric,Rakan Niaga
2026-03-04,motokar,Tesla,Model Y,white,electric,Rakan Niaga
2026-03-04,jip,Xpeng,G6,silver,electric,Rakan Niaga
2026-03-04,window_van,Zeekr,009,black,electric,Johor
2026-03-04,jip,Zeekr,7X,blue,electric,Rakan Niaga
2026-03-04,jip,Zeekr,7X,black,electric,Rakan Niaga
2026-03-04,jip,Zeekr,7X,white,electric,W.P. Kuala Lumpur
2026-03-04,jip,Zeekr,7X,grey,electric,W.P. Kuala Lumpur
2026-03-05,jip,BMW,iX,blue,electric,W.P. Kuala Lumpur
2026-03-05,jip,BMW,iX,grey,electric,W.P. Kuala Lumpur
2026-03-05,jip,BYD,Atto 2,green,electric,Rakan Niaga
2026-03-05,jip,BYD,Atto 2,white,electric,Rakan Niaga
2026-03-05,jip,BYD,Atto 3,black,electric,Rakan Niaga
2026-03-05,jip,BYD,Atto 3,grey,electric,Rakan Niaga
2026-03-05,jip,BYD,Atto 3,grey,electric,Johor
2026-03-05,motokar,BYD,M6,white,electric,Rakan Niaga
2026-03-05,motokar,BYD,M6,blue,electric,W.P. Kuala Lumpur
2026-03-05,motokar,BYD,Seal 6,blue,electric,Rakan Niaga
2026-03-05,jip,Chery,iCaur 03,grey,electric,Rakan Niaga
2026-03-05,jip,Chery,iCaur V23,grey,electric,Rakan Niaga
2026-03-05,jip,Chery,iCaur V23,green,electric,Negeri Sembilan
2026-03-05,jip,Chery,Omoda 5,white,electric,Rakan Niaga
2026-03-05,motokar,Dong Feng,Box E3,purple,electric,W.P. Kuala Lumpur
2026-03-05,motokar,Great Wall,Ora,white,electric,Rakan Niaga
2026-03-05,jip,Honda,e:N1,grey,electric,Rakan Niaga
2026-03-05,pick_up,JAC,T9,white,electric,Rakan Niaga
2026-03-05,jip,Kia,EV9,blue,electric,Rakan Niaga
2026-03-05,motokar,MG,MG4,silver,electric,Rakan Niaga
2026-03-05,motokar,MG,MG4,red,electric,Rakan Niaga
2026-03-05,motokar,MG,MG4,orange,electric,Johor
2026-03-05,motokar,MG,MG4,grey,electric,Rakan Niaga
2026-03-05,motokar,Mini,Countryman,silver,electric,Kedah
2026-03-05,jip,Mini,John Cooper Works,grey,electric,Rakan Niaga
2026-03-05,motokar,Neta,V,green,electric,Rakan Niaga
2026-03-05,motokar,Neta,V,white,electric,Rakan Niaga
2026-03-05,motokar,Perodua,QV-E,grey,electric,Rakan Niaga
2026-03-05,motokar,Porsche,Taycan,black,electric,W.P. Kuala Lumpur
2026-03-05,motokar,Proton,e.MAS 5,pink,electric,Rakan Niaga
2026-03-05,motokar,Proton,e.MAS 5,silver,electric,Rakan Niaga
2026-03-05,motokar,Proton,e.MAS 5,white,electric,W.P. Kuala Lumpur
2026-03-05,motokar,Proton,e.MAS 5,white,electric,Rakan Niaga
2026-03-05,motokar,Proton,e.MAS 5,grey,electric,Johor
2026-03-05,motokar,Proton,e.MAS 5,yellow,electric,Rakan Niaga
2026-03-05,motokar,Proton,e.MAS 5,yellow,electric,Perak
2026-03-05,motokar,Proton,e.MAS 5,grey,electric,Rakan Niaga
2026-03-05,motokar,Proton,e.MAS 5,white,electric,Johor
2026-03-05,motokar,Proton,e.MAS 5,yellow,electric,W.P. Kuala Lumpur
2026-03-05,motokar,Proton,e.MAS 5,silver,electric,W.P. Kuala Lumpur
2026-03-05,motokar,Proton,e.MAS 5,silver,electric,Selangor
2026-03-05,motokar,Proton,e.MAS 5,grey,electric,W.P. Kuala Lumpur
2026-03-05,motokar,Proton,e.MAS 5,pink,electric,W.P. Kuala Lumpur
2026-03-05,motokar,Proton,e.MAS 5,silver,electric,Pulau Pinang
2026-03-05,motokar,Proton,e.MAS 5,grey,electric,Selangor
2026-03-05,jip,Proton,e.MAS 7,black,electric,Rakan Niaga
2026-03-05,jip,Proton,e.MAS 7,pink,electric,Rakan Niaga
2026-03-05,jip,Proton,e.MAS 7,green,electric,Rakan Niaga
2026-03-05,motokar,Tesla,Model 3,grey,electric,Selangor
2026-03-05,motokar,Tesla,Model 3,black,electric,Rakan Niaga
2026-03-05,motokar,Tesla,Model 3,grey,electric,Rakan Niaga
2026-03-05,window_van,Xpeng,X9,black,electric,W.P. Kuala Lumpur
2026-03-05,window_van,Xpeng,X9,white,electric,Rakan Niaga
2026-03-05,window_van,Zeekr,009,black,electric,W.P. Kuala Lumpur
2026-03-05,window_van,Zeekr,009,black,electric,Rakan Niaga
2026-03-05,jip,Zeekr,7X,black,electric,Pulau Pinang
2026-03-05,jip,Zeekr,7X,grey,electric,Selangor
2026-03-05,jip,Zeekr,7X,green,electric,Kelantan
2026-03-05,jip,Zeekr,7X,black,electric,Rakan Niaga
2026-03-05,jip,Zeekr,7X,white,electric,Rakan Niaga
2026-03-06,motokar,BMW,i4,red,electric,Rakan Niaga
2026-03-06,jip,BYD,Atto 2,grey,electric,Rakan Niaga
2026-03-06,jip,BYD,Atto 3,black,electric,W.P. Kuala Lumpur
2026-03-06,jip,BYD,Atto 3,black,electric,Perak
2026-03-06,jip,BYD,Atto 3,white,electric,Rakan Niaga
2026-03-06,jip,BYD,Atto 3,grey,electric,Rakan Niaga
2026-03-06,motokar,BYD,M6,white,electric,Rakan Niaga
2026-03-06,motokar,BYD,Seal 6,blue,electric,Rakan Niaga
2026-03-06,jip,BYD,Sealion,black,electric,Rakan Niaga
2026-03-06,jip,BYD,Sealion,grey,electric,Rakan Niaga
2026-03-06,jip,BYD,Sealion,white,electric,Rakan Niaga
2026-03-06,jip,Chery,iCaur 03,grey,electric,W.P. Kuala Lumpur
2026-03-06,jip,Chery,iCaur 03,green,electric,Rakan Niaga
2026-03-06,jip,Chery,iCaur 03,black,electric,W.P. Kuala Lumpur
2026-03-06,jip,Chery,iCaur V23,green,electric,Rakan Niaga
2026-03-06,jip,Chery,iCaur V23,orange,electric,Rakan Niaga
2026-03-06,jip,Chery,iCaur V23,white,electric,Rakan Niaga
2026-03-06,jip,Chery,iCaur V23,white,electric,W.P. Kuala Lumpur
2026-03-06,jip,Chery,iCaur V23,green,electric,W.P. Kuala Lumpur
2026-03-06,jip,Chery,iCaur V23,black,electric,Selangor
2026-03-06,jip,Chery,iCaur V23,black,electric,Rakan Niaga
2026-03-06,jip,Chery,iCaur V23,black,electric,W.P. Kuala Lumpur
2026-03-06,motokar,Great Wall,Ora,grey,electric,Rakan Niaga
2026-03-06,jip,Leapmotor,B10,black,electric,W.P. Kuala Lumpur
2026-03-06,jip,Leapmotor,B10,white,electric,W.P. Kuala Lumpur
2026-03-06,jip,Leapmotor,C10,white,electric,Rakan Niaga
2026-03-06,motokar,Mercedes Benz,EQE,white,electric,W.P. Kuala Lumpur
2026-03-06,motokar,MG,Cyberster,red,electric,Negeri Sembilan
2026-03-06,motokar,MG,MG4,red,electric,Rakan Niaga
2026-03-06,motokar,MG,MG4,white,electric,Rakan Niaga
2026-03-06,motokar,Perodua,QV-E,grey,electric,W.P. Kuala Lumpur
2026-03-06,jip,Porsche,Macan,white,electric,W.P. Kuala Lumpur
2026-03-06,motokar,Porsche,Taycan,black,electric,W.P. Kuala Lumpur
2026-03-06,motokar,Proton,e.MAS 5,pink,electric,Rakan Niaga
2026-03-06,motokar,Proton,e.MAS 5,yellow,electric,Rakan Niaga
2026-03-06,motokar,Proton,e.MAS 5,grey,electric,Rakan Niaga
2026-03-06,motokar,Proton,e.MAS 5,silver,electric,Rakan Niaga
2026-03-06,motokar,Proton,e.MAS 5,white,electric,Rakan Niaga
2026-03-06,motokar,Proton,e.MAS 5,grey,electric,Sabah
2026-03-06,motokar,Proton,e.MAS 5,grey,electric,W.P. Kuala Lumpur
2026-03-06,jip,Proton,e.MAS 7,white,electric,Rakan Niaga
2026-03-06,jip,Proton,e.MAS 7,grey,electric,W.P. Kuala Lumpur
2026-03-06,jip,Proton,e.MAS 7,black,electric,Selangor
2026-03-06,jip,Proton,e.MAS 7,silver,electric,W.P. Kuala Lumpur
2026-03-06,jip,Proton,e.MAS 7,pink,electric,Rakan Niaga
2026-03-06,jip,Proton,e.MAS 7,green,electric,Rakan Niaga
2026-03-06,jip,Proton,e.MAS 7,silver,electric,Sarawak
2026-03-06,jip,Proton,e.MAS 7,black,electric,Rakan Niaga
2026-03-06,jip,Proton,e.MAS 7,green,electric,Perak
2026-03-06,motokar,Tesla,Model 3,grey,electric,Rakan Niaga
2026-03-06,motokar,Tesla,Model 3,grey,electric,W.P. Kuala Lumpur
2026-03-06,motokar,Tesla,Model 3,grey,electric,Johor
2026-03-06,motokar,Tesla,Model 3,blue,electric,Rakan Niaga
2026-03-06,motokar,Tesla,Model Y,grey,electric,Rakan Niaga
2026-03-06,motokar,Tesla,Model Y,grey,electric,Pulau Pinang
2026-03-06,motokar,TQ Wuling,Bingo,blue,electric,Rakan Niaga
2026-03-06,jip,Volvo,EX90,white,electric,Rakan Niaga
2026-03-06,jip,Xpeng,G6,black,electric,Rakan Niaga
2026-03-06,jip,Xpeng,G6,white,electric,Rakan Niaga
2026-03-06,jip,Xpeng,G6,purple,electric,Rakan Niaga
2026-03-06,window_van,Zeekr,009,white,electric,Selangor
2026-03-06,window_van,Zeekr,009,white,electric,Johor
2026-03-06,window_van,Zeekr,009,black,electric,W.P. Kuala Lumpur
2026-03-06,jip,Zeekr,7X,blue,electric,Rakan Niaga
2026-03-06,jip,Zeekr,7X,white,electric,Rakan Niaga
2026-03-06,jip,Zeekr,7X,black,electric,Rakan Niaga
2026-03-06,jip,Zeekr,7X,grey,electric,Rakan Niaga
2026-03-07,jip,BYD,Atto 3,white,electric,Rakan Niaga
2026-03-07,motokar,MG,MG4,white,electric,Rakan Niaga
2026-03-07,motokar,MG,MG4,orange,electric,Rakan Niaga
2026-03-07,motokar,Proton,e.MAS 5,white,electric,Rakan Niaga
2026-03-07,motokar,Proton,e.MAS 5,silver,electric,Rakan Niaga
2026-03-07,motokar,Proton,e.MAS 5,pink,electric,Rakan Niaga
2026-03-07,motokar,Proton,e.MAS 5,grey,electric,Rakan Niaga
2026-03-07,motokar,Proton,e.MAS 5,yellow,electric,Rakan Niaga
2026-03-07,jip,Proton,e.MAS 7,black,electric,Rakan Niaga
2026-03-07,jip,Proton,e.MAS 7,grey,electric,Rakan Niaga
2026-03-07,jip,Proton,e.MAS 7,silver,electric,Rakan Niaga
2026-03-07,jip,Zeekr,7X,grey,electric,Rakan Niaga
2026-03-08,motokar,MG,MG4,orange,electric,Rakan Niaga
2026-03-08,motokar,Proton,e.MAS 5,grey,electric,Rakan Niaga
2026-03-09,jip,BMW,iX,blue,electric,W.P. Kuala Lumpur
2026-03-09,jip,BYD,Atto 2,grey,electric,Rakan Niaga
2026-03-09,jip,BYD,Atto 3,black,electric,Rakan Niaga
2026-03-09,jip,BYD,Atto 3,grey,electric,Rakan Niaga
2026-03-09,jip,BYD,Atto 3,white,electric,Rakan Niaga
2026-03-09,motokar,BYD,Seal,white,electric,Rakan Niaga
2026-03-09,motokar,BYD,Seal,white,electric,W.P. Kuala Lumpur
2026-03-09,jip,BYD,Sealion,black,electric,Sarawak
2026-03-09,jip,BYD,Sealion,black,electric,Rakan Niaga
2026-03-09,jip,BYD,Sealion,grey,electric,Rakan Niaga
2026-03-09,jip,Chery,iCaur 03,white,electric,Rakan Niaga
2026-03-09,jip,Chery,iCaur 03,black,electric,Rakan Niaga
2026-03-09,jip,Chery,iCaur V23,black,electric,Rakan Niaga
2026-03-09,jip,Chery,iCaur V23,white,electric,Rakan Niaga
2026-03-09,jip,Chery,iCaur V23,green,electric,Rakan Niaga
2026-03-09,jip,Chery,iCaur V23,white,electric,Sarawak
2026-03-09,jip,Chery,iCaur V23,grey,electric,Sarawak
2026-03-09,jip,Chery,iCaur V23,grey,electric,Rakan Niaga
2026-03-09,jip,Chery,iCaur V23,black,electric,W.P. Kuala Lumpur
2026-03-09,window_van,Denza,D9,black,electric,W.P. Kuala Lumpur
2026-03-09,window_van,Denza,D9,white,electric,W.P. Kuala Lumpur
2026-03-09,jip,Leapmotor,B10,purple,electric,Rakan Niaga
2026-03-09,jip,Leapmotor,B10,blue,electric,W.P. Kuala Lumpur
2026-03-09,jip,Leapmotor,B10,black,electric,Rakan Niaga
2026-03-09,jip,Leapmotor,B10,white,electric,Rakan Niaga
2026-03-09,motokar,MG,MG4,grey,electric,Sarawak
2026-03-09,motokar,MG,MG4,orange,electric,Rakan Niaga
2026-03-09,motokar,MG,MG4,silver,electric,Rakan Niaga
2026-03-09,motokar,MG,MG4,white,electric,Rakan Niaga
2026-03-09,motokar,Proton,e.MAS 5,white,electric,Rakan Niaga
2026-03-09,motokar,Proton,e.MAS 5,white,electric,Pahang
2026-03-09,motokar,Proton,e.MAS 5,yellow,electric,Rakan Niaga
2026-03-09,motokar,Proton,e.MAS 5,grey,electric,Johor
2026-03-09,motokar,Proton,e.MAS 5,grey,electric,Rakan Niaga
2026-03-09,motokar,Proton,e.MAS 5,silver,electric,Rakan Niaga
2026-03-09,motokar,Proton,e.MAS 5,white,electric,Melaka
2026-03-09,motokar,Proton,e.MAS 5,pink,electric,Rakan Niaga
2026-03-09,motokar,Proton,e.MAS 5,white,electric,Sabah
2026-03-09,motokar,Proton,e.MAS 5,white,electric,W.P. Kuala Lumpur
2026-03-09,motokar,Proton,e.MAS 5,grey,electric,Pulau Pinang
2026-03-09,jip,Proton,e.MAS 7,green,electric,Rakan Niaga
2026-03-09,jip,Proton,e.MAS 7,white,electric,Pulau Pinang
2026-03-09,jip,Proton,e.MAS 7,silver,electric,Rakan Niaga
2026-03-09,jip,Proton,e.MAS 7,pink,electric,Rakan Niaga
2026-03-09,jip,Proton,e.MAS 7,white,electric,Rakan Niaga
2026-03-09,motokar,Tesla,Model 3,black,electric,Johor
2026-03-09,motokar,Tesla,Model 3,grey,electric,Selangor
2026-03-09,motokar,Tesla,Model 3,grey,electric,Rakan Niaga
2026-03-09,motokar,Tesla,Model 3,white,electric,Rakan Niaga
2026-03-09,motokar,Tesla,Model 3,black,electric,Rakan Niaga
2026-03-09,motokar,Tesla,Model Y,black,electric,Rakan Niaga
2026-03-09,motokar,Tesla,Model Y,grey,electric,Rakan Niaga
2026-03-09,motokar,TQ Wuling,Bingo,purple,electric,Rakan Niaga
2026-03-09,jip,Xpeng,G6,purple,electric,Selangor
2026-03-09,window_van,Xpeng,X9,grey,electric,Selangor
2026-03-09,window_van,Zeekr,009,white,electric,W.P. Kuala Lumpur
2026-03-09,jip,Zeekr,7X,white,electric,Rakan Niaga
2026-03-09,jip,Zeekr,7X,grey,electric,Rakan Niaga
2026-03-09,jip,Zeekr,7X,black,electric,W.P. Kuala Lumpur
2026-03-09,jip,Zeekr,7X,green,electric,Rakan Niaga
2026-03-10,jip,BMW,iX2,grey,electric,Rakan Niaga
2026-03-10,jip,BYD,Atto 2,grey,electric,Rakan Niaga
2026-03-10,jip,BYD,Atto 3,grey,electric,Rakan Niaga
2026-03-10,jip,BYD,Atto 3,white,electric,Rakan Niaga
2026-03-10,jip,BYD,Atto 3,black,electric,Rakan Niaga
2026-03-10,jip,BYD,Atto 3,grey,electric,W.P. Kuala Lumpur
2026-03-10,motokar_pelbagai_utiliti,BYD,M6,grey,electric,W.P. Kuala Lumpur
2026-03-10,motokar,BYD,M6,blue,electric,Rakan Niaga
2026-03-10,motokar,BYD,Seal 6,blue,electric,Rakan Niaga
2026-03-10,motokar,BYD,Seal 6,grey,electric,Rakan Niaga
2026-03-10,motokar,BYD,Seal,white,electric,Rakan Niaga
2026-03-10,motokar,BYD,Seal,black,electric,W.P. Kuala Lumpur
2026-03-10,jip,BYD,Sealion,black,electric,Rakan Niaga
2026-03-10,jip,BYD,Sealion,white,electric,Rakan Niaga
2026-03-10,jip,BYD,Sealion,grey,electric,W.P. Kuala Lumpur
2026-03-10,jip,Chery,iCaur 03,grey,electric,Rakan Niaga
2026-03-10,jip,Chery,iCaur 03,black,electric,Selangor
2026-03-10,jip,Chery,iCaur 03,green,electric,Rakan Niaga
2026-03-10,jip,Chery,iCaur V23,green,electric,W.P. Kuala Lumpur
2026-03-10,jip,Chery,iCaur V23,black,electric,Rakan Niaga
2026-03-10,jip,Chery,iCaur V23,silver,electric,Rakan Niaga
2026-03-10,jip,Chery,iCaur V23,white,electric,Rakan Niaga
2026-03-10,jip,Chery,iCaur V23,grey,electric,Rakan Niaga
2026-03-10,motokar,Dong Feng,Box E3,white,electric,Selangor
2026-03-10,motokar,Great Wall,Ora,white,electric,Rakan Niaga
2026-03-10,motokar,Great Wall,Ora,green,electric,Rakan Niaga
2026-03-10,jip,Honda,e:N1,grey,electric,Rakan Niaga
2026-03-10,jip,Leapmotor,B10,blue,electric,Rakan Niaga
2026-03-10,jip,Leapmotor,B10,purple,electric,Rakan Niaga
2026-03-10,jip,Leapmotor,B10,purple,electric,W.P. Kuala Lumpur
2026-03-10,jip,Leapmotor,C10,white,electric,Sarawak
2026-03-10,motokar,MG,MG4,orange,electric,Rakan Niaga
2026-03-10,motokar,Mini,Countryman,white,electric,Pulau Pinang
2026-03-10,motokar,Neta,V,pink,electric,Selangor
2026-03-10,motokar,Proton,e.MAS 5,white,electric,Rakan Niaga
2026-03-10,motokar,Proton,e.MAS 5,silver,electric,Rakan Niaga
2026-03-10,motokar,Proton,e.MAS 5,silver,electric,Kelantan
2026-03-10,motokar,Proton,e.MAS 5,pink,electric,Rakan Niaga
2026-03-10,motokar,Proton,e.MAS 5,grey,electric,Rakan Niaga
2026-03-10,motokar,Proton,e.MAS 5,yellow,electric,Rakan Niaga
2026-03-10,motokar,Proton,e.MAS 5,white,electric,W.P. Kuala Lumpur
2026-03-10,motokar,Proton,e.MAS 5,white,electric,Johor
2026-03-10,jip,Proton,e.MAS 7,white,electric,Rakan Niaga
2026-03-10,jip,Proton,e.MAS 7,pink,electric,Rakan Niaga
2026-03-10,jip,Proton,e.MAS 7,silver,electric,Rakan Niaga
2026-03-10,jip,Proton,e.MAS 7,silver,electric,Selangor
2026-03-10,jip,Proton,e.MAS 7,silver,electric,W.P. Kuala Lumpur
2026-03-10,jip,Proton,e.MAS 7,green,electric,Rakan Niaga
2026-03-10,jip,Proton,e.MAS 7,grey,electric,Rakan Niaga
2026-03-10,motokar,Tesla,Model 3,white,electric,Rakan Niaga
2026-03-10,motokar,Tesla,Model 3,red,electric,W.P. Kuala Lumpur
2026-03-10,motokar,Tesla,Model 3,black,electric,Rakan Niaga
2026-03-10,motokar,Tesla,Model 3,black,electric,Melaka
2026-03-10,motokar,Tesla,Model 3,grey,electric,Rakan Niaga
2026-03-10,motokar,Tesla,Model 3,red,electric,Rakan Niaga
2026-03-10,motokar,Tesla,Model Y,grey,electric,Pahang
2026-03-10,motokar,Tesla,Model Y,blue,electric,Rakan Niaga
2026-03-10,motokar,Tesla,Model Y,red,electric,Rakan Niaga
2026-03-10,motokar,Tesla,Model Y,grey,electric,Johor
2026-03-10,motokar,Tesla,Model Y,grey,electric,Rakan Niaga
2026-03-10,motokar,TQ Wuling,Bingo,purple,electric,Rakan Niaga
2026-03-10,motokar,TQ Wuling,Bingo,white,electric,Rakan Niaga
2026-03-10,jip,Volvo,EC40,black,electric,Rakan Niaga
2026-03-10,motokar,Volvo,ES90,black,electric,Johor
2026-03-10,jip,Xpeng,G6,purple,electric,Rakan Niaga
2026-03-10,jip,Xpeng,G6,grey,electric,Rakan Niaga
2026-03-10,jip,Xpeng,G6,silver,electric,Rakan Niaga
2026-03-10,window_van,Xpeng,X9,white,electric,Rakan Niaga
2026-03-10,motokar_pelbagai_utiliti,Zeekr,009,green,electric,Perak
2026-03-10,window_van,Zeekr,009,green,electric,Rakan Niaga
2026-03-10,window_van,Zeekr,009,black,electric,Rakan Niaga
2026-03-10,jip,Zeekr,7X,blue,electric,Rakan Niaga
2026-03-10,jip,Zeekr,7X,grey,electric,Rakan Niaga
2026-03-10,jip,Zeekr,7X,blue,electric,Johor
2026-03-10,jip,Zeekr,7X,white,electric,W.P. Kuala Lumpur
2026-03-10,jip,Zeekr,7X,grey,electric,Perak
2026-03-10,jip,Zeekr,7X,black,electric,Rakan Niaga
2026-03-10,jip,Zeekr,7X,green,electric,Rakan Niaga
2026-03-11,jip,BYD,Atto 2,white,electric,Rakan Niaga
2026-03-11,jip,BYD,Atto 2,green,electric,Rakan Niaga
2026-03-11,jip,BYD,Atto 3,white,electric,Rakan Niaga
2026-03-11,jip,BYD,Atto 3,black,electric,Rakan Niaga
2026-03-11,jip,BYD,Atto 3,grey,electric,Rakan Niaga
2026-03-11,motokar_pelbagai_utiliti,BYD,M6,blue,electric,Rakan Niaga
2026-03-11,motokar,BYD,Seal 6,grey,electric,Kedah
2026-03-11,motokar,BYD,Seal 6,yellow,electric,Rakan Niaga
2026-03-11,motokar,BYD,Seal 6,white,electric,Rakan Niaga
2026-03-11,jip,BYD,Sealion,black,electric,Pulau Pinang
2026-03-11,jip,BYD,Sealion,grey,electric,Rakan Niaga
2026-03-11,jip,BYD,Sealion,white,electric,Rakan Niaga
2026-03-11,jip,Chery,iCaur 03,white,electric,Rakan Niaga
2026-03-11,jip,Chery,iCaur 03,silver,electric,Rakan Niaga
2026-03-11,jip,Chery,iCaur 03,grey,electric,Rakan Niaga
2026-03-11,jip,Chery,iCaur 03,black,electric,Rakan Niaga
2026-03-11,jip,Chery,iCaur V23,green,electric,Rakan Niaga
2026-03-11,jip,Chery,iCaur V23,black,electric,Rakan Niaga
2026-03-11,jip,Chery,iCaur V23,white,electric,Rakan Niaga
2026-03-11,jip,Chery,iCaur V23,green,electric,Selangor
2026-03-11,jip,Chery,iCaur V23,orange,electric,Rakan Niaga
2026-03-11,jip,Chery,Omoda 5,white,electric,Rakan Niaga
2026-03-11,window_van,Denza,D9,blue,electric,W.P. Kuala Lumpur
2026-03-11,window_van,Denza,D9,black,electric,Rakan Niaga
2026-03-11,motokar,Dong Feng,Box E3,green,electric,W.P. Kuala Lumpur
2026-03-11,motokar,Great Wall,Ora,beige,electric,Rakan Niaga
2026-03-11,jip,Leapmotor,B10,blue,electric,Rakan Niaga
2026-03-11,jip,Leapmotor,B10,grey,electric,Rakan Niaga
2026-03-11,jip,Leapmotor,C10,white,electric,Sarawak
2026-03-11,motokar,Mercedes Benz,EQS,white,electric,Rakan Niaga
2026-03-11,motokar,MG,MG4,red,electric,Rakan Niaga
2026-03-11,motokar,MG,MG4,grey,electric,Pulau Pinang
2026-03-11,motokar,MG,MG4,silver,electric,Sarawak
2026-03-11,motokar,Mini,Countryman,yellow,electric,W.P. Kuala Lumpur
2026-03-11,motokar,Neta,V,green,electric,Rakan Niaga
2026-03-11,motokar,Perodua,QV-E,grey,electric,Selangor
2026-03-11,motokar,Porsche,Taycan,black,electric,Selangor
2026-03-11,motokar,Proton,e.MAS 5,white,electric,Rakan Niaga
2026-03-11,motokar,Proton,e.MAS 5,silver,electric,Rakan Niaga
2026-03-11,motokar,Proton,e.MAS 5,yellow,electric,Rakan Niaga
2026-03-11,motokar,Proton,e.MAS 5,silver,electric,Selangor
2026-03-11,motokar,Proton,e.MAS 5,grey,electric,Rakan Niaga
2026-03-11,motokar,Proton,e.MAS 5,pink,electric,Rakan Niaga
2026-03-11,motokar,Proton,e.MAS 5,white,electric,Pulau Pinang
2026-03-11,motokar,Proton,e.MAS 5,grey,electric,Kedah
2026-03-11,motokar,Proton,e.MAS 5,white,electric,W.P. Kuala Lumpur
2026-03-11,motokar,Proton,e.MAS 5,white,electric,Terengganu
2026-03-11,motokar,Proton,e.MAS 5,grey,electric,Terengganu
2026-03-11,jip,Proton,e.MAS 7,pink,electric,Rakan Niaga
2026-03-11,jip,Proton,e.MAS 7,black,electric,Rakan Niaga
2026-03-11,jip,Proton,e.MAS 7,green,electric,Rakan Niaga
2026-03-11,jip,Proton,e.MAS 7,silver,electric,Rakan Niaga
2026-03-11,jip,Proton,e.MAS 7,white,electric,Rakan Niaga
2026-03-11,jip,Proton,e.MAS 7,silver,electric,W.P. Kuala Lumpur
2026-03-11,jip,Proton,e.MAS 7,grey,electric,Rakan Niaga
2026-03-11,jip,Smart,Brabus,silver,electric,Rakan Niaga
2026-03-11,jip,Smart,Brabus,grey,electric,Rakan Niaga
2026-03-11,motokar,Tesla,Model 3,white,electric,W.P. Kuala Lumpur
2026-03-11,motokar,Tesla,Model 3,grey,electric,Rakan Niaga
2026-03-11,motokar,Tesla,Model 3,white,electric,Rakan Niaga
2026-03-11,motokar,Tesla,Model Y,white,electric,Rakan Niaga
2026-03-11,motokar,Tesla,Model Y,grey,electric,Rakan Niaga
2026-03-11,motokar,TQ Wuling,Bingo,blue,electric,Rakan Niaga
2026-03-11,jip,Xpeng,G6,white,electric,Johor
2026-03-11,window_van,Xpeng,X9,white,electric,Rakan Niaga
2026-03-11,jip,Zeekr,7X,blue,electric,W.P. Kuala Lumpur
2026-03-11,jip,Zeekr,7X,grey,electric,Rakan Niaga
2026-03-11,jip,Zeekr,7X,green,electric,Rakan Niaga
2026-03-11,jip,Zeekr,7X,grey,electric,Kedah
2026-03-11,jip,Zeekr,7X,white,electric,Selangor
2026-03-12,motokar,BMW,i4,white,electric,W.P. Kuala Lumpur
2026-03-12,motokar,BMW,i4,grey,electric,Rakan Niaga
2026-03-12,jip,BYD,Atto 2,grey,electric,Rakan Niaga
2026-03-12,jip,BYD,Atto 2,green,electric,Rakan Niaga
2026-03-12,jip,BYD,Atto 3,white,electric,Rakan Niaga
2026-03-12,jip,BYD,Atto 3,grey,electric,Rakan Niaga
2026-03-12,jip,BYD,Atto 3,grey,electric,Selangor
2026-03-12,jip,BYD,Atto 3,white,electric,Pulau Pinang
2026-03-12,jip,BYD,Atto 3,black,electric,Rakan Niaga
2026-03-12,motokar_pelbagai_utiliti,BYD,M6,white,electric,Rakan Niaga
2026-03-12,motokar,BYD,Seal 6,white,electric,Rakan Niaga
2026-03-12,motokar,BYD,Seal 6,blue,electric,Rakan Niaga
2026-03-12,motokar,BYD,Seal,white,electric,Rakan Niaga
2026-03-12,motokar,BYD,Seal,grey,electric,Rakan Niaga
2026-03-12,motokar,BYD,Seal,black,electric,Rakan Niaga
2026-03-12,jip,BYD,Sealion,black,electric,Rakan Niaga
2026-03-12,jip,BYD,Sealion,grey,electric,Rakan Niaga
2026-03-12,jip,BYD,Sealion,grey,electric,Sabah
2026-03-12,jip,Chery,iCaur 03,black,electric,Rakan Niaga
2026-03-12,jip,Chery,iCaur 03,silver,electric,Rakan Niaga
2026-03-12,jip,Chery,iCaur 03,green,electric,Rakan Niaga
2026-03-12,jip,Chery,iCaur V23,green,electric,Rakan Niaga
2026-03-12,jip,Chery,iCaur V23,silver,electric,W.P. Kuala Lumpur
2026-03-12,jip,Chery,iCaur V23,black,electric,Rakan Niaga
2026-03-12,jip,Chery,iCaur V23,green,electric,Selangor
2026-03-12,jip,Chery,iCaur V23,grey,electric,Rakan Niaga
2026-03-12,jip,Chery,iCaur V23,silver,electric,Rakan Niaga
2026-03-12,jip,GAC Aion,Y Plus Premium,green,electric,W.P. Kuala Lumpur
2026-03-12,motokar,Mini,Cooper,green,electric,Rakan Niaga
2026-03-12,motokar,Neta,V,green,electric,Rakan Niaga
2026-03-12,jip,Porsche,Macan,grey,electric,Selangor
2026-03-12,motokar,Proton,e.MAS 5,pink,electric,Rakan Niaga
2026-03-12,motokar,Proton,e.MAS 5,silver,electric,Rakan Niaga
2026-03-12,motokar,Proton,e.MAS 5,yellow,electric,Rakan Niaga
2026-03-12,motokar,Proton,e.MAS 5,white,electric,Rakan Niaga
2026-03-12,motokar,Proton,e.MAS 5,grey,electric,Rakan Niaga
2026-03-12,motokar,Proton,e.MAS 5,pink,electric,Pulau Pinang
2026-03-12,motokar,Proton,e.MAS 5,white,electric,W.P. Kuala Lumpur
2026-03-12,motokar,Proton,e.MAS 5,silver,electric,Sarawak
2026-03-12,motokar,Proton,e.MAS 5,silver,electric,Pulau Pinang
2026-03-12,motokar,Proton,e.MAS 5,pink,electric,Perak
2026-03-12,motokar,Proton,e.MAS 5,yellow,electric,Sarawak
2026-03-12,jip,Proton,e.MAS 7,silver,electric,Selangor
2026-03-12,jip,Proton,e.MAS 7,pink,electric,Rakan Niaga
2026-03-12,jip,Proton,e.MAS 7,black,electric,Rakan Niaga
2026-03-12,jip,Proton,e.MAS 7,white,electric,Rakan Niaga
2026-03-12,jip,Proton,e.MAS 7,green,electric,Rakan Niaga
2026-03-12,jip,Proton,e.MAS 7,silver,electric,Rakan Niaga
2026-03-12,jip,Proton,e.MAS 7,green,electric,Pahang
2026-03-12,jip,Smart,Brabus,white,electric,W.P. Kuala Lumpur
2026-03-12,jip,Smart,Brabus,beige,electric,Rakan Niaga
2026-03-12,motokar,Tesla,Model 3,white,electric,Johor
2026-03-12,motokar,Tesla,Model 3,grey,electric,Rakan Niaga
2026-03-12,motokar,Tesla,Model 3,grey,electric,Johor
2026-03-12,motokar,Tesla,Model Y,silver,electric,Rakan Niaga
2026-03-12,motokar,Tesla,Model Y,grey,electric,Rakan Niaga
2026-03-12,motokar,Tesla,Model Y,grey,electric,Pulau Pinang
2026-03-12,motokar,TQ Wuling,Bingo,blue,electric,Rakan Niaga
2026-03-12,motokar,TQ Wuling,Bingo,purple,electric,Rakan Niaga
2026-03-12,motokar,Volvo,ES90,grey,electric,Rakan Niaga
2026-03-12,jip,Volvo,EX30,grey,electric,Rakan Niaga
2026-03-12,jip,Xpeng,G6,black,electric,Johor
2026-03-12,jip,Xpeng,G6,grey,electric,Rakan Niaga
2026-03-12,window_van,Xpeng,X9,white,electric,Rakan Niaga
2026-03-12,window_van,Zeekr,009,black,electric,W.P. Kuala Lumpur
2026-03-12,window_van,Zeekr,009,black,electric,Rakan Niaga
2026-03-12,window_van,Zeekr,009,green,electric,Rakan Niaga
2026-03-12,jip,Zeekr,7X,grey,electric,Rakan Niaga
2026-03-12,jip,Zeekr,7X,black,electric,Rakan Niaga
2026-03-12,jip,Zeekr,7X,blue,electric,Rakan Niaga
2026-03-12,jip,Zeekr,7X,grey,electric,W.P. Kuala Lumpur
2026-03-12,jip,Zeekr,7X,green,electric,Rakan Niaga
2026-03-13,jip,Audi,SQ8,black,electric,W.P. Kuala Lumpur
2026-03-13,jip,BYD,Atto 2,green,electric,Rakan Niaga
2026-03-13,jip,BYD,Atto 2,white,electric,Rakan Niaga
2026-03-13,jip,BYD,Atto 2,grey,electric,Rakan Niaga
2026-03-13,jip,BYD,Atto 3,black,electric,Rakan Niaga
2026-03-13,jip,BYD,Atto 3,white,electric,Rakan Niaga
2026-03-13,jip,BYD,Atto 3,grey,electric,Rakan Niaga
2026-03-13,jip,BYD,Atto 3,grey,electric,Selangor
2026-03-13,motokar_pelbagai_utiliti,BYD,M6,blue,electric,Rakan Niaga
2026-03-13,motokar,BYD,M6,blue,electric,Rakan Niaga
2026-03-13,motokar_pelbagai_utiliti,BYD,M6,black,electric,Rakan Niaga
2026-03-13,motokar_pelbagai_utiliti,BYD,M6,white,electric,Rakan Niaga
2026-03-13,motokar,BYD,M6,grey,electric,Selangor
2026-03-13,motokar,BYD,M6,white,electric,Rakan Niaga
2026-03-13,motokar_pelbagai_utiliti,BYD,M6,grey,electric,Rakan Niaga
2026-03-13,motokar,BYD,Seal 6,white,electric,Rakan Niaga
2026-03-13,motokar,BYD,Seal 6,blue,electric,Rakan Niaga
2026-03-13,motokar,BYD,Seal 6,grey,electric,Rakan Niaga
2026-03-13,motokar,BYD,Seal,black,electric,Rakan Niaga
2026-03-13,jip,BYD,Sealion,black,electric,Rakan Niaga
2026-03-13,jip,Chery,iCaur 03,white,electric,Selangor
2026-03-13,jip,Chery,iCaur 03,white,electric,W.P. Kuala Lumpur
2026-03-13,jip,Chery,iCaur 03,green,electric,W.P. Kuala Lumpur
2026-03-13,jip,Chery,iCaur 03,white,electric,Rakan Niaga
2026-03-13,jip,Chery,iCaur V23,black,electric,Rakan Niaga
2026-03-13,jip,Chery,iCaur V23,grey,electric,Rakan Niaga
2026-03-13,jip,Chery,iCaur V23,green,electric,W.P. Kuala Lumpur
2026-03-13,jip,Chery,iCaur V23,white,electric,Rakan Niaga
2026-03-13,jip,Chery,Omoda 5,black,electric,Rakan Niaga
2026-03-13,window_van,Denza,D9,blue,electric,Rakan Niaga
2026-03-13,motokar,Dong Feng,Box E3,blue,electric,Rakan Niaga
2026-03-13,jip,GAC Aion,Y Plus Premium,white,electric,Selangor
2026-03-13,motokar,Great Wall,Ora,blue,electric,Rakan Niaga
2026-03-13,motokar,Great Wall,Ora,beige,electric,Rakan Niaga
2026-03-13,motokar,Mercedes Benz,EQS,black,electric,Rakan Niaga
2026-03-13,motokar,MG,MG4,orange,electric,Rakan Niaga
2026-03-13,motokar,MG,MG4,red,electric,Rakan Niaga
2026-03-13,motokar,Mini,Countryman,green,electric,W.P. Kuala Lumpur
2026-03-13,motokar,Perodua,QV-E,blue,electric,Rakan Niaga
2026-03-13,jip,Porsche,Macan,green,electric,W.P. Kuala Lumpur
2026-03-13,motokar,Porsche,Taycan,grey,electric,Selangor
2026-03-13,motokar,Proton,e.MAS 5,white,electric,Negeri Sembilan
2026-03-13,motokar,Proton,e.MAS 5,white,electric,Rakan Niaga
2026-03-13,motokar,Proton,e.MAS 5,yellow,electric,Rakan Niaga
2026-03-13,motokar,Proton,e.MAS 5,grey,electric,Rakan Niaga
2026-03-13,motokar,Proton,e.MAS 5,grey,electric,Selangor
2026-03-13,motokar,Proton,e.MAS 5,white,electric,Selangor
2026-03-13,motokar,Proton,e.MAS 5,white,electric,Melaka
2026-03-13,motokar,Proton,e.MAS 5,silver,electric,Rakan Niaga
2026-03-13,motokar,Proton,e.MAS 5,white,electric,Pulau Pinang
2026-03-13,motokar,Proton,e.MAS 5,pink,electric,Rakan Niaga
2026-03-13,motokar,Proton,e.MAS 5,pink,electric,Pulau Pinang
2026-03-13,motokar,Proton,e.MAS 5,yellow,electric,Pulau Pinang
2026-03-13,motokar,Proton,e.MAS 5,pink,electric,Perak
2026-03-13,motokar,Proton,e.MAS 5,silver,electric,W.P. Kuala Lumpur
2026-03-13,jip,Proton,e.MAS 7,pink,electric,Rakan Niaga
2026-03-13,jip,Proton,e.MAS 7,silver,electric,Rakan Niaga
2026-03-13,jip,Proton,e.MAS 7,black,electric,Rakan Niaga
2026-03-13,jip,Proton,e.MAS 7,white,electric,Rakan Niaga
2026-03-13,jip,Proton,e.MAS 7,silver,electric,Johor
2026-03-13,jip,Proton,e.MAS 7,grey,electric,Rakan Niaga
2026-03-13,jip,Smart,Brabus,white,electric,Sabah
2026-03-13,jip,Smart,Brabus,black,electric,W.P. Kuala Lumpur
2026-03-13,motokar,Tesla,Model 3,grey,electric,Rakan Niaga
2026-03-13,motokar,Tesla,Model 3,red,electric,Rakan Niaga
2026-03-13,motokar,Tesla,Model Y,white,electric,Rakan Niaga
2026-03-13,motokar,Tesla,Model Y,grey,electric,Rakan Niaga
2026-03-13,motokar,Tesla,Model Y,red,electric,Rakan Niaga
2026-03-13,motokar,Tesla,Model Y,grey,electric,Sarawak
2026-03-13,motokar,Tesla,Model Y,white,electric,Selangor
2026-03-13,motokar,Tesla,Model Y,silver,electric,Rakan Niaga
2026-03-13,motokar,Tesla,Model Y,black,electric,Rakan Niaga
2026-03-13,motokar,TQ Wuling,Bingo,blue,electric,Rakan Niaga
2026-03-13,jip,Volvo,EC40,silver,electric,Rakan Niaga
2026-03-13,jip,Volvo,EX30,white,electric,Rakan Niaga
2026-03-13,jip,Volvo,EX30,blue,electric,Rakan Niaga
2026-03-13,jip,Volvo,EX30,grey,electric,Rakan Niaga
2026-03-13,jip,Volvo,EX30,grey,electric,W.P. Kuala Lumpur
2026-03-13,jip,Volvo,EX90,grey,electric,Rakan Niaga
2026-03-13,jip,Xpeng,G6,grey,electric,Rakan Niaga
2026-03-13,jip,Xpeng,G6,black,electric,Rakan Niaga
2026-03-13,window_van,Xpeng,X9,black,electric,Rakan Niaga
2026-03-13,window_van,Xpeng,X9,silver,electric,Rakan Niaga
2026-03-13,window_van,Zeekr,009,black,electric,Perak
2026-03-13,window_van,Zeekr,009,white,electric,Johor
2026-03-13,window_van,Zeekr,009,white,electric,Pulau Pinang
2026-03-13,window_van,Zeekr,009,white,electric,W.P. Kuala Lumpur
2026-03-13,jip,Zeekr,7X,grey,electric,Rakan Niaga
2026-03-13,jip,Zeekr,7X,green,electric,Rakan Niaga
2026-03-13,jip,Zeekr,7X,white,electric,Rakan Niaga
2026-03-13,jip,Zeekr,7X,black,electric,Rakan Niaga
2026-03-13,jip,Zeekr,7X,black,electric,W.P. Kuala Lumpur
2026-03-14,jip,BYD,Atto 2,white,electric,Rakan Niaga
2026-03-14,jip,BYD,Atto 3,white,electric,Rakan Niaga
2026-03-14,jip,BYD,Atto 3,black,electric,Rakan Niaga
2026-03-14,motokar,BYD,Seal 6,blue,electric,Rakan Niaga
2026-03-14,motokar,BYD,Seal,grey,electric,Rakan Niaga
2026-03-14,motokar,BYD,Seal,black,electric,Rakan Niaga
2026-03-14,motokar,BYD,Seal,white,electric,Rakan Niaga
2026-03-14,jip,Chery,iCaur 03,white,electric,Rakan Niaga
2026-03-14,jip,Chery,iCaur 03,green,electric,Rakan Niaga
2026-03-14,jip,Chery,iCaur V23,green,electric,Rakan Niaga
2026-03-14,window_van,Denza,D9,blue,electric,Rakan Niaga
2026-03-14,motokar,Great Wall,Ora,grey,electric,Rakan Niaga
2026-03-14,motokar,MG,MG4,grey,electric,Rakan Niaga
2026-03-14,motokar,Proton,e.MAS 5,pink,electric,Rakan Niaga
2026-03-14,motokar,Proton,e.MAS 5,white,electric,Rakan Niaga
2026-03-14,motokar,Proton,e.MAS 5,yellow,electric,Rakan Niaga
2026-03-14,motokar,Proton,e.MAS 5,grey,electric,Rakan Niaga
2026-03-14,motokar,Proton,e.MAS 5,silver,electric,Rakan Niaga
2026-03-14,jip,Proton,e.MAS 7,white,electric,Rakan Niaga
2026-03-14,jip,Proton,e.MAS 7,pink,electric,Rakan Niaga
2026-03-14,jip,Proton,e.MAS 7,green,electric,Rakan Niaga
2026-03-14,jip,Proton,e.MAS 7,grey,electric,Rakan Niaga
2026-03-14,jip,Proton,e.MAS 7,black,electric,Rakan Niaga
2026-03-14,jip,Proton,e.MAS 7,silver,electric,Rakan Niaga
2026-03-14,jip,Xpeng,G6,grey,electric,Rakan Niaga
2026-03-14,window_van,Xpeng,X9,silver,electric,Rakan Niaga
2026-03-14,jip,Zeekr,7X,white,electric,Rakan Niaga
2026-03-15,motokar_pelbagai_utiliti,BYD,M6,white,electric,Rakan Niaga
2026-03-15,motokar,BYD,Seal 6,grey,electric,Rakan Niaga
2026-03-15,jip,Chery,iCaur V23,green,electric,Kelantan
2026-03-15,motokar,Proton,e.MAS 5,white,electric,Kelantan
2026-03-15,motokar,Proton,e.MAS 5,white,electric,Rakan Niaga
2026-03-15,motokar,Tesla,Model 3,white,electric,Rakan Niaga
2026-03-16,motokar,BMW,i4,black,electric,W.P. Kuala Lumpur
2026-03-16,motokar,BMW,i5,grey,electric,Rakan Niaga
2026-03-16,jip,BYD,Atto 2,white,electric,Rakan Niaga
2026-03-16,jip,BYD,Atto 2,grey,electric,Rakan Niaga
2026-03-16,jip,BYD,Atto 3,white,electric,Rakan Niaga
2026-03-16,jip,BYD,Atto 3,grey,electric,Rakan Niaga
2026-03-16,jip,BYD,Atto 3,grey,electric,W.P. Kuala Lumpur
2026-03-16,jip,BYD,Atto 3,black,electric,Rakan Niaga
2026-03-16,jip,BYD,Atto 3,black,electric,W.P. Kuala Lumpur
2026-03-16,jip,BYD,Atto 3,black,electric,Selangor
2026-03-16,jip,BYD,Atto 3,white,electric,Pulau Pinang
2026-03-16,motokar_pelbagai_utiliti,BYD,M6,blue,electric,Rakan Niaga
2026-03-16,motokar,BYD,M6,black,electric,Johor
2026-03-16,motokar,BYD,Seal 6,grey,electric,Rakan Niaga
2026-03-16,motokar,BYD,Seal 6,blue,electric,Rakan Niaga
2026-03-16,motokar,BYD,Seal,black,electric,Rakan Niaga
2026-03-16,jip,BYD,Sealion,grey,electric,Rakan Niaga
2026-03-16,jip,BYD,Sealion,white,electric,Rakan Niaga
2026-03-16,jip,Chery,iCaur 03,grey,electric,W.P. Kuala Lumpur
2026-03-16,jip,Chery,iCaur 03,silver,electric,Sabah
2026-03-16,jip,Chery,iCaur 03,grey,electric,Selangor
2026-03-16,jip,Chery,iCaur 03,white,electric,Rakan Niaga
2026-03-16,jip,Chery,iCaur 03,black,electric,Negeri Sembilan
2026-03-16,jip,Chery,iCaur 03,grey,electric,Rakan Niaga
2026-03-16,jip,Chery,iCaur 03,green,electric,Rakan Niaga
2026-03-16,jip,Chery,iCaur V23,black,electric,Rakan Niaga
2026-03-16,jip,Chery,iCaur V23,green,electric,W.P. Kuala Lumpur
2026-03-16,jip,Chery,iCaur V23,silver,electric,Rakan Niaga
2026-03-16,jip,Chery,iCaur V23,green,electric,Rakan Niaga
2026-03-16,jip,Chery,iCaur V23,grey,electric,Rakan Niaga
2026-03-16,jip,Chery,iCaur V23,white,electric,Rakan Niaga
2026-03-16,jip,Chery,iCaur V23,orange,electric,Rakan Niaga
2026-03-16,jip,Chery,iCaur V23,grey,electric,Johor
2026-03-16,jip,Chery,Omoda 5,white,electric,Rakan Niaga
2026-03-16,window_van,Denza,D9,black,electric,Rakan Niaga
2026-03-16,motokar,Dong Feng,Box E3,blue,electric,Pulau Pinang
2026-03-16,motokar,Dong Feng,Box E3,purple,electric,Rakan Niaga
2026-03-16,motokar,Dong Feng,Box E3,white,electric,Rakan Niaga
2026-03-16,motokar,Dong Feng,Box E3,blue,electric,W.P. Kuala Lumpur
2026-03-16,motokar,Great Wall,Ora,beige,electric,Rakan Niaga
2026-03-16,jip,Leapmotor,B10,blue,electric,Rakan Niaga
2026-03-16,jip,Leapmotor,B10,black,electric,Rakan Niaga
2026-03-16,jip,Leapmotor,C10,grey,electric,Rakan Niaga
2026-03-16,motokar,MG,MG4,grey,electric,Negeri Sembilan
2026-03-16,motokar,MG,MG4,orange,electric,Rakan Niaga
2026-03-16,motokar,MG,MG4,grey,electric,Rakan Niaga
2026-03-16,motokar,Neta,V,grey,electric,Rakan Niaga
2026-03-16,motokar,Perodua,QV-E,grey,electric,Rakan Niaga
2026-03-16,jip,Porsche,Macan,grey,electric,W.P. Kuala Lumpur
2026-03-16,motokar,Porsche,Taycan,blue,electric,W.P. Kuala Lumpur
2026-03-16,motokar,Proton,e.MAS 5,white,electric,Rakan Niaga
2026-03-16,motokar,Proton,e.MAS 5,silver,electric,Rakan Niaga
2026-03-16,motokar,Proton,e.MAS 5,pink,electric,Rakan Niaga
2026-03-16,motokar,Proton,e.MAS 5,yellow,electric,Rakan Niaga
2026-03-16,motokar,Proton,e.MAS 5,grey,electric,Rakan Niaga
2026-03-16,motokar,Proton,e.MAS 5,yellow,electric,Selangor
2026-03-16,motokar,Proton,e.MAS 5,white,electric,W.P. Kuala Lumpur
2026-03-16,motokar,Proton,e.MAS 5,pink,electric,W.P. Kuala Lumpur
2026-03-16,jip,Proton,e.MAS 7,white,electric,Rakan Niaga
2026-03-16,jip,Proton,e.MAS 7,silver,electric,Rakan Niaga
2026-03-16,jip,Proton,e.MAS 7,grey,electric,Rakan Niaga
2026-03-16,jip,Proton,e.MAS 7,pink,electric,Rakan Niaga
2026-03-16,jip,Proton,e.MAS 7,green,electric,Rakan Niaga
2026-03-16,jip,Proton,e.MAS 7,black,electric,Rakan Niaga
2026-03-16,motokar,Tesla,Model 3,black,electric,Rakan Niaga
2026-03-16,motokar,Tesla,Model 3,white,electric,Pulau Pinang
2026-03-16,motokar,Tesla,Model 3,grey,electric,Rakan Niaga
2026-03-16,motokar,Tesla,Model 3,white,electric,Rakan Niaga
2026-03-16,motokar,Tesla,Model Y,grey,electric,Rakan Niaga
2026-03-16,motokar,Tesla,Model Y,grey,electric,W.P. Kuala Lumpur
2026-03-16,motokar,Tesla,Model Y,red,electric,Rakan Niaga
2026-03-16,motokar,Tesla,Model Y,grey,electric,Sarawak
2026-03-16,motokar,Tesla,Model Y,black,electric,Rakan Niaga
2026-03-16,motokar,Tesla,Model Y,silver,electric,Rakan Niaga
2026-03-16,motokar,Tesla,Model Y,white,electric,Rakan Niaga
2026-03-16,motokar,Tesla,Model Y,blue,electric,Rakan Niaga
2026-03-16,motokar,Tesla,Model Y,white,electric,W.P. Kuala Lumpur
2026-03-16,motokar,TQ Wuling,Bingo,purple,electric,Rakan Niaga
2026-03-16,motokar,TQ Wuling,Bingo,white,electric,Rakan Niaga
2026-03-16,motokar,TQ Wuling,Bingo,blue,electric,Rakan Niaga
2026-03-16,jip,Volvo,EX90,grey,electric,Rakan Niaga
2026-03-16,jip,Xpeng,G6,purple,electric,Rakan Niaga
2026-03-16,window_van,Xpeng,X9,white,electric,Rakan Niaga
2026-03-16,window_van,Xpeng,X9,black,electric,Johor
2026-03-16,window_van,Xpeng,X9,black,electric,Selangor
2026-03-16,window_van,Xpeng,X9,black,electric,Rakan Niaga
2026-03-16,window_van,Xpeng,X9,grey,electric,W.P. Kuala Lumpur
2026-03-16,jip,Zeekr,7X,blue,electric,Rakan Niaga
2026-03-16,jip,Zeekr,7X,grey,electric,Rakan Niaga
2026-03-16,jip,Zeekr,7X,green,electric,Rakan Niaga
2026-03-16,jip,Zeekr,7X,grey,electric,W.P. Kuala Lumpur
2026-03-16,jip,Zeekr,7X,black,electric,W.P. Kuala Lumpur
2026-03-16,jip,Zeekr,7X,white,electric,Rakan Niaga
2026-03-17,motokar,BMW,i4,white,electric,Rakan Niaga
2026-03-17,motokar,BMW,i4,grey,electric,W.P. Kuala Lumpur
2026-03-17,motokar,BMW,i4,grey,electric,Rakan Niaga
2026-03-17,motokar,BMW,i5,green,electric,Rakan Niaga
2026-03-17,motokar,BMW,i5,blue,electric,Rakan Niaga
2026-03-17,jip,BMW,iX,grey,electric,W.P. Kuala Lumpur
2026-03-17,jip,BYD,Atto 2,green,electric,Rakan Niaga
2026-03-17,jip,BYD,Atto 2,grey,electric,Rakan Niaga
2026-03-17,jip,BYD,Atto 2,white,electric,Pahang
2026-03-17,jip,BYD,Atto 3,grey,electric,Rakan Niaga
2026-03-17,jip,BYD,Atto 3,black,electric,Rakan Niaga
2026-03-17,jip,BYD,Atto 3,white,electric,Rakan Niaga
2026-03-17,jip,BYD,Atto 3,grey,electric,W.P. Kuala Lumpur
2026-03-17,motokar_pelbagai_utiliti,BYD,M6,grey,electric,Rakan Niaga
2026-03-17,motokar_pelbagai_utiliti,BYD,M6,white,electric,Rakan Niaga
2026-03-17,motokar_pelbagai_utiliti,BYD,M6,blue,electric,Rakan Niaga
2026-03-17,motokar,BYD,Seal 6,blue,electric,Rakan Niaga
2026-03-17,motokar,BYD,Seal 6,grey,electric,Rakan Niaga
2026-03-17,motokar,BYD,Seal 6,white,electric,Rakan Niaga
2026-03-17,jip,BYD,Sealion,grey,electric,Rakan Niaga
2026-03-17,jip,BYD,Sealion,black,electric,Rakan Niaga
2026-03-17,jip,BYD,Sealion,white,electric,Rakan Niaga
2026-03-17,jip,Chery,iCaur 03,grey,electric,Rakan Niaga
2026-03-17,jip,Chery,iCaur 03,white,electric,Rakan Niaga
2026-03-17,jip,Chery,iCaur 03,black,electric,Rakan Niaga
2026-03-17,jip,Chery,iCaur V23,grey,electric,Rakan Niaga
2026-03-17,jip,Chery,iCaur V23,green,electric,Rakan Niaga
2026-03-17,jip,Chery,iCaur V23,silver,electric,Rakan Niaga
2026-03-17,jip,Chery,iCaur V23,black,electric,Rakan Niaga
2026-03-17,jip,Chery,Omoda 5,white,electric,Kelantan
2026-03-17,motokar,Dong Feng,Box E3,blue,electric,Rakan Niaga
2026-03-17,motokar,Dong Feng,Box E3,white,electric,Rakan Niaga
2026-03-17,motokar,Dong Feng,Box E3,blue,electric,Pulau Pinang
2026-03-17,motokar,Great Wall,Ora,grey,electric,Rakan Niaga
2026-03-17,motokar,Great Wall,Ora,black,electric,Rakan Niaga
2026-03-17,jip,Honda,e:N1,grey,electric,Pahang
2026-03-17,jip,Kia,EV9,blue,electric,Melaka
2026-03-17,jip,Leapmotor,B10,black,electric,Rakan Niaga
2026-03-17,jip,Leapmotor,B10,grey,electric,W.P. Kuala Lumpur
2026-03-17,jip,Leapmotor,B10,grey,electric,Rakan Niaga
2026-03-17,jip,Leapmotor,B10,purple,electric,Rakan Niaga
2026-03-17,jip,Leapmotor,C10,white,electric,Rakan Niaga
2026-03-17,jip,Leapmotor,C10,grey,electric,Sarawak
2026-03-17,motokar,MG,MG4,blue,electric,Sarawak
2026-03-17,motokar,MG,MG4,grey,electric,Rakan Niaga
2026-03-17,motokar,MG,MG4,orange,electric,Rakan Niaga
2026-03-17,motokar,MG,MG4,black,electric,Rakan Niaga
2026-03-17,motokar,MG,MG4,white,electric,Rakan Niaga
2026-03-17,motokar,MG,MG4,orange,electric,Negeri Sembilan
2026-03-17,motokar,MG,S5,grey,electric,Rakan Niaga
2026-03-17,jip,Mini,Aceman,green,electric,W.P. Kuala Lumpur
2026-03-17,jip,Neta,X,white,electric,Rakan Niaga
2026-03-17,jip,Neta,X,blue,electric,Rakan Niaga
2026-03-17,jip,Neta,X,grey,electric,Rakan Niaga
2026-03-17,motokar,Perodua,QV-E,grey,electric,Rakan Niaga
2026-03-17,jip,Porsche,Macan,grey,electric,Rakan Niaga
2026-03-17,motokar,Porsche,Taycan,grey,electric,Rakan Niaga
2026-03-17,motokar,Proton,e.MAS 5,yellow,electric,Rakan Niaga
2026-03-17,motokar,Proton,e.MAS 5,grey,electric,Rakan Niaga
2026-03-17,motokar,Proton,e.MAS 5,pink,electric,Rakan Niaga
2026-03-17,motokar,Proton,e.MAS 5,white,electric,W.P. Kuala Lumpur
2026-03-17,motokar,Proton,e.MAS 5,silver,electric,Rakan Niaga
2026-03-17,motokar,Proton,e.MAS 5,white,electric,Rakan Niaga
2026-03-17,motokar,Proton,e.MAS 5,yellow,electric,Selangor
2026-03-17,motokar,Proton,e.MAS 5,silver,electric,Sarawak
2026-03-17,motokar,Proton,e.MAS 5,grey,electric,W.P. Kuala Lumpur
2026-03-17,motokar,Proton,e.MAS 5,pink,electric,W.P. Kuala Lumpur
2026-03-17,motokar,Proton,e.MAS 5,grey,electric,Kelantan
2026-03-17,motokar,Proton,e.MAS 5,silver,electric,Johor
2026-03-17,motokar,Proton,e.MAS 5,white,electric,Melaka
2026-03-17,motokar,Proton,e.MAS 5,pink,electric,Selangor
2026-03-17,motokar,Proton,e.MAS 5,grey,electric,Selangor
2026-03-17,motokar,Proton,e.MAS 5,silver,electric,Pulau Pinang
2026-03-17,motokar,Proton,e.MAS 5,yellow,electric,W.P. Kuala Lumpur
2026-03-17,jip,Proton,e.MAS 7,silver,electric,Rakan Niaga
2026-03-17,jip,Proton,e.MAS 7,green,electric,Rakan Niaga
2026-03-17,jip,Proton,e.MAS 7,grey,electric,Rakan Niaga
2026-03-17,jip,Proton,e.MAS 7,pink,electric,Rakan Niaga
2026-03-17,jip,Proton,e.MAS 7,black,electric,W.P. Kuala Lumpur
2026-03-17,jip,Proton,e.MAS 7,white,electric,Rakan Niaga
2026-03-17,motokar,Tesla,Model 3,black,electric,Rakan Niaga
2026-03-17,motokar,Tesla,Model 3,grey,electric,Rakan Niaga
2026-03-17,motokar,Tesla,Model Y,grey,electric,Johor
2026-03-17,motokar,Tesla,Model Y,grey,electric,Rakan Niaga
2026-03-17,motokar,Tesla,Model Y,grey,electric,W.P. Kuala Lumpur
2026-03-17,motokar,Tesla,Model Y,silver,electric,Johor
2026-03-17,motokar,Tesla,Model Y,white,electric,Rakan Niaga
2026-03-17,motokar,Tesla,Model Y,white,electric,W.P. Kuala Lumpur
2026-03-17,motokar,Tesla,Model Y,silver,electric,Selangor
2026-03-17,motokar,Tesla,Model Y,black,electric,Selangor
2026-03-17,motokar,Tesla,Model Y,black,electric,Rakan Niaga
2026-03-17,motokar,TQ Wuling,Bingo,purple,electric,Rakan Niaga
2026-03-17,jip,Volvo,EC40,gold,electric,Rakan Niaga
2026-03-17,jip,Volvo,EC40,beige,electric,Rakan Niaga
2026-03-17,motokar,Volvo,ES90,grey,electric,Rakan Niaga
2026-03-17,motokar,Volvo,ES90,grey,electric,Melaka
2026-03-17,motokar,Volvo,ES90,white,electric,Rakan Niaga
2026-03-17,jip,Volvo,EX30,grey,electric,Rakan Niaga
2026-03-17,jip,Volvo,EX30,black,electric,Rakan Niaga
2026-03-17,jip,Xpeng,G6,grey,electric,Rakan Niaga
2026-03-17,jip,Xpeng,G6,purple,electric,Rakan Niaga
2026-03-17,jip,Xpeng,G6,black,electric,Rakan Niaga
2026-03-17,window_van,Xpeng,X9,silver,electric,Rakan Niaga
2026-03-17,window_van,Xpeng,X9,silver,electric,Selangor
2026-03-17,window_van,Zeekr,009,black,electric,W.P. Kuala Lumpur
2026-03-17,jip,Zeekr,7X,blue,electric,Rakan Niaga
2026-03-17,jip,Zeekr,7X,black,electric,Rakan Niaga
2026-03-17,jip,Zeekr,7X,grey,electric,Rakan Niaga
2026-03-17,jip,Zeekr,7X,green,electric,Rakan Niaga
2026-03-18,motokar,Audi,E-tron,grey,electric,Selangor
2026-03-18,motokar,BMW,i4,white,electric,Pulau Pinang
2026-03-18,motokar,BMW,i4,white,electric,Rakan Niaga
2026-03-18,jip,BMW,iX,black,electric,W.P. Kuala Lumpur
2026-03-18,jip,BYD,Atto 2,green,electric,Rakan Niaga
2026-03-18,jip,BYD,Atto 2,grey,electric,Rakan Niaga
2026-03-18,jip,BYD,Atto 2,white,electric,Rakan Niaga
2026-03-18,jip,BYD,Atto 3,black,electric,Johor
2026-03-18,jip,BYD,Atto 3,black,electric,Rakan Niaga
2026-03-18,jip,BYD,Atto 3,grey,electric,Rakan Niaga
2026-03-18,jip,BYD,Atto 3,white,electric,Rakan Niaga
2026-03-18,jip,BYD,Atto 3,grey,electric,Kelantan
2026-03-18,motokar_pelbagai_utiliti,BYD,M6,blue,electric,Rakan Niaga
2026-03-18,motokar,BYD,M6,blue,electric,Rakan Niaga
2026-03-18,motokar_pelbagai_utiliti,BYD,M6,black,electric,Rakan Niaga
2026-03-18,motokar,BYD,Seal 6,grey,electric,Rakan Niaga
2026-03-18,motokar,BYD,Seal 6,blue,electric,Rakan Niaga
2026-03-18,motokar,BYD,Seal 6,white,electric,Rakan Niaga
2026-03-18,motokar,BYD,Seal 6,white,electric,Pahang
2026-03-18,motokar,BYD,Seal,black,electric,Rakan Niaga
2026-03-18,jip,BYD,Sealion,grey,electric,Rakan Niaga
2026-03-18,jip,BYD,Sealion,black,electric,Rakan Niaga
2026-03-18,jip,Chery,iCaur 03,white,electric,Rakan Niaga
2026-03-18,jip,Chery,iCaur 03,black,electric,Rakan Niaga
2026-03-18,jip,Chery,iCaur 03,green,electric,Rakan Niaga
2026-03-18,jip,Chery,iCaur 03,white,electric,Pulau Pinang
2026-03-18,jip,Chery,iCaur 03,grey,electric,Rakan Niaga
2026-03-18,jip,Chery,iCaur 03,grey,electric,W.P. Kuala Lumpur
2026-03-18,jip,Chery,iCaur 03,black,electric,Selangor
2026-03-18,jip,Chery,iCaur V23,orange,electric,Rakan Niaga
2026-03-18,jip,Chery,iCaur V23,green,electric,Rakan Niaga
2026-03-18,jip,Chery,iCaur V23,silver,electric,Rakan Niaga
2026-03-18,jip,Chery,iCaur V23,black,electric,Selangor
2026-03-18,jip,Chery,iCaur V23,white,electric,Rakan Niaga
2026-03-18,jip,Chery,Omoda 5,white,electric,Rakan Niaga
2026-03-18,window_van,Denza,D9,black,electric,Rakan Niaga
2026-03-18,window_van,Denza,D9,blue,electric,Rakan Niaga
2026-03-18,window_van,Denza,D9,white,electric,W.P. Kuala Lumpur
2026-03-18,motokar,Dong Feng,Box E3,purple,electric,Rakan Niaga
2026-03-18,motokar,Dong Feng,Box E3,pink,electric,Rakan Niaga
2026-03-18,motokar,Dong Feng,Box E3,purple,electric,Pahang
2026-03-18,jip,GAC Aion,Y Plus Standard,white,electric,Kedah
2026-03-18,motokar,Great Wall,Ora,grey,electric,Selangor
2026-03-18,jip,Honda,e:N1,white,electric,Rakan Niaga
2026-03-18,jip,Honda,e:N1,blue,electric,Rakan Niaga
2026-03-18,jip,Leapmotor,B10,black,electric,Rakan Niaga
2026-03-18,jip,Leapmotor,B10,white,electric,Rakan Niaga
2026-03-18,jip,Leapmotor,B10,purple,electric,Rakan Niaga
2026-03-18,jip,Lotus,Eletre,yellow,electric,W.P. Kuala Lumpur
2026-03-18,motokar,Mercedes Benz,EQS,black,electric,Pulau Pinang
2026-03-18,motokar,Mercedes Benz,EQS,white,electric,W.P. Kuala Lumpur
2026-03-18,motokar,Mercedes Benz,EQS,grey,electric,Rakan Niaga
2026-03-18,motokar,Mercedes Benz,EQS,grey,electric,Pulau Pinang
2026-03-18,motokar,MG,MG4,orange,electric,Rakan Niaga
2026-03-18,motokar,MG,MG4,white,electric,Rakan Niaga
2026-03-18,motokar,MG,MG4,red,electric,Rakan Niaga
2026-03-18,motokar,MG,S5,grey,electric,Rakan Niaga
2026-03-18,jip,Mini,Aceman,green,electric,W.P. Kuala Lumpur
2026-03-18,motokar,Proton,e.MAS 5,pink,electric,Rakan Niaga
2026-03-18,motokar,Proton,e.MAS 5,grey,electric,Rakan Niaga
2026-03-18,motokar,Proton,e.MAS 5,grey,electric,Perak
2026-03-18,motokar,Proton,e.MAS 5,yellow,electric,Selangor
2026-03-18,motokar,Proton,e.MAS 5,white,electric,Rakan Niaga
2026-03-18,motokar,Proton,e.MAS 5,yellow,electric,Kelantan
2026-03-18,motokar,Proton,e.MAS 5,pink,electric,Johor
2026-03-18,motokar,Proton,e.MAS 5,yellow,electric,Rakan Niaga
2026-03-18,motokar,Proton,e.MAS 5,silver,electric,Rakan Niaga
2026-03-18,motokar,Proton,e.MAS 5,yellow,electric,Pulau Pinang
2026-03-18,motokar,Proton,e.MAS 5,grey,electric,Johor
2026-03-18,motokar,Proton,e.MAS 5,yellow,electric,W.P. Kuala Lumpur
2026-03-18,motokar,Proton,e.MAS 5,grey,electric,W.P. Kuala Lumpur
2026-03-18,motokar,Proton,e.MAS 5,grey,electric,Melaka
2026-03-18,motokar,Proton,e.MAS 5,yellow,electric,Sabah
2026-03-18,motokar,Proton,e.MAS 5,white,electric,Johor
2026-03-18,motokar,Proton,e.MAS 5,pink,electric,Kelantan
2026-03-18,jip,Proton,e.MAS 7,black,electric,Rakan Niaga
2026-03-18,jip,Proton,e.MAS 7,green,electric,Rakan Niaga
2026-03-18,jip,Proton,e.MAS 7,silver,electric,Rakan Niaga
2026-03-18,jip,Proton,e.MAS 7,pink,electric,Negeri Sembilan
2026-03-18,jip,Proton,e.MAS 7,green,electric,W.P. Kuala Lumpur
2026-03-18,jip,Proton,e.MAS 7,pink,electric,Rakan Niaga
2026-03-18,jip,Proton,e.MAS 7,pink,electric,Terengganu
2026-03-18,jip,Proton,e.MAS 7,white,electric,Rakan Niaga
2026-03-18,jip,Proton,e.MAS 7,silver,electric,W.P. Kuala Lumpur
2026-03-18,jip,Proton,e.MAS 7,grey,electric,Rakan Niaga
2026-03-18,jip,Proton,e.MAS 7,black,electric,Kedah
2026-03-18,motokar,Tesla,Model 3,black,electric,Rakan Niaga
2026-03-18,motokar,Tesla,Model 3,white,electric,Rakan Niaga
2026-03-18,motokar,Tesla,Model 3,grey,electric,W.P. Kuala Lumpur
2026-03-18,motokar,Tesla,Model 3,grey,electric,Rakan Niaga
2026-03-18,motokar,Tesla,Model Y,silver,electric,Rakan Niaga
2026-03-18,motokar,Tesla,Model Y,silver,electric,Selangor
2026-03-18,motokar,Tesla,Model Y,black,electric,Rakan Niaga
2026-03-18,motokar,Tesla,Model Y,grey,electric,Rakan Niaga
2026-03-18,motokar,Tesla,Model Y,white,electric,Rakan Niaga
2026-03-18,motokar,Tesla,Model Y,red,electric,Rakan Niaga
2026-03-18,motokar,TQ Wuling,Bingo,white,electric,Rakan Niaga
2026-03-18,motokar,TQ Wuling,Bingo,purple,electric,Rakan Niaga
2026-03-18,motokar,TQ Wuling,Bingo,blue,electric,Rakan Niaga
2026-03-18,jip,Volvo,EC40,black,electric,Rakan Niaga
2026-03-18,jip,Volvo,EC40,silver,electric,Rakan Niaga
2026-03-18,jip,Volvo,EC40,beige,electric,Rakan Niaga
2026-03-18,motokar,Volvo,ES90,white,electric,Rakan Niaga
2026-03-18,motokar,Volvo,ES90,blue,electric,Rakan Niaga
2026-03-18,jip,Volvo,EX30,black,electric,Rakan Niaga
2026-03-18,jip,Volvo,EX30,white,electric,Rakan Niaga
2026-03-18,jip,Volvo,EX30,grey,electric,Rakan Niaga
2026-03-18,jip,Xpeng,G6,purple,electric,W.P. Kuala Lumpur
2026-03-18,jip,Xpeng,G6,black,electric,Rakan Niaga
2026-03-18,jip,Xpeng,G6,silver,electric,Rakan Niaga
2026-03-18,jip,Xpeng,G6,purple,electric,Rakan Niaga
2026-03-18,window_van,Xpeng,X9,white,electric,Pulau Pinang
2026-03-18,window_van,Zeekr,009,white,electric,Johor
2026-03-18,jip,Zeekr,7X,grey,electric,Rakan Niaga
2026-03-18,jip,Zeekr,7X,blue,electric,Rakan Niaga
2026-03-18,jip,Zeekr,7X,blue,electric,W.P. Kuala Lumpur
2026-03-18,jip,Zeekr,7X,white,electric,Rakan Niaga
2026-03-18,jip,Zeekr,7X,black,electric,Rakan Niaga
2026-03-18,jip,Zeekr,7X,green,electric,Rakan Niaga
2026-03-19,motokar,BMW,i4,white,electric,Rakan Niaga
2026-03-19,motokar,BMW,i5,grey,electric,W.P. Kuala Lumpur
2026-03-19,motokar,BMW,i5,grey,electric,Rakan Niaga
2026-03-19,jip,BMW,iX,black,electric,W.P. Kuala Lumpur
2026-03-19,jip,BYD,Atto 3,grey,electric,Rakan Niaga
2026-03-19,jip,BYD,Atto 3,white,electric,Rakan Niaga
2026-03-19,jip,BYD,Atto 3,black,electric,Rakan Niaga
2026-03-19,motokar_pelbagai_utiliti,BYD,M6,grey,electric,Rakan Niaga
2026-03-19,motokar,BYD,M6,grey,electric,Rakan Niaga
2026-03-19,motokar_pelbagai_utiliti,BYD,M6,black,electric,Rakan Niaga
2026-03-19,motokar,BYD,M6,white,electric,Rakan Niaga
2026-03-19,motokar,BYD,Seal 6,grey,electric,Rakan Niaga
2026-03-19,motokar,BYD,Seal 6,blue,electric,Rakan Niaga
2026-03-19,motokar,BYD,Seal 6,white,electric,Rakan Niaga
2026-03-19,motokar,BYD,Seal 6,yellow,electric,Rakan Niaga
2026-03-19,motokar,BYD,Seal 6,grey,electric,W.P. Kuala Lumpur
2026-03-19,motokar,BYD,Seal,grey,electric,Rakan Niaga
2026-03-19,jip,BYD,Sealion,black,electric,Rakan Niaga
2026-03-19,jip,BYD,Sealion,grey,electric,Perak
2026-03-19,jip,BYD,Sealion,white,electric,Sabah
2026-03-19,jip,BYD,Sealion,grey,electric,Rakan Niaga
2026-03-19,jip,BYD,Sealion,grey,electric,Selangor
2026-03-19,jip,Chery,iCaur 03,white,electric,Rakan Niaga
2026-03-19,jip,Chery,iCaur 03,grey,electric,Sabah
2026-03-19,jip,Chery,iCaur 03,green,electric,Rakan Niaga
2026-03-19,jip,Chery,iCaur V23,black,electric,Rakan Niaga
2026-03-19,jip,Chery,iCaur V23,green,electric,Rakan Niaga
2026-03-19,jip,Chery,iCaur V23,silver,electric,Rakan Niaga
2026-03-19,jip,Chery,iCaur V23,white,electric,Rakan Niaga
2026-03-19,window_van,Denza,D9,white,electric,W.P. Kuala Lumpur
2026-03-19,window_van,Denza,D9,white,electric,Rakan Niaga
2026-03-19,motokar,Great Wall,Ora,green,electric,Rakan Niaga
2026-03-19,jip,Leapmotor,B10,grey,electric,Rakan Niaga
2026-03-19,jip,Leapmotor,C10,grey,electric,Rakan Niaga
2026-03-19,motokar,Mercedes Benz,EQS,grey,electric,W.P. Kuala Lumpur
2026-03-19,motokar,Mercedes Benz,EQS,white,electric,Rakan Niaga
2026-03-19,motokar,MG,MG4,red,electric,Rakan Niaga
2026-03-19,motokar,MG,MG4,white,electric,Rakan Niaga
2026-03-19,motokar,MG,MG4,orange,electric,Rakan Niaga
2026-03-19,motokar,MG,MG4,grey,electric,Johor
2026-03-19,jip,Mini,Countryman,blue,electric,Rakan Niaga
2026-03-19,jip,Mini,Countryman,blue,electric,Perak
2026-03-19,motokar,Mini,John Cooper Works,black,electric,W.P. Kuala Lumpur
2026-03-19,motokar,Mini,John Cooper Works,grey,electric,Rakan Niaga
2026-03-19,motokar,Proton,e.MAS 5,silver,electric,Rakan Niaga
2026-03-19,motokar,Proton,e.MAS 5,yellow,electric,Rakan Niaga
2026-03-19,motokar,Proton,e.MAS 5,white,electric,Rakan Niaga
2026-03-19,motokar,Proton,e.MAS 5,pink,electric,Rakan Niaga
2026-03-19,motokar,Proton,e.MAS 5,grey,electric,Rakan Niaga
2026-03-19,motokar,Proton,e.MAS 5,grey,electric,Kedah
2026-03-19,motokar,Proton,e.MAS 5,silver,electric,W.P. Kuala Lumpur
2026-03-19,motokar,Proton,e.MAS 5,pink,electric,W.P. Kuala Lumpur
2026-03-19,motokar,Proton,e.MAS 5,white,electric,Kedah
2026-03-19,motokar,Proton,e.MAS 5,silver,electric,Kedah
2026-03-19,motokar,Proton,e.MAS 5,pink,electric,Pahang
2026-03-19,motokar,Proton,e.MAS 5,white,electric,W.P. Kuala Lumpur
2026-03-19,motokar,Proton,e.MAS 5,white,electric,Pahang
2026-03-19,motokar,Proton,e.MAS 5,silver,electric,Pahang
2026-03-19,motokar,Proton,e.MAS 5,silver,electric,Melaka
2026-03-19,motokar,Proton,e.MAS 5,yellow,electric,Kedah
2026-03-19,motokar,Proton,e.MAS 5,grey,electric,Pahang
2026-03-19,jip,Proton,e.MAS 7,black,electric,Sarawak
2026-03-19,jip,Proton,e.MAS 7,white,electric,Rakan Niaga
2026-03-19,jip,Proton,e.MAS 7,green,electric,Rakan Niaga
2026-03-19,jip,Proton,e.MAS 7,black,electric,Rakan Niaga
2026-03-19,jip,Proton,e.MAS 7,silver,electric,Rakan Niaga
2026-03-19,jip,Proton,e.MAS 7,grey,electric,Rakan Niaga
2026-03-19,jip,Proton,e.MAS 7,white,electric,Pulau Pinang
2026-03-19,jip,Proton,e.MAS 7,white,electric,Johor
2026-03-19,motokar,Tesla,Model 3,white,electric,Rakan Niaga
2026-03-19,motokar,Tesla,Model 3,grey,electric,Selangor
2026-03-19,motokar,Tesla,Model 3,grey,electric,Rakan Niaga
2026-03-19,motokar,Tesla,Model Y,grey,electric,Rakan Niaga
2026-03-19,motokar,Tesla,Model Y,grey,electric,Perak
2026-03-19,motokar,Tesla,Model Y,white,electric,Rakan Niaga
2026-03-19,motokar,Tesla,Model Y,silver,electric,Rakan Niaga
2026-03-19,motokar,Tesla,Model Y,silver,electric,Selangor
2026-03-19,motokar,Tesla,Model Y,blue,electric,Rakan Niaga
2026-03-19,motokar,TQ Wuling,Bingo,blue,electric,Rakan Niaga
2026-03-19,motokar,TQ Wuling,Bingo,white,electric,Rakan Niaga
2026-03-19,jip,Volvo,EC40,beige,electric,Rakan Niaga
2026-03-19,jip,Xpeng,G6,grey,electric,Melaka
2026-03-19,jip,Xpeng,G6,grey,electric,Pulau Pinang
2026-03-19,jip,Xpeng,G6,black,electric,Rakan Niaga
2026-03-19,window_van,Xpeng,X9,silver,electric,Rakan Niaga
2026-03-19,window_van,Xpeng,X9,white,electric,Perak
2026-03-19,window_van,Zeekr,009,black,electric,Rakan Niaga
2026-03-19,window_van,Zeekr,009,black,electric,W.P. Kuala Lumpur
2026-03-19,window_van,Zeekr,009,green,electric,W.P. Kuala Lumpur
2026-03-19,window_van,Zeekr,009,green,electric,Rakan Niaga
2026-03-19,jip,Zeekr,7X,black,electric,Pulau Pinang
2026-03-19,jip,Zeekr,7X,green,electric,Johor
2026-03-19,jip,Zeekr,7X,black,electric,W.P. Kuala Lumpur
2026-03-19,jip,Zeekr,7X,green,electric,Rakan Niaga
2026-03-19,jip,Zeekr,7X,black,electric,Johor
2026-03-19,jip,Zeekr,7X,grey,electric,W.P. Kuala Lumpur
2026-03-19,jip,Zeekr,7X,white,electric,Rakan Niaga
2026-03-19,jip,Zeekr,7X,green,electric,W.P. Kuala Lumpur
2026-03-19,jip,Zeekr,7X,black,electric,Rakan Niaga
2026-03-19,jip,Zeekr,7X,white,electric,Selangor
2026-03-19,jip,Zeekr,X,black,electric,Rakan Niaga
2026-03-19,jip,Zeekr,X,red,electric,Rakan Niaga
2026-03-20,jip,BYD,Atto 3,grey,electric,Rakan Niaga
2026-03-20,jip,BYD,Atto 3,black,electric,Rakan Niaga
2026-03-20,jip,BYD,Atto 3,white,electric,Rakan Niaga
2026-03-20,motokar,Proton,e.MAS 5,white,electric,Rakan Niaga
2026-03-20,motokar,Proton,e.MAS 5,silver,electric,Rakan Niaga
2026-03-20,jip,Zeekr,7X,grey,electric,Rakan Niaga
2026-03-21,jip,BYD,Atto 3,grey,electric,Rakan Niaga
2026-03-21,motokar,Proton,e.MAS 5,yellow,electric,Rakan Niaga
2026-03-22,motokar,Proton,e.MAS 5,pink,electric,Rakan Niaga
2026-03-22,motokar,Proton,e.MAS 5,white,electric,Rakan Niaga
2026-03-22,motokar,Proton,e.MAS 5,grey,electric,Rakan Niaga
2026-03-22,motokar,Proton,e.MAS 5,yellow,electric,Rakan Niaga
2026-03-23,jip,BYD,Atto 3,white,electric,Rakan Niaga
2026-03-24,motokar,BMW,i4,grey,electric,Rakan Niaga
2026-03-24,motokar,BMW,i5,grey,electric,Rakan Niaga
2026-03-24,jip,BMW,iX1,green,electric,Rakan Niaga
2026-03-24,jip,BMW,iX2,blue,electric,W.P. Kuala Lumpur
2026-03-24,jip,BMW,iX2,red,electric,W.P. Kuala Lumpur
2026-03-24,jip,BYD,Atto 3,black,electric,Rakan Niaga
2026-03-24,jip,BYD,Atto 3,white,electric,Selangor
2026-03-24,jip,BYD,Atto 3,grey,electric,Rakan Niaga
2026-03-24,motokar_pelbagai_utiliti,BYD,M6,grey,electric,Rakan Niaga
2026-03-24,motokar_pelbagai_utiliti,BYD,M6,blue,electric,Rakan Niaga
2026-03-24,jip,BYD,Sealion,black,electric,Rakan Niaga
2026-03-24,jip,BYD,Sealion,grey,electric,Rakan Niaga
2026-03-24,jip,Chery,iCaur 03,green,electric,Rakan Niaga
2026-03-24,jip,Chery,iCaur 03,silver,electric,Rakan Niaga
2026-03-24,jip,Chery,iCaur V23,green,electric,Rakan Niaga
2026-03-24,jip,Chery,iCaur V23,grey,electric,Rakan Niaga
2026-03-24,jip,Chery,iCaur V23,white,electric,Rakan Niaga
2026-03-24,jip,Chery,iCaur V23,orange,electric,Rakan Niaga
2026-03-24,jip,Chery,iCaur V23,black,electric,Rakan Niaga
2026-03-24,jip,Leapmotor,B10,grey,electric,Rakan Niaga
2026-03-24,motokar,Mercedes Benz,EQS,black,electric,Rakan Niaga
2026-03-24,motokar,MG,MG4,grey,electric,Rakan Niaga
2026-03-24,motokar,Proton,e.MAS 5,grey,electric,Rakan Niaga
2026-03-24,motokar,Proton,e.MAS 5,grey,electric,Selangor
2026-03-24,motokar,Proton,e.MAS 5,pink,electric,Rakan Niaga
2026-03-24,motokar,Proton,e.MAS 5,yellow,electric,Rakan Niaga
2026-03-24,motokar,Proton,e.MAS 5,silver,electric,Rakan Niaga
2026-03-24,motokar,Proton,e.MAS 5,white,electric,Rakan Niaga
2026-03-24,motokar,Proton,e.MAS 5,silver,electric,Sabah
2026-03-24,motokar,Proton,e.MAS 5,white,electric,Selangor
2026-03-24,motokar,Proton,e.MAS 5,grey,electric,W.P. Kuala Lumpur
2026-03-24,motokar,Proton,e.MAS 5,yellow,electric,Selangor
2026-03-24,jip,Proton,e.MAS 7,grey,electric,Rakan Niaga
2026-03-24,jip,Smart,Brabus,silver,electric,Rakan Niaga
2026-03-24,motokar,Tesla,Model 3,red,electric,Rakan Niaga
2026-03-24,motokar,Tesla,Model 3,grey,electric,Rakan Niaga
2026-03-24,motokar,Tesla,Model 3,white,electric,Rakan Niaga
2026-03-24,motokar,Tesla,Model Y,grey,electric,Rakan Niaga
2026-03-24,motokar,Tesla,Model Y,white,electric,W.P. Kuala Lumpur
2026-03-24,motokar,Tesla,Model Y,black,electric,Rakan Niaga
2026-03-24,motokar,Tesla,Model Y,white,electric,Rakan Niaga
2026-03-24,motokar,TQ Wuling,Bingo,purple,electric,Rakan Niaga
2026-03-24,jip,Volvo,EX30,blue,electric,Rakan Niaga
2026-03-24,jip,Zeekr,7X,green,electric,W.P. Kuala Lumpur
2026-03-24,jip,Zeekr,7X,blue,electric,Rakan Niaga
2026-03-25,jip,Audi,Q8,blue,electric,W.P. Kuala Lumpur
2026-03-25,jip,BYD,Atto 3,grey,electric,Rakan Niaga
2026-03-25,jip,BYD,Atto 3,white,electric,Rakan Niaga
2026-03-25,jip,BYD,Atto 3,black,electric,Rakan Niaga
2026-03-25,motokar_pelbagai_utiliti,BYD,M6,grey,electric,Rakan Niaga
2026-03-25,motokar,BYD,Seal 6,blue,electric,Rakan Niaga
2026-03-25,motokar,BYD,Seal 6,grey,electric,Rakan Niaga
2026-03-25,motokar,BYD,Seal 6,white,electric,Rakan Niaga
2026-03-25,motokar,BYD,Seal,white,electric,Rakan Niaga
2026-03-25,motokar,BYD,Seal,grey,electric,Rakan Niaga
2026-03-25,jip,BYD,Sealion,white,electric,Rakan Niaga
2026-03-25,jip,BYD,Sealion,black,electric,Rakan Niaga
2026-03-25,jip,BYD,Sealion,grey,electric,Rakan Niaga
2026-03-25,jip,Chery,iCaur 03,white,electric,Rakan Niaga
2026-03-25,jip,Chery,iCaur 03,grey,electric,Rakan Niaga
2026-03-25,jip,Chery,iCaur 03,black,electric,Rakan Niaga
2026-03-25,jip,Chery,iCaur V23,silver,electric,W.P. Kuala Lumpur
2026-03-25,jip,Chery,iCaur V23,green,electric,Rakan Niaga
2026-03-25,jip,Chery,iCaur V23,silver,electric,Rakan Niaga
2026-03-25,jip,Leapmotor,B10,grey,electric,Rakan Niaga
2026-03-25,jip,Leapmotor,B10,purple,electric,Rakan Niaga
2026-03-25,motokar,Mercedes Benz,EQS,black,electric,Rakan Niaga
2026-03-25,motokar,MG,MG4,white,electric,Rakan Niaga
2026-03-25,motokar,MG,MG4,orange,electric,Rakan Niaga
2026-03-25,motokar,MG,S5,red,electric,Sarawak
2026-03-25,motokar,MG,S5,grey,electric,Rakan Niaga
2026-03-25,jip,Mini,Aceman,grey,electric,Rakan Niaga
2026-03-25,motokar,Mini,Cooper,green,electric,Pulau Pinang
2026-03-25,motokar,Mini,John Cooper Works,white,electric,Johor
2026-03-25,jip,Porsche,Macan,purple,electric,W.P. Kuala Lumpur
2026-03-25,motokar,Proton,e.MAS 5,grey,electric,Rakan Niaga
2026-03-25,motokar,Proton,e.MAS 5,white,electric,Rakan Niaga
2026-03-25,motokar,Proton,e.MAS 5,yellow,electric,Johor
2026-03-25,motokar,Proton,e.MAS 5,pink,electric,Rakan Niaga
2026-03-25,motokar,Proton,e.MAS 5,yellow,electric,Rakan Niaga
2026-03-25,motokar,Proton,e.MAS 5,grey,electric,Pulau Pinang
2026-03-25,motokar,Proton,e.MAS 5,silver,electric,Rakan Niaga
2026-03-25,motokar,Proton,e.MAS 5,yellow,electric,Kelantan
2026-03-25,motokar,Proton,e.MAS 5,grey,electric,Selangor
2026-03-25,motokar,Proton,e.MAS 5,white,electric,Selangor
2026-03-25,jip,Proton,e.MAS 7,white,electric,Rakan Niaga
2026-03-25,jip,Proton,e.MAS 7,black,electric,Rakan Niaga
2026-03-25,jip,Proton,e.MAS 7,green,electric,Rakan Niaga
2026-03-25,jip,Smart,Brabus,grey,electric,W.P. Kuala Lumpur
2026-03-25,jip,Smart,Brabus,beige,electric,Rakan Niaga
2026-03-25,motokar,Tesla,Model 3,red,electric,Rakan Niaga
2026-03-25,motokar,Tesla,Model 3,grey,electric,Rakan Niaga
2026-03-25,motokar,Tesla,Model 3,silver,electric,Rakan Niaga
2026-03-25,motokar,Tesla,Model Y,white,electric,Johor
2026-03-25,motokar,Tesla,Model Y,grey,electric,Johor
2026-03-25,motokar,Tesla,Model Y,white,electric,Rakan Niaga
2026-03-25,motokar,Volvo,ES90,blue,electric,Rakan Niaga
2026-03-25,jip,Xpeng,G6,white,electric,Rakan Niaga
2026-03-25,jip,Zeekr,7X,blue,electric,W.P. Kuala Lumpur
2026-03-25,jip,Zeekr,7X,grey,electric,Rakan Niaga
2026-03-25,jip,Zeekr,7X,black,electric,Rakan Niaga
2026-03-26,jip,BYD,Atto 2,green,electric,Rakan Niaga
2026-03-26,jip,BYD,Atto 2,white,electric,Rakan Niaga
2026-03-26,jip,BYD,Atto 3,white,electric,Rakan Niaga
2026-03-26,jip,BYD,Atto 3,grey,electric,Rakan Niaga
2026-03-26,jip,BYD,Atto 3,black,electric,Rakan Niaga
2026-03-26,jip,BYD,Atto 3,grey,electric,Pulau Pinang
2026-03-26,motokar,BYD,M6,grey,electric,Rakan Niaga
2026-03-26,motokar_pelbagai_utiliti,BYD,M6,grey,electric,Rakan Niaga
2026-03-26,motokar,BYD,Seal 6,yellow,electric,Rakan Niaga
2026-03-26,motokar,BYD,Seal 6,blue,electric,Rakan Niaga
2026-03-26,motokar,BYD,Seal 6,grey,electric,Rakan Niaga
2026-03-26,motokar,BYD,Seal,grey,electric,Rakan Niaga
2026-03-26,jip,BYD,Sealion,black,electric,Rakan Niaga
2026-03-26,jip,BYD,Sealion,grey,electric,Rakan Niaga
2026-03-26,jip,Chery,iCaur 03,grey,electric,Rakan Niaga
2026-03-26,jip,Chery,iCaur 03,silver,electric,W.P. Kuala Lumpur
2026-03-26,jip,Chery,iCaur V23,grey,electric,W.P. Kuala Lumpur
2026-03-26,jip,Chery,iCaur V23,orange,electric,W.P. Kuala Lumpur
2026-03-26,jip,Chery,iCaur V23,silver,electric,Rakan Niaga
2026-03-26,jip,Chery,iCaur V23,white,electric,Rakan Niaga
2026-03-26,jip,Chery,iCaur V23,green,electric,W.P. Kuala Lumpur
2026-03-26,motokar,Dong Feng,Box E3,purple,electric,Pahang
2026-03-26,motokar,Great Wall,Ora,beige,electric,Rakan Niaga
2026-03-26,jip,Honda,e:N1,grey,electric,Rakan Niaga
2026-03-26,jip,Leapmotor,B10,black,electric,W.P. Kuala Lumpur
2026-03-26,jip,Leapmotor,B10,grey,electric,Rakan Niaga
2026-03-26,motokar,MG,MG4,orange,electric,Pulau Pinang
2026-03-26,motokar,MG,MG4,grey,electric,Rakan Niaga
2026-03-26,motokar,Mini,Countryman,black,electric,Pulau Pinang
2026-03-26,motokar,Proton,e.MAS 5,yellow,electric,Johor
2026-03-26,motokar,Proton,e.MAS 5,yellow,electric,Rakan Niaga
2026-03-26,motokar,Proton,e.MAS 5,grey,electric,Rakan Niaga
2026-03-26,motokar,Proton,e.MAS 5,white,electric,Rakan Niaga
2026-03-26,motokar,Proton,e.MAS 5,pink,electric,Rakan Niaga
2026-03-26,motokar,Proton,e.MAS 5,white,electric,Pulau Pinang
2026-03-26,motokar,Proton,e.MAS 5,silver,electric,Rakan Niaga
2026-03-26,motokar,Proton,e.MAS 5,yellow,electric,W.P. Kuala Lumpur
2026-03-26,motokar,Proton,e.MAS 5,pink,electric,Pahang
2026-03-26,motokar,Proton,e.MAS 5,silver,electric,Pulau Pinang
2026-03-26,motokar,Proton,e.MAS 5,pink,electric,Pulau Pinang
2026-03-26,motokar,Proton,e.MAS 5,grey,electric,Sarawak
2026-03-26,motokar,Proton,e.MAS 5,pink,electric,Johor
2026-03-26,motokar,Proton,e.MAS 5,white,electric,W.P. Kuala Lumpur
2026-03-26,jip,Proton,e.MAS 7,white,electric,Rakan Niaga
2026-03-26,jip,Proton,e.MAS 7,pink,electric,Rakan Niaga
2026-03-26,jip,Proton,e.MAS 7,black,electric,Rakan Niaga
2026-03-26,jip,Proton,e.MAS 7,grey,electric,Kedah
2026-03-26,jip,Proton,e.MAS 7,silver,electric,Rakan Niaga
2026-03-26,motokar,Tesla,Model 3,black,electric,Rakan Niaga
2026-03-26,motokar,Tesla,Model 3,red,electric,Rakan Niaga
2026-03-26,motokar,Tesla,Model 3,grey,electric,Rakan Niaga
2026-03-26,motokar,Tesla,Model 3,grey,electric,W.P. Kuala Lumpur
2026-03-26,motokar,Tesla,Model 3,silver,electric,Rakan Niaga
2026-03-26,motokar,Tesla,Model 3,white,electric,Rakan Niaga
2026-03-26,motokar,Tesla,Model Y,grey,electric,Rakan Niaga
2026-03-26,motokar,Tesla,Model Y,blue,electric,Selangor
2026-03-26,motokar,Tesla,Model Y,black,electric,Rakan Niaga
2026-03-26,motokar,Tesla,Model Y,grey,electric,W.P. Kuala Lumpur
2026-03-26,motokar,TQ Wuling,Bingo,purple,electric,Rakan Niaga
2026-03-26,motokar,TQ Wuling,Bingo,white,electric,Rakan Niaga
2026-03-26,jip,Volvo,EC40,gold,electric,Rakan Niaga
2026-03-26,motokar,Volvo,ES90,blue,electric,Rakan Niaga
2026-03-26,jip,Volvo,EX30,black,electric,Rakan Niaga
2026-03-26,window_van,Xpeng,X9,black,electric,Selangor
2026-03-26,window_van,Zeekr,009,white,electric,Rakan Niaga
2026-03-26,window_van,Zeekr,009,green,electric,Rakan Niaga
2026-03-26,window_van,Zeekr,009,white,electric,W.P. Kuala Lumpur
2026-03-26,jip,Zeekr,7X,green,electric,Rakan Niaga
2026-03-26,jip,Zeekr,X,green,electric,Rakan Niaga
2026-03-27,motokar,BMW,i4,grey,electric,Rakan Niaga
2026-03-27,motokar,BMW,i5,grey,electric,Selangor
2026-03-27,motokar,BMW,i5,black,electric,Rakan Niaga
2026-03-27,jip,BMW,iX,white,electric,Rakan Niaga
2026-03-27,jip,BMW,iX,grey,electric,Rakan Niaga
2026-03-27,jip,BYD,Atto 2,white,electric,Rakan Niaga
2026-03-27,jip,BYD,Atto 2,grey,electric,Rakan Niaga
2026-03-27,jip,BYD,Atto 3,white,electric,Rakan Niaga
2026-03-27,jip,BYD,Atto 3,black,electric,Rakan Niaga
2026-03-27,jip,BYD,Atto 3,grey,electric,Rakan Niaga
2026-03-27,jip,BYD,Atto 3,grey,electric,Sarawak
2026-03-27,jip,BYD,Atto 3,grey,electric,Selangor
2026-03-27,motokar,BYD,M6,blue,electric,Rakan Niaga
2026-03-27,motokar,BYD,Seal 6,white,electric,Selangor
2026-03-27,motokar,BYD,Seal 6,blue,electric,Rakan Niaga
2026-03-27,motokar,BYD,Seal 6,grey,electric,Rakan Niaga
2026-03-27,motokar,BYD,Seal,grey,electric,Rakan Niaga
2026-03-27,motokar,BYD,Seal,white,electric,Rakan Niaga
2026-03-27,jip,BYD,Sealion,grey,electric,Rakan Niaga
2026-03-27,jip,BYD,Sealion,white,electric,Rakan Niaga
2026-03-27,jip,BYD,Sealion,black,electric,Rakan Niaga
2026-03-27,jip,BYD,Sealion,white,electric,Selangor
2026-03-27,jip,BYD,Sealion,grey,electric,Pahang
2026-03-27,jip,Chery,iCaur 03,black,electric,Rakan Niaga
2026-03-27,jip,Chery,iCaur 03,white,electric,Rakan Niaga
2026-03-27,jip,Chery,iCaur V23,grey,electric,Rakan Niaga
2026-03-27,jip,Chery,iCaur V23,orange,electric,Rakan Niaga
2026-03-27,jip,Chery,iCaur V23,black,electric,Rakan Niaga
2026-03-27,jip,Chery,iCaur V23,green,electric,Rakan Niaga
2026-03-27,jip,Chery,iCaur V23,white,electric,Rakan Niaga
2026-03-27,jip,Chery,iCaur V23,white,electric,Sabah
2026-03-27,jip,Chery,iCaur V23,grey,electric,Melaka
2026-03-27,motokar,Dong Feng,Box E3,white,electric,Rakan Niaga
2026-03-27,motokar,Great Wall,Ora,beige,electric,Rakan Niaga
2026-03-27,jip,Leapmotor,B10,black,electric,Rakan Niaga
2026-03-27,jip,Leapmotor,B10,blue,electric,Rakan Niaga
2026-03-27,jip,Leapmotor,C10,grey,electric,Rakan Niaga
2026-03-27,motokar,MG,MG4,grey,electric,Rakan Niaga
2026-03-27,motokar,MG,MG4,orange,electric,Pulau Pinang
2026-03-27,motokar,MG,MG4,white,electric,Rakan Niaga
2026-03-27,motokar,MG,MG4,red,electric,W.P. Kuala Lumpur
2026-03-27,motokar,MG,MG4,grey,electric,W.P. Kuala Lumpur
2026-03-27,motokar,MG,MG4,orange,electric,Rakan Niaga
2026-03-27,motokar,Mini,Cooper,white,electric,Rakan Niaga
2026-03-27,motokar,Mini,Cooper,green,electric,Rakan Niaga
2026-03-27,motokar,Mini,Cooper,red,electric,Rakan Niaga
2026-03-27,jip,Mini,Countryman,green,electric,W.P. Kuala Lumpur
2026-03-27,motokar,Neta,V,green,electric,Melaka
2026-03-27,jip,Porsche,Macan,brown,electric,Rakan Niaga
2026-03-27,motokar,Proton,e.MAS 5,yellow,electric,Rakan Niaga
2026-03-27,motokar,Proton,e.MAS 5,white,electric,Rakan Niaga
2026-03-27,motokar,Proton,e.MAS 5,pink,electric,Rakan Niaga
2026-03-27,motokar,Proton,e.MAS 5,white,electric,W.P. Kuala Lumpur
2026-03-27,motokar,Proton,e.MAS 5,grey,electric,Rakan Niaga
2026-03-27,motokar,Proton,e.MAS 5,silver,electric,Rakan Niaga
2026-03-27,motokar,Proton,e.MAS 5,pink,electric,Negeri Sembilan
2026-03-27,motokar,Proton,e.MAS 5,yellow,electric,Johor
2026-03-27,motokar,Proton,e.MAS 5,yellow,electric,Pulau Pinang
2026-03-27,motokar,Proton,e.MAS 5,silver,electric,Pulau Pinang
2026-03-27,motokar,Proton,e.MAS 5,pink,electric,Sabah
2026-03-27,motokar,Proton,e.MAS 5,pink,electric,Perak
2026-03-27,motokar,Proton,e.MAS 5,pink,electric,Sarawak
2026-03-27,motokar,Proton,e.MAS 5,white,electric,Pulau Pinang
2026-03-27,motokar,Proton,e.MAS 5,yellow,electric,W.P. Kuala Lumpur
2026-03-27,motokar,Proton,e.MAS 5,silver,electric,W.P. Kuala Lumpur
2026-03-27,jip,Proton,e.MAS 7,grey,electric,Sabah
2026-03-27,jip,Proton,e.MAS 7,white,electric,Rakan Niaga
2026-03-27,jip,Proton,e.MAS 7,silver,electric,Rakan Niaga
2026-03-27,jip,Proton,e.MAS 7,black,electric,Rakan Niaga
2026-03-27,jip,Proton,e.MAS 7,grey,electric,Pulau Pinang
2026-03-27,jip,Proton,e.MAS 7,pink,electric,Rakan Niaga
2026-03-27,jip,Proton,e.MAS 7,green,electric,Rakan Niaga
2026-03-27,motokar,Tesla,Model 3,red,electric,Rakan Niaga
2026-03-27,motokar,Tesla,Model 3,white,electric,Selangor
2026-03-27,motokar,Tesla,Model 3,black,electric,Rakan Niaga
2026-03-27,motokar,Tesla,Model 3,grey,electric,Rakan Niaga
2026-03-27,motokar,Tesla,Model 3,silver,electric,Johor
2026-03-27,motokar,Tesla,Model Y,red,electric,Rakan Niaga
2026-03-27,motokar,Tesla,Model Y,red,electric,Selangor
2026-03-27,motokar,Tesla,Model Y,black,electric,Rakan Niaga
2026-03-27,motokar,Tesla,Model Y,white,electric,Rakan Niaga
2026-03-27,motokar,Tesla,Model Y,grey,electric,Rakan Niaga
2026-03-27,motokar,TQ Wuling,Bingo,blue,electric,Rakan Niaga
2026-03-27,jip,Volvo,EC40,silver,electric,Rakan Niaga
2026-03-27,motokar,Volvo,ES90,blue,electric,Rakan Niaga
2026-03-27,jip,Volvo,EX30,black,electric,Rakan Niaga
2026-03-27,jip,Xpeng,G6,purple,electric,Selangor
2026-03-27,jip,Xpeng,G6,silver,electric,W.P. Kuala Lumpur
2026-03-27,window_van,Xpeng,X9,silver,electric,Rakan Niaga
2026-03-27,window_van,Zeekr,009,black,electric,Rakan Niaga
2026-03-27,window_van,Zeekr,009,white,electric,Rakan Niaga
2026-03-27,jip,Zeekr,7X,black,electric,Rakan Niaga
2026-03-27,jip,Zeekr,7X,blue,electric,Johor
2026-03-27,jip,Zeekr,7X,grey,electric,Pulau Pinang
2026-03-27,jip,Zeekr,7X,green,electric,Rakan Niaga
2026-03-27,jip,Zeekr,7X,white,electric,Rakan Niaga
2026-03-27,jip,Zeekr,7X,grey,electric,Rakan Niaga
2026-03-28,jip,BYD,Atto 3,white,electric,Rakan Niaga
2026-03-28,jip,BYD,Atto 3,grey,electric,Rakan Niaga
2026-03-28,jip,BYD,Atto 3,black,electric,Rakan Niaga
2026-03-28,motokar_pelbagai_utiliti,BYD,M6,blue,electric,Rakan Niaga
2026-03-28,motokar,BYD,M6,black,electric,Rakan Niaga
2026-03-28,motokar,BYD,Seal 6,grey,electric,Rakan Niaga
2026-03-28,jip,BYD,Sealion,grey,electric,Rakan Niaga
2026-03-28,jip,BYD,Sealion,black,electric,Rakan Niaga
2026-03-28,jip,Chery,iCaur 03,white,electric,Rakan Niaga
2026-03-28,jip,Chery,iCaur V23,black,electric,Rakan Niaga
2026-03-28,motokar,Dong Feng,Box E3,silver,electric,Rakan Niaga
2026-03-28,motokar,MG,MG4,red,electric,Rakan Niaga
2026-03-28,motokar,MG,MG4,grey,electric,Rakan Niaga
2026-03-28,motokar,Proton,e.MAS 5,white,electric,Rakan Niaga
2026-03-28,motokar,Proton,e.MAS 5,grey,electric,Rakan Niaga
2026-03-28,motokar,Proton,e.MAS 5,yellow,electric,Rakan Niaga
2026-03-28,motokar,Proton,e.MAS 5,pink,electric,Rakan Niaga
2026-03-28,motokar,Proton,e.MAS 5,silver,electric,Rakan Niaga
2026-03-28,jip,Proton,e.MAS 7,pink,electric,Rakan Niaga
2026-03-28,jip,Proton,e.MAS 7,silver,electric,Rakan Niaga
2026-03-28,jip,Volvo,EX30,black,electric,Rakan Niaga
2026-03-29,jip,Chery,iCaur 03,white,electric,Rakan Niaga
2026-03-29,motokar,Mercedes Benz,EQS,silver,electric,Terengganu
2026-03-29,motokar,Perodua,QV-E,blue,electric,Terengganu
2026-03-29,motokar,Proton,e.MAS 5,yellow,electric,Kelantan
2026-03-29,motokar,Proton,e.MAS 5,white,electric,Rakan Niaga
2026-03-29,jip,Proton,e.MAS 7,black,electric,Rakan Niaga
2026-03-29,motokar,Tesla,Model 3,black,electric,Rakan Niaga
2026-03-30,motokar,BMW,i4,black,electric,W.P. Kuala Lumpur
2026-03-30,motokar,BMW,i4,grey,electric,Rakan Niaga
2026-03-30,jip,BMW,iX,beige,electric,Kedah
2026-03-30,jip,BMW,iX,white,electric,W.P. Kuala Lumpur
2026-03-30,jip,BMW,iX2,white,electric,Selangor
2026-03-30,jip,BYD,Atto 2,green,electric,Rakan Niaga
2026-03-30,jip,BYD,Atto 2,grey,electric,Rakan Niaga
2026-03-30,jip,BYD,Atto 3,grey,electric,Rakan Niaga
2026-03-30,jip,BYD,Atto 3,white,electric,Rakan Niaga
2026-03-30,jip,BYD,Atto 3,black,electric,Rakan Niaga
2026-03-30,jip,BYD,Atto 3,grey,electric,W.P. Kuala Lumpur
2026-03-30,jip,BYD,Atto 3,black,electric,Sarawak
2026-03-30,jip,BYD,Atto 3,white,electric,W.P. Kuala Lumpur
2026-03-30,motokar_pelbagai_utiliti,BYD,M6,grey,electric,Rakan Niaga
2026-03-30,motokar_pelbagai_utiliti,BYD,M6,black,electric,Rakan Niaga
2026-03-30,motokar_pelbagai_utiliti,BYD,M6,white,electric,Rakan Niaga
2026-03-30,motokar,BYD,M6,grey,electric,Rakan Niaga
2026-03-30,motokar,BYD,M6,blue,electric,Rakan Niaga
2026-03-30,motokar,BYD,Seal 6,white,electric,Perak
2026-03-30,motokar,BYD,Seal 6,white,electric,Rakan Niaga
2026-03-30,motokar,BYD,Seal 6,blue,electric,Rakan Niaga
2026-03-30,motokar,BYD,Seal 6,white,electric,Pahang
2026-03-30,motokar,BYD,Seal 6,grey,electric,Rakan Niaga
2026-03-30,motokar,BYD,Seal,white,electric,Rakan Niaga
2026-03-30,motokar,BYD,Seal,grey,electric,Rakan Niaga
2026-03-30,jip,BYD,Sealion,grey,electric,Rakan Niaga
2026-03-30,jip,BYD,Sealion,black,electric,W.P. Kuala Lumpur
2026-03-30,jip,BYD,Sealion,white,electric,Rakan Niaga
2026-03-30,jip,BYD,Sealion,grey,electric,W.P. Kuala Lumpur
2026-03-30,jip,BYD,Sealion,black,electric,Rakan Niaga
2026-03-30,jip,BYD,Sealion,white,electric,Pulau Pinang
2026-03-30,jip,Chery,iCaur 03,black,electric,W.P. Kuala Lumpur
2026-03-30,jip,Chery,iCaur 03,green,electric,Rakan Niaga
2026-03-30,jip,Chery,iCaur 03,white,electric,Rakan Niaga
2026-03-30,jip,Chery,iCaur V23,black,electric,Rakan Niaga
2026-03-30,jip,Chery,iCaur V23,orange,electric,Rakan Niaga
2026-03-30,jip,Chery,iCaur V23,silver,electric,Rakan Niaga
2026-03-30,jip,Chery,iCaur V23,green,electric,W.P. Kuala Lumpur
2026-03-30,jip,Chery,iCaur V23,black,electric,W.P. Kuala Lumpur
2026-03-30,jip,Chery,iCaur V23,green,electric,Selangor
2026-03-30,jip,Chery,iCaur V23,green,electric,Rakan Niaga
2026-03-30,jip,Chery,iCaur V23,grey,electric,Rakan Niaga
2026-03-30,jip,Chery,iCaur V23,white,electric,W.P. Kuala Lumpur
2026-03-30,window_van,Denza,D9,black,electric,Rakan Niaga
2026-03-30,window_van,Denza,D9,blue,electric,Pulau Pinang
2026-03-30,window_van,Denza,D9,black,electric,W.P. Kuala Lumpur
2026-03-30,motokar,Dong Feng,Box E3,purple,electric,Johor
2026-03-30,motokar,Dong Feng,Box E3,purple,electric,Rakan Niaga
2026-03-30,motokar,Great Wall,Ora,grey,electric,Rakan Niaga
2026-03-30,motokar,Great Wall,Ora,black,electric,Rakan Niaga
2026-03-30,jip,Leapmotor,B10,blue,electric,Rakan Niaga
2026-03-30,jip,Leapmotor,B10,white,electric,Sarawak
2026-03-30,jip,Leapmotor,B10,white,electric,Rakan Niaga
2026-03-30,jip,Leapmotor,C10,grey,electric,Johor
2026-03-30,motokar,Lotus,Emeya,grey,electric,W.P. Kuala Lumpur
2026-03-30,motokar,Mercedes Benz,EQS,grey,electric,Rakan Niaga
2026-03-30,motokar,MG,MG4,red,electric,Rakan Niaga
2026-03-30,motokar,MG,MG4,orange,electric,Rakan Niaga
2026-03-30,motokar,MG,MG4,green,electric,Rakan Niaga
2026-03-30,motokar,MG,MG4,red,electric,Pulau Pinang
2026-03-30,motokar,MG,MG4,white,electric,Rakan Niaga
2026-03-30,motokar,MG,MG4,silver,electric,W.P. Kuala Lumpur
2026-03-30,motokar,Mini,Cooper,white,electric,W.P. Kuala Lumpur
2026-03-30,jip,Neta,X,white,electric,Rakan Niaga
2026-03-30,motokar,Nissan,Leaf,brown,electric,Rakan Niaga
2026-03-30,motokar,Perodua,QV-E,blue,electric,Rakan Niaga
2026-03-30,motokar,Perodua,QV-E,grey,electric,Selangor
2026-03-30,motokar,Proton,e.MAS 5,grey,electric,Rakan Niaga
2026-03-30,motokar,Proton,e.MAS 5,pink,electric,Rakan Niaga
2026-03-30,motokar,Proton,e.MAS 5,white,electric,Rakan Niaga
2026-03-30,motokar,Proton,e.MAS 5,yellow,electric,Rakan Niaga
2026-03-30,motokar,Proton,e.MAS 5,yellow,electric,Johor
2026-03-30,motokar,Proton,e.MAS 5,silver,electric,Rakan Niaga
2026-03-30,motokar,Proton,e.MAS 5,silver,electric,W.P. Kuala Lumpur
2026-03-30,motokar,Proton,e.MAS 5,white,electric,Kelantan
2026-03-30,motokar,Proton,e.MAS 5,white,electric,Johor
2026-03-30,motokar,Proton,e.MAS 5,yellow,electric,Selangor
2026-03-30,motokar,Proton,e.MAS 5,yellow,electric,Pulau Pinang
2026-03-30,motokar,Proton,e.MAS 5,silver,electric,Pulau Pinang
2026-03-30,motokar,Proton,e.MAS 5,pink,electric,Pulau Pinang
2026-03-30,motokar,Proton,e.MAS 5,pink,electric,Perlis
2026-03-30,motokar,Proton,e.MAS 5,yellow,electric,W.P. Kuala Lumpur
2026-03-30,jip,Proton,e.MAS 7,silver,electric,W.P. Kuala Lumpur
2026-03-30,jip,Proton,e.MAS 7,white,electric,Rakan Niaga
2026-03-30,jip,Proton,e.MAS 7,grey,electric,Johor
2026-03-30,jip,Proton,e.MAS 7,grey,electric,Selangor
2026-03-30,jip,Proton,e.MAS 7,silver,electric,Rakan Niaga
2026-03-30,jip,Proton,e.MAS 7,black,electric,Rakan Niaga
2026-03-30,jip,Proton,e.MAS 7,green,electric,Rakan Niaga
2026-03-30,jip,Proton,e.MAS 7,black,electric,Sarawak
2026-03-30,jip,Proton,e.MAS 7,pink,electric,Rakan Niaga
2026-03-30,jip,Smart,Brabus,beige,electric,Rakan Niaga
2026-03-30,motokar,Tesla,Model 3,white,electric,Rakan Niaga
2026-03-30,motokar,Tesla,Model 3,black,electric,W.P. Kuala Lumpur
2026-03-30,motokar,Tesla,Model 3,grey,electric,Rakan Niaga
2026-03-30,motokar,Tesla,Model 3,black,electric,Rakan Niaga
2026-03-30,motokar,Tesla,Model 3,red,electric,Selangor
2026-03-30,motokar,Tesla,Model 3,red,electric,Rakan Niaga
2026-03-30,motokar,Tesla,Model 3,grey,electric,W.P. Kuala Lumpur
2026-03-30,motokar,Tesla,Model Y,grey,electric,Rakan Niaga
2026-03-30,motokar,Tesla,Model Y,white,electric,W.P. Kuala Lumpur
2026-03-30,motokar,Tesla,Model Y,white,electric,Rakan Niaga
2026-03-30,motokar,Tesla,Model Y,black,electric,Rakan Niaga
2026-03-30,motokar,Tesla,Model Y,black,electric,W.P. Kuala Lumpur
2026-03-30,motokar,Tesla,Model Y,red,electric,Rakan Niaga
2026-03-30,motokar,TQ Wuling,Bingo,purple,electric,Rakan Niaga
2026-03-30,motokar,TQ Wuling,Bingo,white,electric,Rakan Niaga
2026-03-30,motokar,TQ Wuling,Bingo,blue,electric,Rakan Niaga
2026-03-30,motokar,TQ Wuling,Bingo,purple,electric,Kelantan
2026-03-30,jip,Volvo,EC40,beige,electric,Rakan Niaga
2026-03-30,jip,Volvo,EC40,black,electric,Rakan Niaga
2026-03-30,jip,Volvo,EC40,silver,electric,Rakan Niaga
2026-03-30,jip,Volvo,EC40,black,electric,W.P. Kuala Lumpur
2026-03-30,jip,Volvo,EC40,white,electric,Rakan Niaga
2026-03-30,jip,Volvo,EC40,blue,electric,Rakan Niaga
2026-03-30,motokar,Volvo,ES90,black,electric,Rakan Niaga
2026-03-30,jip,Volvo,EX30,black,electric,Rakan Niaga
2026-03-30,jip,Volvo,EX30,grey,electric,Rakan Niaga
2026-03-30,jip,Volvo,EX30,grey,electric,W.P. Kuala Lumpur
2026-03-30,jip,Volvo,EX30,blue,electric,Rakan Niaga
2026-03-30,jip,Volvo,EX90,beige,electric,Rakan Niaga
2026-03-30,jip,Volvo,EX90,gold,electric,Rakan Niaga
2026-03-30,jip,Xpeng,G6,purple,electric,Rakan Niaga
2026-03-30,jip,Xpeng,G6,grey,electric,Rakan Niaga
2026-03-30,window_van,Zeekr,009,white,electric,Rakan Niaga
2026-03-30,window_van,Zeekr,009,black,electric,Selangor
2026-03-30,window_van,Zeekr,009,white,electric,W.P. Kuala Lumpur
2026-03-30,window_van,Zeekr,009,green,electric,Rakan Niaga
2026-03-30,jip,Zeekr,7X,blue,electric,Rakan Niaga
2026-03-30,jip,Zeekr,7X,grey,electric,Rakan Niaga
2026-03-30,jip,Zeekr,7X,blue,electric,W.P. Kuala Lumpur
2026-03-30,jip,Zeekr,7X,black,electric,Rakan Niaga
2026-03-30,jip,Zeekr,7X,white,electric,Rakan Niaga
2026-03-30,jip,Zeekr,7X,green,electric,Rakan Niaga
2026-03-30,jip,Zeekr,7X,white,electric,W.P. Kuala Lumpur
2026-03-31,jip,Audi,Q8,grey,electric,W.P. Kuala Lumpur
2026-03-31,motokar,BMW,i4,white,electric,Rakan Niaga
2026-03-31,motokar,BMW,i4,blue,electric,Selangor
2026-03-31,motokar,BMW,i4,white,electric,Selangor
2026-03-31,motokar,BMW,i4,grey,electric,W.P. Kuala Lumpur
2026-03-31,motokar,BMW,i4,white,electric,W.P. Kuala Lumpur
2026-03-31,motokar,BMW,i7,black,electric,Pahang
2026-03-31,jip,BMW,iX,beige,electric,W.P. Kuala Lumpur
2026-03-31,jip,BMW,iX,grey,electric,W.P. Kuala Lumpur
2026-03-31,jip,BMW,iX,beige,electric,Rakan Niaga
2026-03-31,jip,BMW,iX2,grey,electric,W.P. Kuala Lumpur
2026-03-31,jip,BYD,Atto 2,grey,electric,Rakan Niaga
2026-03-31,jip,BYD,Atto 2,white,electric,Rakan Niaga
2026-03-31,jip,BYD,Atto 2,green,electric,Rakan Niaga
2026-03-31,jip,BYD,Atto 3,grey,electric,Rakan Niaga
2026-03-31,jip,BYD,Atto 3,white,electric,Rakan Niaga
2026-03-31,jip,BYD,Atto 3,white,electric,Perak
2026-03-31,jip,BYD,Atto 3,grey,electric,Melaka
2026-03-31,jip,BYD,Atto 3,black,electric,Johor
2026-03-31,jip,BYD,Atto 3,black,electric,Rakan Niaga
2026-03-31,jip,BYD,Atto 3,grey,electric,W.P. Kuala Lumpur
2026-03-31,jip,BYD,Atto 3,white,electric,Johor
2026-03-31,jip,BYD,Atto 3,grey,electric,Sabah
2026-03-31,jip,BYD,Atto 3,grey,electric,Johor
2026-03-31,motokar,BYD,M6,grey,electric,Rakan Niaga
2026-03-31,motokar_pelbagai_utiliti,BYD,M6,blue,electric,Rakan Niaga
2026-03-31,motokar,BYD,M6,black,electric,Rakan Niaga
2026-03-31,motokar_pelbagai_utiliti,BYD,M6,grey,electric,Rakan Niaga
2026-03-31,motokar,BYD,M6,blue,electric,Rakan Niaga
2026-03-31,motokar_pelbagai_utiliti,BYD,M6,white,electric,Rakan Niaga
2026-03-31,motokar_pelbagai_utiliti,BYD,M6,black,electric,Rakan Niaga
2026-03-31,motokar,BYD,Seal 6,blue,electric,Rakan Niaga
2026-03-31,motokar,BYD,Seal 6,grey,electric,Rakan Niaga
2026-03-31,motokar,BYD,Seal 6,white,electric,Rakan Niaga
2026-03-31,motokar,BYD,Seal 6,yellow,electric,Rakan Niaga
2026-03-31,motokar,BYD,Seal 6,blue,electric,Perak
2026-03-31,motokar,BYD,Seal,grey,electric,Rakan Niaga
2026-03-31,motokar,BYD,Seal,black,electric,Rakan Niaga
2026-03-31,motokar,BYD,Seal,white,electric,Rakan Niaga
2026-03-31,jip,BYD,Sealion,white,electric,Rakan Niaga
2026-03-31,jip,BYD,Sealion,grey,electric,Rakan Niaga
2026-03-31,jip,BYD,Sealion,white,electric,Sabah
2026-03-31,jip,BYD,Sealion,black,electric,W.P. Kuala Lumpur
2026-03-31,jip,BYD,Sealion,black,electric,Pulau Pinang
2026-03-31,jip,BYD,Sealion,black,electric,Rakan Niaga
2026-03-31,jip,BYD,Sealion,grey,electric,W.P. Kuala Lumpur
2026-03-31,jip,BYD,Sealion,grey,electric,Pulau Pinang
2026-03-31,jip,BYD,Sealion,grey,electric,Melaka
2026-03-31,jip,Chery,iCaur 03,white,electric,Rakan Niaga
2026-03-31,jip,Chery,iCaur 03,silver,electric,Rakan Niaga
2026-03-31,jip,Chery,iCaur 03,grey,electric,Rakan Niaga
2026-03-31,jip,Chery,iCaur 03,green,electric,Rakan Niaga
2026-03-31,jip,Chery,iCaur 03,black,electric,Rakan Niaga
2026-03-31,jip,Chery,iCaur 03,grey,electric,Perak
2026-03-31,jip,Chery,iCaur V23,grey,electric,Rakan Niaga
2026-03-31,jip,Chery,iCaur V23,black,electric,Rakan Niaga
2026-03-31,jip,Chery,iCaur V23,green,electric,Rakan Niaga
2026-03-31,jip,Chery,iCaur V23,black,electric,Pulau Pinang
2026-03-31,jip,Chery,iCaur V23,white,electric,Rakan Niaga
2026-03-31,jip,Chery,iCaur V23,black,electric,Johor
2026-03-31,jip,Chery,iCaur V23,orange,electric,Selangor
2026-03-31,jip,Chery,Omoda 5,black,electric,Rakan Niaga
2026-03-31,window_van,Denza,D9,black,electric,Rakan Niaga
2026-03-31,window_van,Denza,D9,blue,electric,Rakan Niaga
2026-03-31,window_van,Denza,D9,white,electric,Rakan Niaga
2026-03-31,window_van,Denza,D9,blue,electric,W.P. Kuala Lumpur
2026-03-31,motokar,Dong Feng,Box E3,purple,electric,Rakan Niaga
2026-03-31,jip,GAC Aion,Y Plus Standard,white,electric,Rakan Niaga
2026-03-31,motokar,Great Wall,Ora,grey,electric,Perak
2026-03-31,jip,Honda,e:N1,grey,electric,Rakan Niaga
2026-03-31,jip,Honda,e:N1,blue,electric,Rakan Niaga
2026-03-31,jip,Honda,e:N1,white,electric,Johor
2026-03-31,jip,Honda,e:N1,white,electric,Selangor
2026-03-31,jip,Kia,EV9,green,electric,Rakan Niaga
2026-03-31,jip,Leapmotor,B10,grey,electric,Rakan Niaga
2026-03-31,jip,Leapmotor,B10,blue,electric,Rakan Niaga
2026-03-31,jip,Leapmotor,B10,purple,electric,Rakan Niaga
2026-03-31,jip,Leapmotor,C10,grey,electric,Rakan Niaga
2026-03-31,motokar,Mercedes Benz,EQS,black,electric,Melaka
2026-03-31,motokar,Mercedes Benz,EQS,black,electric,Rakan Niaga
2026-03-31,motokar,Mercedes Benz,EQS,blue,electric,Pulau Pinang
2026-03-31,motokar,Mercedes Benz,EQS,grey,electric,Rakan Niaga
2026-03-31,motokar,MG,MG4,white,electric,Melaka
2026-03-31,motokar,MG,MG4,grey,electric,Sarawak
2026-03-31,motokar,MG,MG4,black,electric,Sarawak
2026-03-31,motokar,MG,MG4,white,electric,Rakan Niaga
2026-03-31,motokar,MG,MG4,orange,electric,Rakan Niaga
2026-03-31,motokar,MG,MG4,white,electric,Sarawak
2026-03-31,motokar,MG,MG4,red,electric,Rakan Niaga
2026-03-31,motokar,MG,MG4,titanium,electric,Rakan Niaga
2026-03-31,motokar,MG,MG4,grey,electric,Rakan Niaga
2026-03-31,motokar,MG,MG4,blue,electric,Rakan Niaga
2026-03-31,motokar,MG,S5,grey,electric,Melaka
2026-03-31,jip,Mini,Aceman,blue,electric,Rakan Niaga
2026-03-31,jip,Mini,Aceman,green,electric,Rakan Niaga
2026-03-31,motokar,Mini,Cooper,green,electric,Rakan Niaga
2026-03-31,motokar,Neta,V,grey,electric,Rakan Niaga
2026-03-31,motokar,Perodua,QV-E,blue,electric,Rakan Niaga
2026-03-31,motokar,Proton,e.MAS 5,grey,electric,Rakan Niaga
2026-03-31,motokar,Proton,e.MAS 5,white,electric,Rakan Niaga
2026-03-31,motokar,Proton,e.MAS 5,yellow,electric,Rakan Niaga
2026-03-31,motokar,Proton,e.MAS 5,white,electric,W.P. Kuala Lumpur
2026-03-31,motokar,Proton,e.MAS 5,pink,electric,Rakan Niaga
2026-03-31,motokar,Proton,e.MAS 5,yellow,electric,Perak
2026-03-31,motokar,Proton,e.MAS 5,silver,electric,Rakan Niaga
2026-03-31,motokar,Proton,e.MAS 5,white,electric,Johor
2026-03-31,motokar,Proton,e.MAS 5,beige,electric,Rakan Niaga
2026-03-31,motokar,Proton,e.MAS 5,white,electric,Sarawak
2026-03-31,motokar,Proton,e.MAS 5,grey,electric,Negeri Sembilan
2026-03-31,motokar,Proton,e.MAS 5,pink,electric,Pulau Pinang
2026-03-31,motokar,Proton,e.MAS 5,yellow,electric,Johor
2026-03-31,motokar,Proton,e.MAS 5,silver,electric,W.P. Kuala Lumpur
2026-03-31,motokar,Proton,e.MAS 5,grey,electric,W.P. Kuala Lumpur
2026-03-31,motokar,Proton,e.MAS 5,grey,electric,Sarawak
2026-03-31,motokar,Proton,e.MAS 5,yellow,electric,W.P. Kuala Lumpur
2026-03-31,motokar,Proton,e.MAS 5,yellow,electric,Selangor
2026-03-31,motokar,Proton,e.MAS 5,yellow,electric,Pulau Pinang
2026-03-31,motokar,Proton,e.MAS 5,grey,electric,Pulau Pinang
2026-03-31,motokar,Proton,e.MAS 5,yellow,electric,Sarawak
2026-03-31,motokar,Proton,e.MAS 5,white,electric,Pulau Pinang
2026-03-31,motokar,Proton,e.MAS 5,grey,electric,Selangor
2026-03-31,motokar,Proton,e.MAS 5,grey,electric,Perak
2026-03-31,motokar,Proton,e.MAS 5,pink,electric,Selangor
2026-03-31,jip,Proton,e.MAS 7,grey,electric,W.P. Kuala Lumpur
2026-03-31,jip,Proton,e.MAS 7,silver,electric,Rakan Niaga
2026-03-31,jip,Proton,e.MAS 7,green,electric,Rakan Niaga
2026-03-31,jip,Proton,e.MAS 7,black,electric,Rakan Niaga
2026-03-31,jip,Proton,e.MAS 7,grey,electric,Rakan Niaga
2026-03-31,jip,Proton,e.MAS 7,pink,electric,Rakan Niaga
2026-03-31,jip,Proton,e.MAS 7,white,electric,Rakan Niaga
2026-03-31,jip,Proton,e.MAS 7,silver,electric,Selangor
2026-03-31,jip,Proton,e.MAS 7,silver,electric,W.P. Kuala Lumpur
2026-03-31,jip,Smart,Brabus,blue,electric,Rakan Niaga
2026-03-31,jip,Smart,Brabus,grey,electric,Rakan Niaga
2026-03-31,jip,Smart,Brabus,silver,electric,W.P. Kuala Lumpur
2026-03-31,jip,Smart,Brabus,white,electric,Sabah
2026-03-31,jip,Smart,Brabus,grey,electric,Pulau Pinang
2026-03-31,jip,Smart,Brabus,beige,electric,Rakan Niaga
2026-03-31,motokar,Tesla,Model 3,blue,electric,Selangor
2026-03-31,motokar,Tesla,Model 3,white,electric,Rakan Niaga
2026-03-31,motokar,Tesla,Model 3,red,electric,Rakan Niaga
2026-03-31,motokar,Tesla,Model 3,grey,electric,Rakan Niaga
2026-03-31,motokar,Tesla,Model Y,white,electric,Rakan Niaga
2026-03-31,motokar,Tesla,Model Y,black,electric,Rakan Niaga
2026-03-31,motokar,Tesla,Model Y,grey,electric,Rakan Niaga
2026-03-31,jip,Toyota,bZ4X,white,electric,Rakan Niaga
2026-03-31,jip,Toyota,bZ4X,black,electric,Rakan Niaga
2026-03-31,motokar,TQ Wuling,Bingo,purple,electric,Rakan Niaga
2026-03-31,motokar,TQ Wuling,Bingo,white,electric,Rakan Niaga
2026-03-31,motokar,TQ Wuling,Bingo,blue,electric,Rakan Niaga
2026-03-31,jip,Volvo,EC40,silver,electric,Rakan Niaga
2026-03-31,jip,Volvo,EC40,white,electric,Rakan Niaga
2026-03-31,jip,Volvo,EC40,black,electric,Rakan Niaga
2026-03-31,motokar,Volvo,ES90,grey,electric,Rakan Niaga
2026-03-31,motokar,Volvo,ES90,white,electric,Rakan Niaga
2026-03-31,motokar,Volvo,ES90,black,electric,Pulau Pinang
2026-03-31,motokar,Volvo,ES90,black,electric,Rakan Niaga
2026-03-31,motokar,Volvo,ES90,white,electric,Johor
2026-03-31,motokar,Volvo,ES90,blue,electric,Rakan Niaga
2026-03-31,jip,Volvo,EX30,white,electric,Rakan Niaga
2026-03-31,jip,Volvo,EX30,black,electric,Rakan Niaga
2026-03-31,jip,Volvo,EX30,grey,electric,Rakan Niaga
2026-03-31,jip,Volvo,EX30,blue,electric,Rakan Niaga
2026-03-31,jip,Volvo,EX90,black,electric,Rakan Niaga
2026-03-31,jip,Volvo,EX90,white,electric,Rakan Niaga
2026-03-31,jip,Volvo,EX90,grey,electric,Rakan Niaga
2026-03-31,jip,Xpeng,G6,grey,electric,Rakan Niaga
2026-03-31,jip,Xpeng,G6,purple,electric,Rakan Niaga
2026-03-31,jip,Xpeng,G6,white,electric,Rakan Niaga
2026-03-31,jip,Xpeng,G6,purple,electric,Selangor
2026-03-31,jip,Xpeng,G6,black,electric,Rakan Niaga
2026-03-31,window_van,Xpeng,X9,silver,electric,Melaka
2026-03-31,window_van,Xpeng,X9,white,electric,Rakan Niaga
2026-03-31,window_van,Xpeng,X9,black,electric,Rakan Niaga
2026-03-31,window_van,Xpeng,X9,silver,electric,Rakan Niaga
2026-03-31,window_van,Zeekr,009,black,electric,Rakan Niaga
2026-03-31,window_van,Zeekr,009,white,electric,Rakan Niaga
2026-03-31,window_van,Zeekr,009,green,electric,W.P. Kuala Lumpur
2026-03-31,window_van,Zeekr,009,black,electric,W.P. Kuala Lumpur
2026-03-31,jip,Zeekr,7X,green,electric,W.P. Kuala Lumpur
2026-03-31,jip,Zeekr,7X,grey,electric,Selangor
2026-03-31,jip,Zeekr,7X,white,electric,W.P. Kuala Lumpur
2026-03-31,jip,Zeekr,7X,grey,electric,Rakan Niaga
2026-03-31,jip,Zeekr,7X,green,electric,Rakan Niaga
2026-03-31,jip,Zeekr,7X,grey,electric,W.P. Kuala Lumpur
2026-03-31,jip,Zeekr,7X,white,electric,Rakan Niaga
2026-03-31,jip,Zeekr,7X,black,electric,Rakan Niaga
2026-04-01,jip,BMW,iX2,red,electric,W.P. Kuala Lumpur
2026-04-01,jip,BMW,iX2,blue,electric,W.P. Kuala Lumpur
2026-04-01,jip,BYD,Atto 3,white,electric,W.P. Kuala Lumpur
2026-04-01,jip,BYD,Atto 3,grey,electric,Rakan Niaga
2026-04-01,jip,BYD,Atto 3,black,electric,Sarawak
2026-04-01,jip,BYD,Atto 3,grey,electric,Johor
2026-04-01,jip,Chery,iCaur 03,white,electric,Rakan Niaga
2026-04-01,jip,Chery,iCaur 03,silver,electric,Rakan Niaga
2026-04-01,jip,Chery,iCaur 03,black,electric,Rakan Niaga
2026-04-01,jip,Chery,iCaur V23,white,electric,Rakan Niaga
2026-04-01,jip,Chery,iCaur V23,green,electric,Rakan Niaga
2026-04-01,jip,Chery,iCaur V23,orange,electric,Rakan Niaga
2026-04-01,jip,Chery,iCaur V23,black,electric,Rakan Niaga
2026-04-01,window_van,Denza,D9,white,electric,W.P. Kuala Lumpur
2026-04-01,motokar,Dong Feng,Box E3,blue,electric,Rakan Niaga
2026-04-01,jip,Leapmotor,C10,white,electric,Rakan Niaga
2026-04-01,motokar,Mercedes Benz,EQS,black,electric,W.P. Kuala Lumpur
2026-04-01,jip,Mini,Countryman,blue,electric,Rakan Niaga
2026-04-01,motokar,Proton,e.MAS 5,silver,electric,Rakan Niaga
2026-04-01,motokar,Proton,e.MAS 5,pink,electric,Rakan Niaga
2026-04-01,motokar,Proton,e.MAS 5,white,electric,Rakan Niaga
2026-04-01,motokar,Proton,e.MAS 5,silver,electric,Pulau Pinang
2026-04-01,motokar,Proton,e.MAS 5,yellow,electric,Rakan Niaga
2026-04-01,motokar,Proton,e.MAS 5,grey,electric,Rakan Niaga
2026-04-01,motokar,Proton,e.MAS 5,white,electric,Pulau Pinang
2026-04-01,motokar,Proton,e.MAS 5,pink,electric,Pulau Pinang
2026-04-01,motokar,Proton,e.MAS 5,white,electric,Perak
2026-04-01,motokar,Proton,e.MAS 5,grey,electric,Johor
2026-04-01,motokar,Proton,e.MAS 5,silver,electric,W.P. Kuala Lumpur
2026-04-01,jip,Proton,e.MAS 7,black,electric,Rakan Niaga
2026-04-01,jip,Proton,e.MAS 7,white,electric,Rakan Niaga
2026-04-01,jip,Proton,e.MAS 7,green,electric,Rakan Niaga
2026-04-01,jip,Smart,Brabus,black,electric,W.P. Kuala Lumpur
2026-04-01,motokar,Tesla,Model Y,white,electric,Rakan Niaga
2026-04-01,motokar,Tesla,Model Y,white,electric,W.P. Kuala Lumpur
2026-04-01,motokar,Tesla,Model Y,silver,electric,Rakan Niaga
2026-04-01,jip,Xpeng,G6,purple,electric,Rakan Niaga
2026-04-01,jip,Xpeng,G6,white,electric,Rakan Niaga
2026-04-01,jip,Zeekr,7X,grey,electric,Rakan Niaga
2026-04-01,jip,Zeekr,7X,white,electric,Melaka
2026-04-02,motokar,BMW,i4,green,electric,Rakan Niaga
2026-04-02,motokar,BMW,i4,grey,electric,Rakan Niaga
2026-04-02,motokar,BMW,i5,black,electric,Rakan Niaga
2026-04-02,jip,BMW,iX2,grey,electric,Rakan Niaga
2026-04-02,jip,BMW,iX2,white,electric,Rakan Niaga
2026-04-02,jip,BYD,Atto 2,grey,electric,Rakan Niaga
2026-04-02,jip,BYD,Atto 2,green,electric,Rakan Niaga
2026-04-02,jip,BYD,Atto 3,grey,electric,Rakan Niaga
2026-04-02,jip,BYD,Atto 3,grey,electric,Johor
2026-04-02,jip,BYD,Atto 3,white,electric,Rakan Niaga
2026-04-02,motokar,BYD,Seal 6,blue,electric,Rakan Niaga
2026-04-02,motokar,BYD,Seal 6,white,electric,Rakan Niaga
2026-04-02,jip,BYD,Sealion,grey,electric,W.P. Kuala Lumpur
2026-04-02,jip,BYD,Sealion,grey,electric,Rakan Niaga
2026-04-02,jip,Chery,iCaur 03,green,electric,Johor
2026-04-02,jip,Chery,iCaur 03,green,electric,Rakan Niaga
2026-04-02,jip,Chery,iCaur 03,white,electric,Rakan Niaga
2026-04-02,jip,Chery,iCaur V23,silver,electric,Rakan Niaga
2026-04-02,jip,Chery,iCaur V23,black,electric,Rakan Niaga
2026-04-02,jip,Chery,Omoda 5,black,electric,Rakan Niaga
2026-04-02,jip,Chery,Omoda 5,white,electric,Rakan Niaga
2026-04-02,motokar,Great Wall,Ora,green,electric,Rakan Niaga
2026-04-02,jip,Leapmotor,B10,purple,electric,Selangor
2026-04-02,motokar,MG,MG4,red,electric,Rakan Niaga
2026-04-02,motokar,MG,MG4,silver,electric,Rakan Niaga
2026-04-02,jip,Mini,Aceman,orange,electric,Rakan Niaga
2026-04-02,jip,Mini,Aceman,white,electric,Rakan Niaga
2026-04-02,motokar,Mini,John Cooper Works,grey,electric,Perak
2026-04-02,motokar,Neta,V,green,electric,Rakan Niaga
2026-04-02,motokar,Neta,V,grey,electric,Melaka
2026-04-02,motokar,Perodua,QV-E,grey,electric,Terengganu
2026-04-02,motokar,Proton,e.MAS 5,pink,electric,Rakan Niaga
2026-04-02,motokar,Proton,e.MAS 5,yellow,electric,Rakan Niaga
2026-04-02,motokar,Proton,e.MAS 5,white,electric,Rakan Niaga
2026-04-02,motokar,Proton,e.MAS 5,grey,electric,Rakan Niaga
2026-04-02,motokar,Proton,e.MAS 5,silver,electric,Rakan Niaga
2026-04-02,motokar,Proton,e.MAS 5,white,electric,W.P. Kuala Lumpur
2026-04-02,motokar,Proton,e.MAS 5,white,electric,Johor
2026-04-02,motokar,Proton,e.MAS 5,yellow,electric,W.P. Kuala Lumpur
2026-04-02,motokar,Proton,e.MAS 5,silver,electric,Sarawak
2026-04-02,jip,Proton,e.MAS 7,silver,electric,Rakan Niaga
2026-04-02,jip,Proton,e.MAS 7,silver,electric,W.P. Kuala Lumpur
2026-04-02,jip,Proton,e.MAS 7,grey,electric,Rakan Niaga
2026-04-02,motokar,Tesla,Model 3,white,electric,Rakan Niaga
2026-04-02,motokar,Tesla,Model 3,grey,electric,W.P. Kuala Lumpur
2026-04-02,motokar,Tesla,Model Y,grey,electric,Rakan Niaga
2026-04-02,motokar,Tesla,Model Y,grey,electric,Sarawak
2026-04-02,motokar,Tesla,Model Y,white,electric,W.P. Kuala Lumpur
2026-04-02,jip,Toyota,bZ4X,grey,electric,Rakan Niaga
2026-04-02,jip,Toyota,bZ4X,white,electric,Rakan Niaga
2026-04-02,jip,Toyota,bZ4X,silver,electric,Rakan Niaga
2026-04-02,jip,Toyota,bZ4X,blue,electric,Rakan Niaga
2026-04-02,jip,Xpeng,G6,white,electric,Rakan Niaga
2026-04-02,window_van,Xpeng,X9,silver,electric,Rakan Niaga
2026-04-02,jip,Zeekr,7X,grey,electric,Melaka
2026-04-02,jip,Zeekr,7X,white,electric,Rakan Niaga
2026-04-02,jip,Zeekr,7X,blue,electric,Rakan Niaga
2026-04-02,jip,Zeekr,7X,green,electric,W.P. Kuala Lumpur
2026-04-02,jip,Zeekr,7X,black,electric,Rakan Niaga
2026-04-02,jip,Zeekr,7X,grey,electric,Rakan Niaga
2026-04-02,jip,Zeekr,7X,green,electric,Rakan Niaga
2026-04-02,jip,Zeekr,7X,green,electric,Johor
2026-04-03,jip,BMW,iX,black,electric,W.P. Kuala Lumpur
2026-04-03,jip,BMW,iX,black,electric,Rakan Niaga
2026-04-03,jip,BMW,iX,red,electric,Rakan Niaga
2026-04-03,jip,BMW,iX,blue,electric,Rakan Niaga
2026-04-03,jip,BMW,iX,white,electric,Rakan Niaga
2026-04-03,jip,BYD,Atto 2,green,electric,Rakan Niaga
2026-04-03,jip,BYD,Atto 3,grey,electric,Rakan Niaga
2026-04-03,jip,BYD,Atto 3,black,electric,Rakan Niaga
2026-04-03,jip,BYD,Atto 3,white,electric,W.P. Kuala Lumpur
2026-04-03,motokar_pelbagai_utiliti,BYD,M6,white,electric,Pulau Pinang
2026-04-03,jip,BYD,Sealion,grey,electric,Rakan Niaga
2026-04-03,jip,Chery,iCaur 03,white,electric,Rakan Niaga
2026-04-03,jip,Chery,iCaur 03,grey,electric,Rakan Niaga
2026-04-03,jip,Chery,iCaur 03,grey,electric,Selangor
2026-04-03,jip,Chery,iCaur V23,white,electric,Rakan Niaga
2026-04-03,jip,Chery,iCaur V23,white,electric,Pulau Pinang
2026-04-03,jip,Chery,iCaur V23,black,electric,Rakan Niaga
2026-04-03,jip,Chery,iCaur V23,black,electric,Melaka
2026-04-03,jip,Chery,iCaur V23,green,electric,Rakan Niaga
2026-04-03,jip,Chery,Omoda 5,black,electric,Rakan Niaga
2026-04-03,motokar,Dong Feng,Box E3,blue,electric,Pahang
2026-04-03,motokar,Great Wall,Ora,black,electric,Rakan Niaga
2026-04-03,jip,Leapmotor,B10,white,electric,Rakan Niaga
2026-04-03,jip,Leapmotor,B10,grey,electric,Rakan Niaga
2026-04-03,motokar,Mercedes Benz,EQS,black,electric,Rakan Niaga
2026-04-03,motokar,MG,MG4,silver,electric,Rakan Niaga
2026-04-03,motokar,MG,MG4,white,electric,Rakan Niaga
2026-04-03,jip,Mini,Aceman,silver,electric,Rakan Niaga
2026-04-03,motokar,Mini,Cooper,white,electric,W.P. Kuala Lumpur
2026-04-03,motokar,Mini,Countryman,yellow,electric,Pulau Pinang
2026-04-03,jip,Neta,X,white,electric,Rakan Niaga
2026-04-03,motokar,Proton,e.MAS 5,white,electric,Rakan Niaga
2026-04-03,motokar,Proton,e.MAS 5,yellow,electric,W.P. Kuala Lumpur
2026-04-03,motokar,Proton,e.MAS 5,grey,electric,W.P. Kuala Lumpur
2026-04-03,motokar,Proton,e.MAS 5,pink,electric,Rakan Niaga
2026-04-03,motokar,Proton,e.MAS 5,yellow,electric,Melaka
2026-04-03,motokar,Proton,e.MAS 5,grey,electric,Rakan Niaga
2026-04-03,motokar,Proton,e.MAS 5,yellow,electric,Rakan Niaga
2026-04-03,motokar,Proton,e.MAS 5,white,electric,Pulau Pinang
2026-04-03,motokar,Proton,e.MAS 5,grey,electric,Pulau Pinang
2026-04-03,motokar,Proton,e.MAS 5,silver,electric,Rakan Niaga
2026-04-03,motokar,Proton,e.MAS 5,pink,electric,W.P. Kuala Lumpur
2026-04-03,jip,Proton,e.MAS 7,white,electric,Melaka
2026-04-03,jip,Proton,e.MAS 7,green,electric,Pulau Pinang
2026-04-03,jip,Proton,e.MAS 7,grey,electric,Rakan Niaga
2026-04-03,jip,Proton,e.MAS 7,silver,electric,W.P. Kuala Lumpur
2026-04-03,jip,Proton,e.MAS 7,black,electric,Rakan Niaga
2026-04-03,jip,Proton,e.MAS 7,black,electric,Melaka
2026-04-03,jip,Proton,e.MAS 7,pink,electric,Rakan Niaga
2026-04-03,motokar,Tesla,Model 3,red,electric,Melaka
2026-04-03,motokar,Tesla,Model 3,red,electric,Johor
2026-04-03,motokar,Tesla,Model 3,black,electric,Rakan Niaga
2026-04-03,motokar,Tesla,Model 3,red,electric,Rakan Niaga
2026-04-03,motokar,Tesla,Model Y,grey,electric,W.P. Kuala Lumpur
2026-04-03,jip,Toyota,bZ4X,grey,electric,Perak
2026-04-03,jip,Toyota,bZ4X,grey,electric,Rakan Niaga
2026-04-03,jip,Toyota,bZ4X,grey,electric,Selangor
2026-04-03,motokar,TQ Wuling,Bingo,purple,electric,Rakan Niaga
2026-04-03,jip,Xpeng,G6,white,electric,Rakan Niaga
2026-04-03,jip,Xpeng,G6,grey,electric,Rakan Niaga
2026-04-03,jip,Xpeng,G6,black,electric,Rakan Niaga
2026-04-03,window_van,Xpeng,X9,white,electric,Rakan Niaga
2026-04-03,window_van,Zeekr,009,green,electric,W.P. Kuala Lumpur
2026-04-03,jip,Zeekr,7X,green,electric,Rakan Niaga
2026-04-03,jip,Zeekr,7X,black,electric,W.P. Kuala Lumpur
2026-04-03,jip,Zeekr,7X,green,electric,Perak
2026-04-03,jip,Zeekr,7X,green,electric,W.P. Kuala Lumpur
2026-04-03,jip,Zeekr,7X,grey,electric,Rakan Niaga
2026-04-03,jip,Zeekr,7X,white,electric,Rakan Niaga
2026-04-03,jip,Zeekr,7X,white,electric,Selangor
2026-04-03,jip,Zeekr,7X,black,electric,Rakan Niaga
2026-04-03,jip,Zeekr,X,grey,electric,Rakan Niaga
2026-04-04,jip,BYD,Atto 3,grey,electric,Rakan Niaga
2026-04-04,motokar_pelbagai_utiliti,BYD,M6,white,electric,Rakan Niaga
2026-04-04,jip,Chery,iCaur 03,green,electric,Rakan Niaga
2026-04-04,jip,Chery,iCaur V23,green,electric,Rakan Niaga
2026-04-04,motokar,MG,MG4,red,electric,Rakan Niaga
2026-04-04,motokar,MG,MG4,blue,electric,Rakan Niaga
2026-04-04,motokar,Neta,V,blue,electric,Rakan Niaga
2026-04-04,motokar,Proton,e.MAS 5,white,electric,Rakan Niaga
2026-04-04,motokar,Proton,e.MAS 5,pink,electric,Rakan Niaga
2026-04-04,motokar,Proton,e.MAS 5,silver,electric,Rakan Niaga
2026-04-04,jip,Proton,e.MAS 7,grey,electric,Rakan Niaga
2026-04-04,jip,Proton,e.MAS 7,white,electric,Rakan Niaga
2026-04-04,jip,Xpeng,G6,white,electric,Rakan Niaga
2026-04-04,window_van,Zeekr,009,black,electric,Rakan Niaga
2026-04-06,jip,BYD,Atto 3,grey,electric,W.P. Kuala Lumpur
2026-04-06,jip,BYD,Atto 3,grey,electric,Rakan Niaga
2026-04-06,jip,BYD,Atto 3,black,electric,Rakan Niaga
2026-04-06,jip,BYD,Atto 3,white,electric,Rakan Niaga
2026-04-06,jip,BYD,Atto 3,white,electric,Pahang
2026-04-06,motokar_pelbagai_utiliti,BYD,M6,black,electric,Rakan Niaga
2026-04-06,motokar,BYD,Seal 6,blue,electric,Rakan Niaga
2026-04-06,jip,BYD,Sealion,black,electric,W.P. Kuala Lumpur
2026-04-06,jip,BYD,Sealion,grey,electric,Rakan Niaga
2026-04-06,jip,BYD,Sealion,grey,electric,W.P. Kuala Lumpur
2026-04-06,jip,Chery,iCaur 03,grey,electric,Rakan Niaga
2026-04-06,jip,Chery,iCaur 03,grey,electric,Pahang
2026-04-06,jip,Chery,iCaur V23,green,electric,Rakan Niaga
2026-04-06,motokar,Great Wall,Ora,beige,electric,Rakan Niaga
2026-04-06,jip,Leapmotor,B10,white,electric,Pulau Pinang
2026-04-06,jip,Leapmotor,C10,green,electric,Rakan Niaga
2026-04-06,motokar,Mercedes Benz,EQS,white,electric,W.P. Kuala Lumpur
2026-04-06,motokar,MG,MG4,black,electric,W.P. Kuala Lumpur
2026-04-06,motokar,Mini,Cooper,white,electric,Rakan Niaga
2026-04-06,motokar,Neta,V,grey,electric,Rakan Niaga
2026-04-06,jip,Neta,X,white,electric,Rakan Niaga
2026-04-06,motokar,Perodua,QV-E,grey,electric,Rakan Niaga
2026-04-06,motokar,Proton,e.MAS 5,silver,electric,Rakan Niaga
2026-04-06,motokar,Proton,e.MAS 5,grey,electric,Rakan Niaga
2026-04-06,motokar,Proton,e.MAS 5,white,electric,Pulau Pinang
2026-04-06,motokar,Proton,e.MAS 5,pink,electric,Rakan Niaga
2026-04-06,motokar,Proton,e.MAS 5,yellow,electric,Rakan Niaga
2026-04-06,motokar,Proton,e.MAS 5,white,electric,Rakan Niaga
2026-04-06,motokar,Proton,e.MAS 5,white,electric,Selangor
2026-04-06,motokar,Proton,e.MAS 5,silver,electric,Sarawak
2026-04-06,motokar,Proton,e.MAS 5,grey,electric,W.P. Kuala Lumpur
2026-04-06,motokar,Proton,e.MAS 5,grey,electric,Kedah
2026-04-06,motokar,Proton,e.MAS 5,white,electric,W.P. Kuala Lumpur
2026-04-06,jip,Proton,e.MAS 7,grey,electric,Rakan Niaga
2026-04-06,jip,Proton,e.MAS 7,pink,electric,Rakan Niaga
2026-04-06,jip,Proton,e.MAS 7,black,electric,Rakan Niaga
2026-04-06,jip,Proton,e.MAS 7,pink,electric,Pahang
2026-04-06,jip,Proton,e.MAS 7,white,electric,Rakan Niaga
2026-04-06,jip,Proton,e.MAS 7,silver,electric,Rakan Niaga
2026-04-06,motokar,Tesla,Model Y,grey,electric,Rakan Niaga
2026-04-06,motokar,Tesla,Model Y,black,electric,Rakan Niaga
2026-04-06,jip,Toyota,bZ4X,black,electric,Rakan Niaga
2026-04-06,jip,Volvo,EX30,blue,electric,Rakan Niaga
2026-04-06,jip,Xpeng,G6,grey,electric,Rakan Niaga
2026-04-06,jip,Xpeng,G6,black,electric,Rakan Niaga
2026-04-06,window_van,Zeekr,009,green,electric,Selangor
2026-04-06,jip,Zeekr,7X,black,electric,Rakan Niaga
2026-04-06,jip,Zeekr,7X,blue,electric,Rakan Niaga
2026-04-06,jip,Zeekr,7X,green,electric,Rakan Niaga
2026-04-06,jip,Zeekr,7X,white,electric,Rakan Niaga
2026-04-07,jip,BYD,Atto 2,green,electric,Rakan Niaga
2026-04-07,jip,BYD,Atto 2,grey,electric,Rakan Niaga
2026-04-07,jip,BYD,Atto 3,white,electric,W.P. Kuala Lumpur
2026-04-07,jip,BYD,Atto 3,grey,electric,Rakan Niaga
2026-04-07,jip,BYD,Atto 3,white,electric,Pulau Pinang
2026-04-07,jip,BYD,Atto 3,black,electric,Rakan Niaga
2026-04-07,jip,BYD,Atto 3,grey,electric,W.P. Kuala Lumpur
2026-04-07,jip,BYD,Atto 3,white,electric,Rakan Niaga
2026-04-07,jip,BYD,Atto 3,black,electric,W.P. Kuala Lumpur
2026-04-07,jip,BYD,Atto 3,white,electric,Kelantan
2026-04-07,motokar_pelbagai_utiliti,BYD,M6,blue,electric,Rakan Niaga
2026-04-07,motokar_pelbagai_utiliti,BYD,M6,grey,electric,Rakan Niaga
2026-04-07,motokar,BYD,M6,grey,electric,Rakan Niaga
2026-04-07,motokar,BYD,Seal 6,white,electric,Rakan Niaga
2026-04-07,motokar,BYD,Seal 6,blue,electric,Rakan Niaga
2026-04-07,jip,BYD,Sealion,white,electric,Rakan Niaga
2026-04-07,jip,Chery,iCaur 03,white,electric,W.P. Kuala Lumpur
2026-04-07,jip,Chery,iCaur 03,black,electric,Rakan Niaga
2026-04-07,jip,Chery,iCaur V23,green,electric,Rakan Niaga
2026-04-07,jip,Chery,iCaur V23,silver,electric,Rakan Niaga
2026-04-07,jip,Chery,iCaur V23,black,electric,Rakan Niaga
2026-04-07,jip,Chery,iCaur V23,white,electric,Rakan Niaga
2026-04-07,jip,Chery,iCaur V23,green,electric,W.P. Kuala Lumpur
2026-04-07,jip,Chery,iCaur V23,black,electric,W.P. Kuala Lumpur
2026-04-07,jip,Chery,iCaur V23,black,electric,Johor
2026-04-07,window_van,Denza,D9,blue,electric,Pulau Pinang
2026-04-07,motokar,Dong Feng,Box E3,white,electric,Rakan Niaga
2026-04-07,jip,Leapmotor,B10,purple,electric,W.P. Kuala Lumpur
2026-04-07,jip,Leapmotor,C10,grey,electric,Selangor
2026-04-07,jip,Leapmotor,C10,white,electric,Perak
2026-04-07,jip,Leapmotor,C10,grey,electric,W.P. Kuala Lumpur
2026-04-07,jip,Leapmotor,C10,grey,electric,Rakan Niaga
2026-04-07,motokar,Mercedes Benz,EQS,grey,electric,W.P. Kuala Lumpur
2026-04-07,motokar,Mercedes Benz,EQS,black,electric,W.P. Kuala Lumpur
2026-04-07,motokar,MG,MG4,red,electric,Rakan Niaga
2026-04-07,motokar,Mini,John Cooper Works,black,electric,Rakan Niaga
2026-04-07,motokar,Perodua,QV-E,grey,electric,Rakan Niaga
2026-04-07,jip,Porsche,Macan,white,electric,Pulau Pinang
2026-04-07,motokar,Proton,e.MAS 5,grey,electric,Rakan Niaga
2026-04-07,motokar,Proton,e.MAS 5,white,electric,Pulau Pinang
2026-04-07,motokar,Proton,e.MAS 5,grey,electric,Melaka
2026-04-07,motokar,Proton,e.MAS 5,yellow,electric,Rakan Niaga
2026-04-07,motokar,Proton,e.MAS 5,pink,electric,Rakan Niaga
2026-04-07,motokar,Proton,e.MAS 5,pink,electric,Terengganu
2026-04-07,motokar,Proton,e.MAS 5,white,electric,Rakan Niaga
2026-04-07,motokar,Proton,e.MAS 5,silver,electric,Rakan Niaga
2026-04-07,motokar,Proton,e.MAS 5,grey,electric,Pulau Pinang
2026-04-07,motokar,Proton,e.MAS 5,white,electric,Sarawak
2026-04-07,jip,Proton,e.MAS 7,white,electric,Rakan Niaga
2026-04-07,jip,Proton,e.MAS 7,green,electric,Rakan Niaga
2026-04-07,jip,Proton,e.MAS 7,grey,electric,Rakan Niaga
2026-04-07,jip,Proton,e.MAS 7,silver,electric,Rakan Niaga
2026-04-07,jip,Proton,e.MAS 7,pink,electric,Rakan Niaga
2026-04-07,jip,Proton,e.MAS 7,black,electric,Rakan Niaga
2026-04-07,jip,Smart,Brabus,grey,electric,Rakan Niaga
2026-04-07,jip,Smart,Brabus,beige,electric,Rakan Niaga
2026-04-07,motokar,Tesla,Model Y,grey,electric,Rakan Niaga
2026-04-07,jip,Toyota,bZ4X,grey,electric,Rakan Niaga
2026-04-07,jip,Volvo,EC40,gold,electric,Rakan Niaga
2026-04-07,jip,Volvo,EX30,black,electric,Melaka
2026-04-07,jip,Zeekr,7X,grey,electric,W.P. Kuala Lumpur
2026-04-07,jip,Zeekr,7X,black,electric,Rakan Niaga
2026-04-07,jip,Zeekr,7X,grey,electric,Rakan Niaga
2026-04-07,jip,Zeekr,7X,black,electric,Johor
2026-04-07,jip,Zeekr,7X,white,electric,W.P. Kuala Lumpur
2026-04-08,motokar,BMW,i7,black,electric,W.P. Kuala Lumpur
2026-04-08,jip,BYD,Atto 2,white,electric,Rakan Niaga
2026-04-08,jip,BYD,Atto 2,grey,electric,Rakan Niaga
2026-04-08,jip,BYD,Atto 3,grey,electric,Rakan Niaga
2026-04-08,jip,BYD,Atto 3,black,electric,Rakan Niaga
2026-04-08,jip,BYD,Atto 3,white,electric,Rakan Niaga
2026-04-08,jip,BYD,Atto 3,black,electric,Selangor
2026-04-08,jip,BYD,Atto 3,white,electric,Johor
2026-04-08,jip,BYD,Atto 3,black,electric,W.P. Kuala Lumpur
2026-04-08,jip,BYD,Atto 3,grey,electric,Melaka
2026-04-08,motokar_pelbagai_utiliti,BYD,M6,black,electric,Pulau Pinang
2026-04-08,motokar_pelbagai_utiliti,BYD,M6,black,electric,Rakan Niaga
2026-04-08,motokar_pelbagai_utiliti,BYD,M6,grey,electric,Rakan Niaga
2026-04-08,motokar,BYD,Seal 6,blue,electric,W.P. Kuala Lumpur
2026-04-08,motokar,BYD,Seal 6,blue,electric,Rakan Niaga
2026-04-08,motokar,BYD,Seal 6,white,electric,Rakan Niaga
2026-04-08,motokar,BYD,Seal 6,grey,electric,Rakan Niaga
2026-04-08,jip,BYD,Sealion,grey,electric,Rakan Niaga
2026-04-08,jip,BYD,Sealion,white,electric,W.P. Kuala Lumpur
2026-04-08,jip,BYD,Sealion,white,electric,Johor
2026-04-08,jip,BYD,Sealion,white,electric,Rakan Niaga
2026-04-08,jip,Chery,iCaur 03,grey,electric,Rakan Niaga
2026-04-08,jip,Chery,iCaur 03,silver,electric,Pahang
2026-04-08,jip,Chery,iCaur 03,silver,electric,Rakan Niaga
2026-04-08,jip,Chery,iCaur 03,black,electric,Rakan Niaga
2026-04-08,jip,Chery,iCaur 03,grey,electric,Selangor
2026-04-08,jip,Chery,iCaur 03,black,electric,Pahang
2026-04-08,jip,Chery,iCaur 03,white,electric,Melaka
2026-04-08,jip,Chery,iCaur 03,green,electric,Rakan Niaga
2026-04-08,jip,Chery,iCaur V23,white,electric,Rakan Niaga
2026-04-08,jip,Chery,iCaur V23,green,electric,Rakan Niaga
2026-04-08,jip,Chery,iCaur V23,white,electric,W.P. Kuala Lumpur
2026-04-08,jip,Chery,iCaur V23,white,electric,Melaka
2026-04-08,jip,Chery,iCaur V23,black,electric,Rakan Niaga
2026-04-08,jip,Chery,iCaur V23,silver,electric,Selangor
2026-04-08,jip,Chery,iCaur V23,black,electric,Selangor
2026-04-08,jip,Chery,iCaur V23,orange,electric,W.P. Kuala Lumpur
2026-04-08,jip,Chery,iCaur V23,green,electric,Selangor
2026-04-08,jip,Chery,iCaur V23,silver,electric,Rakan Niaga
2026-04-08,jip,Chery,iCaur V23,black,electric,Johor
2026-04-08,window_van,Denza,D9,blue,electric,Rakan Niaga
2026-04-08,window_van,Denza,D9,white,electric,Rakan Niaga
2026-04-08,motokar,Dong Feng,Box E3,white,electric,Pulau Pinang
2026-04-08,motokar,Great Wall,Ora,beige,electric,Rakan Niaga
2026-04-08,motokar,Great Wall,Ora,blue,electric,Rakan Niaga
2026-04-08,jip,Leapmotor,B10,blue,electric,Rakan Niaga
2026-04-08,jip,Leapmotor,B10,white,electric,Rakan Niaga
2026-04-08,jip,Leapmotor,C10,white,electric,Rakan Niaga
2026-04-08,motokar,MG,MG4,orange,electric,Rakan Niaga
2026-04-08,motokar,MG,MG4,blue,electric,W.P. Kuala Lumpur
2026-04-08,motokar,Mini,Cooper,grey,electric,Rakan Niaga
2026-04-08,motokar,Mini,Cooper,green,electric,Rakan Niaga
2026-04-08,jip,Mini,Countryman,red,electric,Rakan Niaga
2026-04-08,jip,Mini,John Cooper Works,grey,electric,Rakan Niaga
2026-04-08,motokar,Proton,e.MAS 5,yellow,electric,Rakan Niaga
2026-04-08,motokar,Proton,e.MAS 5,grey,electric,Rakan Niaga
2026-04-08,motokar,Proton,e.MAS 5,pink,electric,Rakan Niaga
2026-04-08,motokar,Proton,e.MAS 5,white,electric,Rakan Niaga
2026-04-08,motokar,Proton,e.MAS 5,white,electric,W.P. Kuala Lumpur
2026-04-08,motokar,Proton,e.MAS 5,grey,electric,W.P. Kuala Lumpur
2026-04-08,motokar,Proton,e.MAS 5,grey,electric,Pulau Pinang
2026-04-08,motokar,Proton,e.MAS 5,silver,electric,Rakan Niaga
2026-04-08,motokar,Proton,e.MAS 5,white,electric,Pulau Pinang
2026-04-08,jip,Proton,e.MAS 7,white,electric,Rakan Niaga
2026-04-08,jip,Proton,e.MAS 7,grey,electric,Rakan Niaga
2026-04-08,jip,Proton,e.MAS 7,silver,electric,Rakan Niaga
2026-04-08,jip,Proton,e.MAS 7,black,electric,Rakan Niaga
2026-04-08,jip,Proton,e.MAS 7,green,electric,Rakan Niaga
2026-04-08,jip,Smart,Brabus,red,electric,Rakan Niaga
2026-04-08,motokar,Tesla,Model 3,black,electric,W.P. Kuala Lumpur
2026-04-08,motokar,Tesla,Model 3,blue,electric,Rakan Niaga
2026-04-08,motokar,Tesla,Model 3,grey,electric,Rakan Niaga
2026-04-08,motokar,Tesla,Model 3,white,electric,Rakan Niaga
2026-04-08,motokar,Tesla,Model 3,black,electric,Rakan Niaga
2026-04-08,motokar,Tesla,Model 3,red,electric,Rakan Niaga
2026-04-08,motokar,Tesla,Model Y,silver,electric,Rakan Niaga
2026-04-08,motokar,Tesla,Model Y,grey,electric,Selangor
2026-04-08,motokar,Tesla,Model Y,white,electric,Rakan Niaga
2026-04-08,motokar,Tesla,Model Y,grey,electric,Rakan Niaga
2026-04-08,motokar,Tesla,Model Y,red,electric,Rakan Niaga
2026-04-08,motokar,Tesla,Model Y,blue,electric,Rakan Niaga
2026-04-08,motokar,Tesla,Model Y,black,electric,Sarawak
2026-04-08,motokar,TQ Wuling,Bingo,purple,electric,Rakan Niaga
2026-04-08,window_van,Volkswagen,ID.Buzz,green,electric,Sarawak
2026-04-08,jip,Xpeng,G6,black,electric,Rakan Niaga
2026-04-08,jip,Xpeng,G6,silver,electric,Rakan Niaga
2026-04-08,jip,Xpeng,G6,grey,electric,Rakan Niaga
2026-04-08,jip,Xpeng,G6,purple,electric,Rakan Niaga
2026-04-08,window_van,Xpeng,X9,black,electric,Rakan Niaga
2026-04-08,window_van,Zeekr,009,black,electric,Rakan Niaga
2026-04-08,window_van,Zeekr,009,green,electric,W.P. Kuala Lumpur
2026-04-08,window_van,Zeekr,009,black,electric,W.P. Kuala Lumpur
2026-04-08,jip,Zeekr,7X,blue,electric,Rakan Niaga
2026-04-08,jip,Zeekr,7X,black,electric,W.P. Kuala Lumpur
2026-04-08,jip,Zeekr,7X,green,electric,Pulau Pinang
2026-04-08,jip,Zeekr,7X,grey,electric,Rakan Niaga
2026-04-08,jip,Zeekr,7X,black,electric,Rakan Niaga
2026-04-08,jip,Zeekr,7X,green,electric,Rakan Niaga
2026-04-08,jip,Zeekr,7X,grey,electric,Johor
2026-04-08,jip,Zeekr,7X,white,electric,W.P. Kuala Lumpur
2026-04-08,jip,Zeekr,7X,white,electric,Rakan Niaga
2026-04-09,jip,BMW,iX,black,electric,Rakan Niaga
2026-04-09,jip,BYD,Atto 2,green,electric,Selangor
2026-04-09,jip,BYD,Atto 2,green,electric,Rakan Niaga
2026-04-09,jip,BYD,Atto 3,grey,electric,Rakan Niaga
2026-04-09,jip,BYD,Atto 3,white,electric,W.P. Kuala Lumpur
2026-04-09,jip,BYD,Atto 3,white,electric,Rakan Niaga
2026-04-09,jip,BYD,Atto 3,grey,electric,W.P. Kuala Lumpur
2026-04-09,jip,BYD,Atto 3,black,electric,W.P. Kuala Lumpur
2026-04-09,jip,BYD,Atto 3,black,electric,Rakan Niaga
2026-04-09,motokar_pelbagai_utiliti,BYD,M6,black,electric,Rakan Niaga
2026-04-09,motokar,BYD,M6,white,electric,Rakan Niaga
2026-04-09,motokar,BYD,Seal 6,blue,electric,Rakan Niaga
2026-04-09,motokar,BYD,Seal 6,white,electric,Rakan Niaga
2026-04-09,motokar,BYD,Seal,grey,electric,Rakan Niaga
2026-04-09,motokar,BYD,Seal,black,electric,Rakan Niaga
2026-04-09,jip,BYD,Sealion,grey,electric,Rakan Niaga
2026-04-09,jip,BYD,Sealion,white,electric,Rakan Niaga
2026-04-09,jip,BYD,Sealion,grey,electric,W.P. Kuala Lumpur
2026-04-09,jip,Chery,iCaur 03,white,electric,Rakan Niaga
2026-04-09,jip,Chery,iCaur 03,black,electric,Rakan Niaga
2026-04-09,jip,Chery,iCaur 03,grey,electric,Rakan Niaga
2026-04-09,jip,Chery,iCaur V23,silver,electric,Rakan Niaga
2026-04-09,jip,Chery,iCaur V23,white,electric,Rakan Niaga
2026-04-09,jip,Chery,iCaur V23,green,electric,Selangor
2026-04-09,jip,Chery,iCaur V23,black,electric,Rakan Niaga
2026-04-09,jip,Chery,iCaur V23,black,electric,Johor
2026-04-09,jip,Chery,iCaur V23,green,electric,Rakan Niaga
2026-04-09,jip,Chery,iCaur V23,black,electric,W.P. Kuala Lumpur
2026-04-09,motokar,Dong Feng,Box E3,silver,electric,Pahang
2026-04-09,motokar,Great Wall,Ora,grey,electric,W.P. Kuala Lumpur
2026-04-09,motokar,Great Wall,Ora,black,electric,Rakan Niaga
2026-04-09,motokar,Great Wall,Ora,beige,electric,Rakan Niaga
2026-04-09,motokar,Great Wall,Ora,blue,electric,Rakan Niaga
2026-04-09,jip,Leapmotor,B10,white,electric,Selangor
2026-04-09,jip,Leapmotor,B10,white,electric,Rakan Niaga
2026-04-09,jip,Leapmotor,C10,green,electric,Rakan Niaga
2026-04-09,jip,Leapmotor,C10,grey,electric,Selangor
2026-04-09,motokar,Mercedes Benz,EQS,black,electric,Sabah
2026-04-09,motokar,MG,MG4,blue,electric,Rakan Niaga
2026-04-09,motokar,MG,MG4,silver,electric,Rakan Niaga
2026-04-09,motokar,MG,MG4,grey,electric,Rakan Niaga
2026-04-09,motokar,MG,MG4,red,electric,Rakan Niaga
2026-04-09,motokar,Mini,Cooper,white,electric,Perak
2026-04-09,motokar,Perodua,QV-E,grey,electric,Rakan Niaga
2026-04-09,motokar,Perodua,QV-E,blue,electric,Rakan Niaga
2026-04-09,motokar,Proton,e.MAS 5,white,electric,Rakan Niaga
2026-04-09,motokar,Proton,e.MAS 5,grey,electric,Rakan Niaga
2026-04-09,motokar,Proton,e.MAS 5,yellow,electric,Rakan Niaga
2026-04-09,motokar,Proton,e.MAS 5,pink,electric,Rakan Niaga
2026-04-09,motokar,Proton,e.MAS 5,pink,electric,Selangor
2026-04-09,motokar,Proton,e.MAS 5,yellow,electric,Selangor
2026-04-09,motokar,Proton,e.MAS 5,grey,electric,W.P. Kuala Lumpur
2026-04-09,motokar,Proton,e.MAS 5,silver,electric,Rakan Niaga
2026-04-09,motokar,Proton,e.MAS 5,white,electric,Negeri Sembilan
2026-04-09,motokar,Proton,e.MAS 5,white,electric,W.P. Kuala Lumpur
2026-04-09,motokar,Proton,e.MAS 5,pink,electric,Negeri Sembilan
2026-04-09,jip,Proton,e.MAS 7,silver,electric,Rakan Niaga
2026-04-09,jip,Proton,e.MAS 7,green,electric,Rakan Niaga
2026-04-09,jip,Proton,e.MAS 7,black,electric,Rakan Niaga
2026-04-09,jip,Proton,e.MAS 7,black,electric,Melaka
2026-04-09,jip,Proton,e.MAS 7,green,electric,Pahang
2026-04-09,jip,Proton,e.MAS 7,pink,electric,Rakan Niaga
2026-04-09,jip,Proton,e.MAS 7,grey,electric,Rakan Niaga
2026-04-09,jip,Smart,Brabus,grey,electric,W.P. Kuala Lumpur
2026-04-09,jip,Smart,Brabus,beige,electric,W.P. Kuala Lumpur
2026-04-09,motokar,Tesla,Model 3,grey,electric,W.P. Kuala Lumpur
2026-04-09,motokar,Tesla,Model 3,grey,electric,Rakan Niaga
2026-04-09,motokar,Tesla,Model 3,black,electric,Rakan Niaga
2026-04-09,motokar,Tesla,Model Y,red,electric,Rakan Niaga
2026-04-09,jip,Toyota,bZ4X,grey,electric,Selangor
2026-04-09,motokar,TQ Wuling,Bingo,white,electric,Rakan Niaga
2026-04-09,motokar,TQ Wuling,Bingo,purple,electric,Rakan Niaga
2026-04-09,motokar,Volvo,ES90,blue,electric,Selangor
2026-04-09,jip,Xpeng,G6,grey,electric,Rakan Niaga
2026-04-09,window_van,Xpeng,X9,silver,electric,Rakan Niaga
2026-04-09,window_van,Xpeng,X9,white,electric,Selangor
2026-04-09,window_van,Zeekr,009,black,electric,Rakan Niaga
2026-04-09,window_van,Zeekr,009,white,electric,W.P. Kuala Lumpur
2026-04-09,jip,Zeekr,7X,black,electric,Selangor
2026-04-09,jip,Zeekr,7X,grey,electric,Rakan Niaga
2026-04-09,jip,Zeekr,7X,black,electric,Rakan Niaga
2026-04-09,jip,Zeekr,7X,white,electric,Selangor
2026-04-09,jip,Zeekr,7X,green,electric,Rakan Niaga
2026-04-10,motokar,BMW,i4,grey,electric,Rakan Niaga
2026-04-10,motokar,BMW,i4,green,electric,Selangor
2026-04-10,jip,BYD,Atto 2,white,electric,Rakan Niaga
2026-04-10,jip,BYD,Atto 2,grey,electric,Rakan Niaga
2026-04-10,jip,BYD,Atto 3,white,electric,Melaka
2026-04-10,jip,BYD,Atto 3,grey,electric,Rakan Niaga
2026-04-10,jip,BYD,Atto 3,black,electric,Rakan Niaga
2026-04-10,jip,BYD,Atto 3,grey,electric,Perak
2026-04-10,jip,BYD,Atto 3,white,electric,Rakan Niaga
2026-04-10,jip,BYD,Atto 3,black,electric,W.P. Kuala Lumpur
2026-04-10,jip,BYD,Atto 3,grey,electric,W.P. Kuala Lumpur
2026-04-10,jip,BYD,Atto 3,grey,electric,Selangor
2026-04-10,motokar,BYD,M6,grey,electric,Rakan Niaga
2026-04-10,motokar_pelbagai_utiliti,BYD,M6,grey,electric,Rakan Niaga
2026-04-10,motokar,BYD,M6,white,electric,Rakan Niaga
2026-04-10,motokar,BYD,Seal 6,white,electric,Rakan Niaga
2026-04-10,motokar,BYD,Seal 6,blue,electric,Rakan Niaga
2026-04-10,motokar,BYD,Seal 6,white,electric,Pulau Pinang
2026-04-10,motokar,BYD,Seal 6,white,electric,Selangor
2026-04-10,motokar,BYD,Seal 6,blue,electric,W.P. Kuala Lumpur
2026-04-10,jip,BYD,Sealion,grey,electric,Selangor
2026-04-10,jip,BYD,Sealion,white,electric,W.P. Kuala Lumpur
2026-04-10,jip,BYD,Sealion,grey,electric,Rakan Niaga
2026-04-10,jip,BYD,Sealion,black,electric,Rakan Niaga
2026-04-10,jip,Chery,iCaur 03,black,electric,Rakan Niaga
2026-04-10,jip,Chery,iCaur 03,silver,electric,Rakan Niaga
2026-04-10,jip,Chery,iCaur 03,white,electric,Rakan Niaga
2026-04-10,jip,Chery,iCaur V23,white,electric,Rakan Niaga
2026-04-10,jip,Chery,iCaur V23,green,electric,Selangor
2026-04-10,jip,Chery,iCaur V23,silver,electric,Rakan Niaga
2026-04-10,jip,Chery,iCaur V23,orange,electric,Johor
2026-04-10,jip,Chery,iCaur V23,green,electric,Rakan Niaga
2026-04-10,jip,Chery,iCaur V23,black,electric,Rakan Niaga
2026-04-10,jip,Chery,iCaur V23,white,electric,W.P. Kuala Lumpur
2026-04-10,jip,Chery,iCaur V23,grey,electric,Rakan Niaga
2026-04-10,jip,Chery,iCaur V23,orange,electric,Rakan Niaga
2026-04-10,jip,Chery,iCaur V23,black,electric,Johor
2026-04-10,jip,Chery,iCaur V23,green,electric,W.P. Kuala Lumpur
2026-04-10,jip,Chery,iCaur V23,silver,electric,Pulau Pinang
2026-04-10,jip,Chery,Omoda 5,black,electric,Rakan Niaga
2026-04-10,window_van,Denza,D9,black,electric,W.P. Kuala Lumpur
2026-04-10,window_van,Denza,D9,white,electric,W.P. Kuala Lumpur
2026-04-10,motokar,Great Wall,Ora,black,electric,Rakan Niaga
2026-04-10,motokar,Great Wall,Ora,black,electric,W.P. Kuala Lumpur
2026-04-10,motokar,Great Wall,Ora,beige,electric,Selangor
2026-04-10,motokar,Great Wall,Ora,blue,electric,Rakan Niaga
2026-04-10,motokar,Great Wall,Ora,green,electric,Rakan Niaga
2026-04-10,jip,Leapmotor,B10,black,electric,Rakan Niaga
2026-04-10,jip,Leapmotor,B10,blue,electric,Rakan Niaga
2026-04-10,jip,Leapmotor,B10,purple,electric,Sarawak
2026-04-10,jip,Leapmotor,B10,white,electric,Rakan Niaga
2026-04-10,jip,Leapmotor,C10,grey,electric,Rakan Niaga
2026-04-10,motokar,MG,MG4,orange,electric,Rakan Niaga
2026-04-10,motokar,MG,MG4,orange,electric,Johor
2026-04-10,motokar,MG,MG4,blue,electric,Rakan Niaga
2026-04-10,motokar,MG,MG4,grey,electric,Pulau Pinang
2026-04-10,jip,Mini,Aceman,orange,electric,Rakan Niaga
2026-04-10,motokar,Perodua,QV-E,grey,electric,Rakan Niaga
2026-04-10,motokar,Perodua,QV-E,grey,electric,Selangor
2026-04-10,motokar,Porsche,Taycan,grey,electric,Rakan Niaga
2026-04-10,motokar,Proton,e.MAS 5,pink,electric,Rakan Niaga
2026-04-10,motokar,Proton,e.MAS 5,yellow,electric,Sarawak
2026-04-10,motokar,Proton,e.MAS 5,grey,electric,Pulau Pinang
2026-04-10,motokar,Proton,e.MAS 5,pink,electric,Selangor
2026-04-10,motokar,Proton,e.MAS 5,white,electric,Rakan Niaga
2026-04-10,motokar,Proton,e.MAS 5,grey,electric,Rakan Niaga
2026-04-10,motokar,Proton,e.MAS 5,pink,electric,Sarawak
2026-04-10,motokar,Proton,e.MAS 5,yellow,electric,Pulau Pinang
2026-04-10,motokar,Proton,e.MAS 5,yellow,electric,Rakan Niaga
2026-04-10,motokar,Proton,e.MAS 5,silver,electric,Rakan Niaga
2026-04-10,motokar,Proton,e.MAS 5,white,electric,W.P. Kuala Lumpur
2026-04-10,motokar,Proton,e.MAS 5,white,electric,Selangor
2026-04-10,motokar,Proton,e.MAS 5,white,electric,Johor
2026-04-10,jip,Proton,e.MAS 7,black,electric,Pahang
2026-04-10,jip,Proton,e.MAS 7,black,electric,Selangor
2026-04-10,jip,Proton,e.MAS 7,grey,electric,Rakan Niaga
2026-04-10,jip,Proton,e.MAS 7,silver,electric,Sarawak
2026-04-10,jip,Proton,e.MAS 7,black,electric,Rakan Niaga
2026-04-10,jip,Proton,e.MAS 7,silver,electric,W.P. Kuala Lumpur
2026-04-10,jip,Proton,e.MAS 7,green,electric,Rakan Niaga
2026-04-10,jip,Proton,e.MAS 7,pink,electric,Rakan Niaga
2026-04-10,jip,Proton,e.MAS 7,silver,electric,Rakan Niaga
2026-04-10,jip,Proton,e.MAS 7,silver,electric,Perlis
2026-04-10,jip,Proton,e.MAS 7,white,electric,Rakan Niaga
2026-04-10,jip,Proton,e.MAS 7,grey,electric,Sarawak
2026-04-10,motokar,Tesla,Model 3,white,electric,Rakan Niaga
2026-04-10,motokar,Tesla,Model 3,grey,electric,Rakan Niaga
2026-04-10,motokar,Tesla,Model Y,red,electric,Rakan Niaga
2026-04-10,motokar,Tesla,Model Y,grey,electric,W.P. Kuala Lumpur
2026-04-10,jip,Toyota,bZ4X,black,electric,Rakan Niaga
2026-04-10,jip,Volvo,EX30,black,electric,W.P. Kuala Lumpur
2026-04-10,jip,Xpeng,G6,purple,electric,Rakan Niaga
2026-04-10,jip,Xpeng,G6,black,electric,Rakan Niaga
2026-04-10,jip,Xpeng,G6,grey,electric,Rakan Niaga
2026-04-10,window_van,Xpeng,X9,silver,electric,Rakan Niaga
2026-04-10,window_van,Xpeng,X9,black,electric,Rakan Niaga
2026-04-10,window_van,Zeekr,009,black,electric,Rakan Niaga
2026-04-10,window_van,Zeekr,009,black,electric,W.P. Kuala Lumpur
2026-04-10,window_van,Zeekr,009,green,electric,Rakan Niaga
2026-04-10,window_van,Zeekr,009,white,electric,Rakan Niaga
2026-04-10,jip,Zeekr,7X,grey,electric,Rakan Niaga
2026-04-10,jip,Zeekr,7X,green,electric,Selangor
2026-04-10,jip,Zeekr,7X,green,electric,Rakan Niaga
2026-04-10,jip,Zeekr,7X,grey,electric,Johor
2026-04-10,jip,Zeekr,7X,white,electric,Rakan Niaga
2026-04-11,jip,BYD,Atto 2,white,electric,Rakan Niaga
2026-04-11,jip,BYD,Atto 2,green,electric,Rakan Niaga
2026-04-11,jip,BYD,Atto 3,white,electric,Rakan Niaga
2026-04-11,jip,BYD,Atto 3,grey,electric,Rakan Niaga
2026-04-11,jip,BYD,Atto 3,black,electric,Rakan Niaga
2026-04-11,motokar,BYD,M6,white,electric,Rakan Niaga
2026-04-11,motokar,BYD,M6,grey,electric,Rakan Niaga
2026-04-11,motokar_pelbagai_utiliti,BYD,M6,black,electric,Rakan Niaga
2026-04-11,motokar,BYD,Seal 6,blue,electric,Rakan Niaga
2026-04-11,jip,Chery,iCaur 03,black,electric,Rakan Niaga
2026-04-11,jip,Chery,iCaur V23,green,electric,Rakan Niaga
2026-04-11,jip,Chery,iCaur V23,orange,electric,Rakan Niaga
2026-04-11,jip,Chery,Omoda 5,white,electric,Rakan Niaga
2026-04-11,jip,Leapmotor,C10,grey,electric,Rakan Niaga
2026-04-11,motokar,Proton,e.MAS 5,white,electric,Rakan Niaga
2026-04-11,motokar,Proton,e.MAS 5,grey,electric,Rakan Niaga
2026-04-11,motokar,Proton,e.MAS 5,yellow,electric,Rakan Niaga
2026-04-11,motokar,Proton,e.MAS 5,pink,electric,Rakan Niaga
2026-04-11,motokar,Proton,e.MAS 5,silver,electric,Rakan Niaga
2026-04-11,jip,Proton,e.MAS 7,grey,electric,Rakan Niaga
2026-04-11,jip,Proton,e.MAS 7,white,electric,Rakan Niaga
2026-04-11,jip,Proton,e.MAS 7,black,electric,Rakan Niaga
2026-04-11,jip,Proton,e.MAS 7,pink,electric,Rakan Niaga
2026-04-11,jip,Proton,e.MAS 7,green,electric,Rakan Niaga
2026-04-11,window_van,Zeekr,009,white,electric,Rakan Niaga
2026-04-11,jip,Zeekr,7X,white,electric,Rakan Niaga
2026-04-11,jip,Zeekr,7X,green,electric,Rakan Niaga
2026-04-11,jip,Zeekr,7X,black,electric,Rakan Niaga
2026-04-12,motokar,Proton,e.MAS 5,white,electric,Terengganu
2026-04-12,motokar,Proton,e.MAS 5,grey,electric,Kedah
2026-04-12,jip,Proton,e.MAS 7,pink,electric,Rakan Niaga
2026-04-13,jip,Zeekr,7X,white,electric,Rakan Niaga
2026-04-13,jip,Zeekr,7X,green,electric,Rakan Niaga
2026-04-13,jip,Zeekr,7X,black,electric,Rakan Niaga
2026-04-13,jip,Zeekr,7X,blue,electric,Rakan Niaga
2026-04-13,jip,Zeekr,7X,black,electric,Selangor
2026-04-13,jip,Zeekr,7X,black,electric,Johor
2026-04-13,jip,Zeekr,7X,black,electric,W.P. Kuala Lumpur
2026-04-13,jip,Zeekr,7X,grey,electric,Rakan Niaga
2026-04-13,jip,Zeekr,7X,white,electric,W.P. Kuala Lumpur
2026-04-13,motokar,BMW,i4,black,electric,Rakan Niaga
2026-04-13,motokar,BMW,i4,red,electric,Rakan Niaga
2026-04-13,motokar,BMW,i5,white,electric,Rakan Niaga
2026-04-13,motokar,BMW,i5,grey,electric,W.P. Kuala Lumpur
2026-04-13,jip,BMW,iX,blue,electric,Rakan Niaga
2026-04-13,jip,BYD,Atto 3,black,electric,W.P. Kuala Lumpur
2026-04-13,jip,BYD,Atto 3,white,electric,Rakan Niaga
2026-04-13,jip,BYD,Atto 3,grey,electric,Rakan Niaga
2026-04-13,jip,BYD,Atto 3,grey,electric,W.P. Kuala Lumpur
2026-04-13,jip,BYD,Atto 3,grey,electric,Selangor
2026-04-13,jip,BYD,Atto 3,white,electric,W.P. Kuala Lumpur
2026-04-13,jip,BYD,Atto 3,black,electric,Rakan Niaga
2026-04-13,motokar_pelbagai_utiliti,BYD,M6,grey,electric,Rakan Niaga
2026-04-13,motokar,BYD,M6,black,electric,Rakan Niaga
2026-04-13,motokar,BYD,Seal 6,blue,electric,Rakan Niaga
2026-04-13,motokar,BYD,Seal,black,electric,Rakan Niaga
2026-04-13,jip,BYD,Sealion,black,electric,Rakan Niaga
2026-04-13,jip,BYD,Sealion,white,electric,Selangor
2026-04-13,jip,BYD,Sealion,grey,electric,Rakan Niaga
2026-04-13,jip,BYD,Sealion,white,electric,Rakan Niaga
2026-04-13,jip,Chery,iCaur 03,grey,electric,Rakan Niaga
2026-04-13,jip,Chery,iCaur 03,white,electric,Rakan Niaga
2026-04-13,jip,Chery,iCaur 03,silver,electric,Rakan Niaga
2026-04-13,jip,Chery,iCaur 03,green,electric,Rakan Niaga
2026-04-13,jip,Chery,iCaur 03,grey,electric,Selangor
2026-04-13,jip,Chery,iCaur V23,black,electric,Rakan Niaga
2026-04-13,jip,Chery,iCaur V23,silver,electric,Rakan Niaga
2026-04-13,jip,Chery,iCaur V23,green,electric,Melaka
2026-04-13,jip,Chery,iCaur V23,orange,electric,Rakan Niaga
2026-04-13,jip,Chery,iCaur V23,green,electric,Rakan Niaga
2026-04-13,jip,Chery,iCaur V23,grey,electric,Johor
2026-04-13,window_van,Denza,D9,black,electric,W.P. Kuala Lumpur
2026-04-13,motokar,Great Wall,Ora,grey,electric,Rakan Niaga
2026-04-13,motokar,Great Wall,Ora,blue,electric,Rakan Niaga
2026-04-13,motokar,Great Wall,Ora,beige,electric,Johor
2026-04-13,jip,Leapmotor,B10,purple,electric,W.P. Kuala Lumpur
2026-04-13,jip,Leapmotor,B10,grey,electric,Rakan Niaga
2026-04-13,jip,Leapmotor,B10,purple,electric,Rakan Niaga
2026-04-13,motokar,MG,Cyberster,red,electric,Rakan Niaga
2026-04-13,motokar,MG,MG4,red,electric,Rakan Niaga
2026-04-13,motokar,MG,MG4,grey,electric,Rakan Niaga
2026-04-13,motokar,MG,MG4,blue,electric,Rakan Niaga
2026-04-13,jip,Mini,Aceman,grey,electric,W.P. Kuala Lumpur
2026-04-13,jip,Mini,Countryman,silver,electric,W.P. Kuala Lumpur
2026-04-13,motokar,Neta,V,grey,electric,Rakan Niaga
2026-04-13,jip,Porsche,Macan,purple,electric,Johor
2026-04-13,motokar,Proton,e.MAS 5,yellow,electric,Rakan Niaga
2026-04-13,motokar,Proton,e.MAS 5,white,electric,Rakan Niaga
2026-04-13,motokar,Proton,e.MAS 5,pink,electric,Pahang
2026-04-13,motokar,Proton,e.MAS 5,pink,electric,Rakan Niaga
2026-04-13,motokar,Proton,e.MAS 5,pink,electric,Sarawak
2026-04-13,motokar,Proton,e.MAS 5,grey,electric,Rakan Niaga
2026-04-13,motokar,Proton,e.MAS 5,grey,electric,Melaka
2026-04-13,motokar,Proton,e.MAS 5,silver,electric,Rakan Niaga
2026-04-13,motokar,Proton,e.MAS 5,yellow,electric,Perak
2026-04-13,motokar,Proton,e.MAS 5,grey,electric,W.P. Kuala Lumpur
2026-04-13,motokar,Proton,e.MAS 5,white,electric,Johor
2026-04-13,jip,Proton,e.MAS 7,grey,electric,Rakan Niaga
2026-04-13,jip,Proton,e.MAS 7,white,electric,Rakan Niaga
2026-04-13,jip,Proton,e.MAS 7,green,electric,Kedah
2026-04-13,jip,Proton,e.MAS 7,black,electric,Rakan Niaga
2026-04-13,jip,Proton,e.MAS 7,pink,electric,Rakan Niaga
2026-04-13,jip,Proton,e.MAS 7,green,electric,Rakan Niaga
2026-04-13,jip,Proton,e.MAS 7,pink,electric,Pulau Pinang
2026-04-13,jip,Proton,e.MAS 7,white,electric,Pulau Pinang
2026-04-13,motokar,Tesla,Model 3,red,electric,Rakan Niaga
2026-04-13,motokar,Tesla,Model 3,grey,electric,Rakan Niaga
2026-04-13,motokar,Tesla,Model Y,grey,electric,Rakan Niaga
2026-04-13,motokar,Tesla,Model Y,blue,electric,Johor
2026-04-13,motokar,Tesla,Model Y,black,electric,Selangor
2026-04-13,motokar,Tesla,Model Y,white,electric,Rakan Niaga
2026-04-13,jip,Toyota,bZ4X,grey,electric,Rakan Niaga
2026-04-13,jip,Toyota,bZ4X,grey,electric,Johor
2026-04-13,motokar,TQ Wuling,Bingo,white,electric,Rakan Niaga
2026-04-13,jip,Volvo,EC40,white,electric,W.P. Kuala Lumpur
2026-04-13,jip,Volvo,EC40,black,electric,Rakan Niaga
2026-04-13,window_van,Weststar Maxus,MIFA 9,black,electric,W.P. Kuala Lumpur
2026-04-13,jip,Xpeng,G6,black,electric,Rakan Niaga
2026-04-13,jip,Xpeng,G6,grey,electric,Rakan Niaga
2026-04-13,jip,Xpeng,G6,silver,electric,Rakan Niaga
2026-04-14,motokar,BMW,i4,grey,electric,Rakan Niaga
2026-04-14,jip,BMW,iX2,white,electric,Selangor
2026-04-14,jip,BYD,Atto 2,green,electric,Rakan Niaga
2026-04-14,jip,BYD,Atto 2,grey,electric,Johor
2026-04-14,jip,BYD,Atto 2,white,electric,Rakan Niaga
2026-04-14,jip,BYD,Atto 2,white,electric,W.P. Kuala Lumpur
2026-04-14,jip,BYD,Atto 3,grey,electric,Rakan Niaga
2026-04-14,jip,BYD,Atto 3,black,electric,Rakan Niaga
2026-04-14,jip,BYD,Atto 3,white,electric,Pulau Pinang
2026-04-14,jip,BYD,Atto 3,grey,electric,W.P. Kuala Lumpur
2026-04-14,jip,BYD,Atto 3,white,electric,Rakan Niaga
2026-04-14,motokar_pelbagai_utiliti,BYD,M6,grey,electric,Rakan Niaga
2026-04-14,motokar,BYD,M6,white,electric,Rakan Niaga
2026-04-14,motokar,BYD,Seal 6,blue,electric,Rakan Niaga
2026-04-14,motokar,BYD,Seal 6,white,electric,Rakan Niaga
2026-04-14,motokar,BYD,Seal 6,white,electric,W.P. Kuala Lumpur
2026-04-14,motokar,BYD,Seal 6,grey,electric,Rakan Niaga
2026-04-14,motokar,BYD,Seal,grey,electric,Rakan Niaga
2026-04-14,motokar,BYD,Seal,black,electric,Rakan Niaga
2026-04-14,jip,BYD,Sealion,grey,electric,Rakan Niaga
2026-04-14,jip,BYD,Sealion,grey,electric,W.P. Kuala Lumpur
2026-04-14,jip,BYD,Sealion,black,electric,Rakan Niaga
2026-04-14,jip,Chery,iCaur 03,grey,electric,Rakan Niaga
2026-04-14,jip,Chery,iCaur 03,black,electric,Rakan Niaga
2026-04-14,jip,Chery,iCaur V23,grey,electric,Rakan Niaga
2026-04-14,jip,Chery,iCaur V23,green,electric,Johor
2026-04-14,jip,Chery,iCaur V23,black,electric,Rakan Niaga
2026-04-14,jip,Chery,iCaur V23,green,electric,Rakan Niaga
2026-04-14,jip,Chery,iCaur V23,white,electric,Rakan Niaga
2026-04-14,jip,Chery,iCaur V23,silver,electric,Rakan Niaga
2026-04-14,jip,Chery,iCaur V23,green,electric,Pulau Pinang
2026-04-14,jip,Chery,iCaur V23,white,electric,W.P. Kuala Lumpur
2026-04-14,window_van,Denza,D9,white,electric,Rakan Niaga
2026-04-14,motokar,Dong Feng,Box E3,purple,electric,Pahang
2026-04-14,jip,GAC Aion,Y Plus Standard,white,electric,Rakan Niaga
2026-04-14,motokar,Great Wall,Ora,grey,electric,Rakan Niaga
2026-04-14,motokar,Great Wall,Ora,beige,electric,Rakan Niaga
2026-04-14,motokar,MG,MG4,white,electric,Rakan Niaga
2026-04-14,motokar,MG,MG4,grey,electric,Rakan Niaga
2026-04-14,motokar,MG,MG4,red,electric,Rakan Niaga
2026-04-14,motokar,MG,MG4,black,electric,Rakan Niaga
2026-04-14,motokar,Mini,Convertible,white,electric,Pulau Pinang
2026-04-14,motokar,Mini,Cooper,grey,electric,W.P. Kuala Lumpur
2026-04-14,motokar,Neta,V,white,electric,Rakan Niaga
2026-04-14,motokar,Neta,V,blue,electric,Rakan Niaga
2026-04-14,motokar,Perodua,QV-E,grey,electric,Rakan Niaga
2026-04-14,motokar,Proton,e.MAS 5,grey,electric,Rakan Niaga
2026-04-14,motokar,Proton,e.MAS 5,white,electric,Selangor
2026-04-14,motokar,Proton,e.MAS 5,pink,electric,Rakan Niaga
2026-04-14,motokar,Proton,e.MAS 5,white,electric,Rakan Niaga
2026-04-14,motokar,Proton,e.MAS 5,white,electric,Pahang
2026-04-14,motokar,Proton,e.MAS 5,pink,electric,Pahang
2026-04-14,motokar,Proton,e.MAS 5,silver,electric,Rakan Niaga
2026-04-14,motokar,Proton,e.MAS 5,white,electric,Sarawak
2026-04-14,motokar,Proton,e.MAS 5,yellow,electric,Rakan Niaga
2026-04-14,motokar,Proton,e.MAS 5,yellow,electric,W.P. Kuala Lumpur
2026-04-14,motokar,Proton,e.MAS 5,yellow,electric,Kedah
2026-04-14,motokar,Proton,e.MAS 5,pink,electric,W.P. Kuala Lumpur
2026-04-14,motokar,Proton,e.MAS 5,yellow,electric,Pulau Pinang
2026-04-14,motokar,Proton,e.MAS 5,grey,electric,W.P. Kuala Lumpur
2026-04-14,motokar,Proton,e.MAS 5,pink,electric,Sarawak
2026-04-14,jip,Proton,e.MAS 7,black,electric,Rakan Niaga
2026-04-14,jip,Proton,e.MAS 7,grey,electric,Rakan Niaga
2026-04-14,jip,Proton,e.MAS 7,silver,electric,Rakan Niaga
2026-04-14,jip,Proton,e.MAS 7,green,electric,Rakan Niaga
2026-04-14,jip,Proton,e.MAS 7,white,electric,Kelantan
2026-04-14,jip,Proton,e.MAS 7,white,electric,Rakan Niaga
2026-04-14,jip,Proton,e.MAS 7,pink,electric,Rakan Niaga
2026-04-14,jip,Proton,e.MAS 7,grey,electric,Kelantan
2026-04-14,jip,Proton,e.MAS 7,pink,electric,Sabah
2026-04-14,motokar,Tesla,Model 3,white,electric,W.P. Kuala Lumpur
2026-04-14,motokar,Tesla,Model 3,grey,electric,Rakan Niaga
2026-04-14,motokar,Tesla,Model Y,grey,electric,Rakan Niaga
2026-04-14,motokar,Tesla,Model Y,white,electric,Selangor
2026-04-14,motokar,Tesla,Model Y,grey,electric,Sarawak
2026-04-14,motokar,TQ Wuling,Bingo,purple,electric,Rakan Niaga
2026-04-14,jip,Xpeng,G6,black,electric,Pulau Pinang
2026-04-14,jip,Xpeng,G6,silver,electric,Rakan Niaga
2026-04-14,jip,Xpeng,G6,purple,electric,Rakan Niaga
2026-04-14,jip,Xpeng,G6,grey,electric,Rakan Niaga
2026-04-14,window_van,Xpeng,X9,grey,electric,W.P. Kuala Lumpur
2026-04-14,window_van,Zeekr,009,green,electric,W.P. Kuala Lumpur
2026-04-14,window_van,Zeekr,009,white,electric,Rakan Niaga
2026-04-14,jip,Zeekr,7X,black,electric,Rakan Niaga
2026-04-14,jip,Zeekr,7X,white,electric,Rakan Niaga
2026-04-14,jip,Zeekr,7X,white,electric,W.P. Kuala Lumpur
2026-04-14,jip,Zeekr,7X,grey,electric,Rakan Niaga
2026-04-14,jip,Zeekr,7X,black,electric,W.P. Kuala Lumpur
2026-04-14,jip,Zeekr,7X,green,electric,Rakan Niaga
2026-04-14,jip,Zeekr,7X,grey,electric,Johor
2026-04-15,motokar,BMW,i7,white,electric,W.P. Kuala Lumpur
2026-04-15,jip,BMW,iX2,white,electric,Rakan Niaga
2026-04-15,jip,BYD,Atto 2,white,electric,Rakan Niaga
2026-04-15,jip,BYD,Atto 2,grey,electric,Rakan Niaga
2026-04-15,jip,BYD,Atto 3,white,electric,Rakan Niaga
2026-04-15,jip,BYD,Atto 3,grey,electric,Rakan Niaga
2026-04-15,jip,BYD,Atto 3,black,electric,Rakan Niaga
2026-04-15,jip,BYD,Atto 3,grey,electric,Johor
2026-04-15,jip,BYD,Atto 3,grey,electric,W.P. Kuala Lumpur
2026-04-15,jip,BYD,Atto 3,white,electric,Kedah
2026-04-15,jip,BYD,Atto 3,black,electric,Johor
2026-04-15,jip,BYD,Atto 3,grey,electric,Selangor
2026-04-15,jip,BYD,Atto 3,grey,electric,Pulau Pinang
2026-04-15,motokar,BYD,M6,grey,electric,Rakan Niaga
2026-04-15,motokar,BYD,M6,blue,electric,Rakan Niaga
2026-04-15,motokar_pelbagai_utiliti,BYD,M6,white,electric,Rakan Niaga
2026-04-15,motokar,BYD,M6,white,electric,Rakan Niaga
2026-04-15,motokar_pelbagai_utiliti,BYD,M6,green,electric,Rakan Niaga
2026-04-15,motokar_pelbagai_utiliti,BYD,M6,grey,electric,Rakan Niaga
2026-04-15,motokar,BYD,Seal 6,blue,electric,Rakan Niaga
2026-04-15,motokar,BYD,Seal 6,white,electric,Rakan Niaga
2026-04-15,jip,BYD,Sealion,black,electric,Rakan Niaga
2026-04-15,jip,BYD,Sealion,grey,electric,Rakan Niaga
2026-04-15,jip,BYD,Sealion,black,electric,W.P. Kuala Lumpur
2026-04-15,jip,BYD,Sealion,grey,electric,W.P. Kuala Lumpur
2026-04-15,jip,Chery,iCaur 03,green,electric,W.P. Kuala Lumpur
2026-04-15,jip,Chery,iCaur 03,grey,electric,Rakan Niaga
2026-04-15,jip,Chery,iCaur 03,white,electric,Rakan Niaga
2026-04-15,jip,Chery,iCaur 03,black,electric,Rakan Niaga
2026-04-15,jip,Chery,iCaur V23,black,electric,Rakan Niaga
2026-04-15,jip,Chery,iCaur V23,black,electric,Sarawak
2026-04-15,jip,Chery,iCaur V23,green,electric,Rakan Niaga
2026-04-15,jip,Chery,iCaur V23,green,electric,W.P. Kuala Lumpur
2026-04-15,jip,Chery,iCaur V23,grey,electric,Rakan Niaga
2026-04-15,jip,Chery,iCaur V23,black,electric,Johor
2026-04-15,jip,Chery,iCaur V23,white,electric,Pulau Pinang
2026-04-15,jip,Chery,iCaur V23,silver,electric,Rakan Niaga
2026-04-15,jip,Chery,iCaur V23,white,electric,Selangor
2026-04-15,jip,Chery,iCaur V23,white,electric,Rakan Niaga
2026-04-15,jip,Chery,iCaur V23,black,electric,W.P. Kuala Lumpur
2026-04-15,window_van,Denza,D9,black,electric,Rakan Niaga
2026-04-15,window_van,Denza,D9,white,electric,Rakan Niaga
2026-04-15,jip,Leapmotor,B10,grey,electric,Rakan Niaga
2026-04-15,jip,Leapmotor,B10,black,electric,Rakan Niaga
2026-04-15,jip,Leapmotor,B10,white,electric,Rakan Niaga
2026-04-15,jip,Leapmotor,C10,green,electric,Johor
2026-04-15,jip,Leapmotor,C10,grey,electric,Rakan Niaga
2026-04-15,motokar,Mercedes Benz,EQS,blue,electric,Rakan Niaga
2026-04-15,motokar,Mercedes Benz,EQS,grey,electric,Johor
2026-04-15,motokar,MG,MG4,white,electric,Rakan Niaga
2026-04-15,motokar,MG,MG4,blue,electric,Rakan Niaga
2026-04-15,motokar,MG,MG4,blue,electric,Sabah
2026-04-15,motokar,MG,MG4,silver,electric,Melaka
2026-04-15,motokar,MG,MG4,black,electric,Rakan Niaga
2026-04-15,jip,Mini,Countryman,silver,electric,Rakan Niaga
2026-04-15,jip,Mini,John Cooper Works,black,electric,W.P. Kuala Lumpur
2026-04-15,jip,Neta,X,grey,electric,Rakan Niaga
2026-04-15,motokar,Proton,e.MAS 5,white,electric,Rakan Niaga
2026-04-15,motokar,Proton,e.MAS 5,grey,electric,Pahang
2026-04-15,motokar,Proton,e.MAS 5,pink,electric,Rakan Niaga
2026-04-15,motokar,Proton,e.MAS 5,grey,electric,Rakan Niaga
2026-04-15,motokar,Proton,e.MAS 5,yellow,electric,Rakan Niaga
2026-04-15,motokar,Proton,e.MAS 5,silver,electric,Rakan Niaga
2026-04-15,motokar,Proton,e.MAS 5,yellow,electric,Pahang
2026-04-15,motokar,Proton,e.MAS 5,yellow,electric,Selangor
2026-04-15,motokar,Proton,e.MAS 5,pink,electric,Selangor
2026-04-15,motokar,Proton,e.MAS 5,white,electric,Pulau Pinang
2026-04-15,motokar,Proton,e.MAS 5,white,electric,W.P. Kuala Lumpur
2026-04-15,motokar,Proton,e.MAS 5,grey,electric,W.P. Kuala Lumpur
2026-04-15,jip,Proton,e.MAS 7,white,electric,Rakan Niaga
2026-04-15,jip,Proton,e.MAS 7,pink,electric,Rakan Niaga
2026-04-15,jip,Proton,e.MAS 7,silver,electric,Rakan Niaga
2026-04-15,jip,Proton,e.MAS 7,green,electric,Rakan Niaga
2026-04-15,jip,Proton,e.MAS 7,white,electric,W.P. Kuala Lumpur
2026-04-15,jip,Proton,e.MAS 7,black,electric,Rakan Niaga
2026-04-15,jip,Proton,e.MAS 7,pink,electric,Johor
2026-04-15,jip,Proton,e.MAS 7,white,electric,Johor
2026-04-15,jip,Smart,Brabus,beige,electric,Rakan Niaga
2026-04-15,motokar,Tesla,Model 3,white,electric,W.P. Kuala Lumpur
2026-04-15,motokar,Tesla,Model 3,white,electric,Rakan Niaga
2026-04-15,motokar,Tesla,Model 3,black,electric,Rakan Niaga
2026-04-15,motokar,Tesla,Model Y,grey,electric,Rakan Niaga
2026-04-15,motokar,Tesla,Model Y,grey,electric,Selangor
2026-04-15,jip,Toyota,bZ4X,grey,electric,Perak
2026-04-15,motokar,TQ Wuling,Bingo,white,electric,Rakan Niaga
2026-04-15,jip,Xpeng,G6,white,electric,Rakan Niaga
2026-04-15,jip,Xpeng,G6,purple,electric,Rakan Niaga
2026-04-15,jip,Xpeng,G6,silver,electric,Rakan Niaga
2026-04-15,window_van,Xpeng,X9,black,electric,Rakan Niaga
2026-04-15,window_van,Zeekr,009,white,electric,W.P. Kuala Lumpur
2026-04-15,jip,Zeekr,7X,blue,electric,Rakan Niaga
2026-04-15,jip,Zeekr,7X,white,electric,Johor
2026-04-15,jip,Zeekr,7X,grey,electric,W.P. Kuala Lumpur
2026-04-15,jip,Zeekr,7X,green,electric,Rakan Niaga
2026-04-15,jip,Zeekr,7X,black,electric,Rakan Niaga
2026-04-15,jip,Zeekr,7X,grey,electric,Selangor
2026-04-16,motokar,BMW,i4,white,electric,Rakan Niaga
2026-04-16,motokar,BMW,i5,white,electric,W.P. Kuala Lumpur
2026-04-16,jip,BYD,Atto 2,green,electric,Rakan Niaga
2026-04-16,jip,BYD,Atto 2,grey,electric,Rakan Niaga
2026-04-16,jip,BYD,Atto 2,white,electric,W.P. Kuala Lumpur
2026-04-16,jip,BYD,Atto 3,grey,electric,Rakan Niaga
2026-04-16,jip,BYD,Atto 3,black,electric,Rakan Niaga
2026-04-16,jip,BYD,Atto 3,white,electric,Rakan Niaga
2026-04-16,jip,BYD,Atto 3,grey,electric,W.P. Kuala Lumpur
2026-04-16,motokar_pelbagai_utiliti,BYD,M6,grey,electric,Rakan Niaga
2026-04-16,motokar,BYD,M6,white,electric,Rakan Niaga
2026-04-16,motokar_pelbagai_utiliti,BYD,M6,white,electric,Rakan Niaga
2026-04-16,motokar,BYD,M6,white,electric,W.P. Kuala Lumpur
2026-04-16,motokar,BYD,Seal 6,blue,electric,Rakan Niaga
2026-04-16,motokar,BYD,Seal 6,white,electric,Rakan Niaga
2026-04-16,motokar,BYD,Seal 6,grey,electric,Rakan Niaga
2026-04-16,motokar,BYD,Seal 6,white,electric,Kedah
2026-04-16,motokar,BYD,Seal,grey,electric,Rakan Niaga
2026-04-16,jip,BYD,Sealion,grey,electric,Rakan Niaga
2026-04-16,jip,BYD,Sealion,white,electric,Rakan Niaga
2026-04-16,jip,BYD,Sealion,black,electric,Rakan Niaga
2026-04-16,jip,Chery,iCaur 03,green,electric,Rakan Niaga
2026-04-16,jip,Chery,iCaur 03,grey,electric,Rakan Niaga
2026-04-16,jip,Chery,iCaur 03,white,electric,Rakan Niaga
2026-04-16,jip,Chery,iCaur V23,white,electric,Pulau Pinang
2026-04-16,jip,Chery,iCaur V23,green,electric,Rakan Niaga
2026-04-16,jip,Chery,iCaur V23,black,electric,Rakan Niaga
2026-04-16,jip,Chery,iCaur V23,silver,electric,Rakan Niaga
2026-04-16,jip,Chery,iCaur V23,orange,electric,Selangor
2026-04-16,jip,Chery,iCaur V23,orange,electric,Rakan Niaga
2026-04-16,jip,Chery,iCaur V23,grey,electric,Rakan Niaga
2026-04-16,jip,Chery,iCaur V23,white,electric,Rakan Niaga
2026-04-16,jip,Chery,iCaur V23,black,electric,Selangor
2026-04-16,jip,Chery,Omoda 5,black,electric,Rakan Niaga
2026-04-16,window_van,Denza,D9,blue,electric,Rakan Niaga
2026-04-16,window_van,Denza,D9,black,electric,Johor
2026-04-16,window_van,Denza,D9,white,electric,W.P. Kuala Lumpur
2026-04-16,motokar,Great Wall,Ora,grey,electric,Rakan Niaga
2026-04-16,motokar,Great Wall,Ora,blue,electric,Rakan Niaga
2026-04-16,motokar,Great Wall,Ora,beige,electric,Rakan Niaga
2026-04-16,jip,Leapmotor,B10,blue,electric,Perak
2026-04-16,jip,Leapmotor,B10,blue,electric,Rakan Niaga
2026-04-16,jip,Leapmotor,B10,white,electric,Rakan Niaga
2026-04-16,jip,Leapmotor,B10,grey,electric,Rakan Niaga
2026-04-16,jip,Leapmotor,B10,blue,electric,Sarawak
2026-04-16,jip,Leapmotor,B10,black,electric,Rakan Niaga
2026-04-16,jip,Leapmotor,C10,grey,electric,Rakan Niaga
2026-04-16,motokar,Mercedes Benz,EQS,silver,electric,W.P. Kuala Lumpur
2026-04-16,motokar,MG,MG4,red,electric,Rakan Niaga
2026-04-16,motokar,MG,MG4,orange,electric,Melaka
2026-04-16,motokar,MG,MG4,grey,electric,Rakan Niaga
2026-04-16,motokar,MG,MG4,orange,electric,W.P. Kuala Lumpur
2026-04-16,motokar,MG,MG4,black,electric,Rakan Niaga
2026-04-16,motokar,Mini,Cooper,grey,electric,Rakan Niaga
2026-04-16,motokar,Mini,Cooper,blue,electric,W.P. Kuala Lumpur
2026-04-16,jip,Mini,Countryman,red,electric,Perak
2026-04-16,jip,Mini,John Cooper Works,grey,electric,Selangor
2026-04-16,motokar,Perodua,QV-E,blue,electric,Rakan Niaga
2026-04-16,jip,Porsche,Macan,grey,electric,W.P. Kuala Lumpur
2026-04-16,motokar,Proton,e.MAS 5,pink,electric,Rakan Niaga
2026-04-16,motokar,Proton,e.MAS 5,white,electric,Rakan Niaga
2026-04-16,motokar,Proton,e.MAS 5,yellow,electric,Rakan Niaga
2026-04-16,motokar,Proton,e.MAS 5,silver,electric,W.P. Kuala Lumpur
2026-04-16,motokar,Proton,e.MAS 5,white,electric,Johor
2026-04-16,motokar,Proton,e.MAS 5,grey,electric,Rakan Niaga
2026-04-16,motokar,Proton,e.MAS 5,yellow,electric,Pulau Pinang
2026-04-16,motokar,Proton,e.MAS 5,yellow,electric,Kedah
2026-04-16,motokar,Proton,e.MAS 5,yellow,electric,W.P. Kuala Lumpur
2026-04-16,motokar,Proton,e.MAS 5,white,electric,Selangor
2026-04-16,motokar,Proton,e.MAS 5,pink,electric,Melaka
2026-04-16,motokar,Proton,e.MAS 5,silver,electric,Rakan Niaga
2026-04-16,jip,Proton,e.MAS 7,black,electric,Rakan Niaga
2026-04-16,jip,Proton,e.MAS 7,grey,electric,Selangor
2026-04-16,jip,Proton,e.MAS 7,pink,electric,Johor
2026-04-16,jip,Proton,e.MAS 7,grey,electric,Rakan Niaga
2026-04-16,jip,Proton,e.MAS 7,green,electric,Terengganu
2026-04-16,jip,Proton,e.MAS 7,pink,electric,Rakan Niaga
2026-04-16,jip,Proton,e.MAS 7,green,electric,Johor
2026-04-16,jip,Proton,e.MAS 7,white,electric,Rakan Niaga
2026-04-16,jip,Proton,e.MAS 7,green,electric,Rakan Niaga
2026-04-16,jip,Proton,e.MAS 7,silver,electric,Rakan Niaga
2026-04-16,jip,Proton,e.MAS 7,black,electric,W.P. Kuala Lumpur
2026-04-16,jip,Proton,e.MAS 7,silver,electric,Sarawak
2026-04-16,jip,Smart,Brabus,black,electric,Rakan Niaga
2026-04-16,motokar,Tesla,Model Y,red,electric,Rakan Niaga
2026-04-16,motokar,Tesla,Model Y,white,electric,Rakan Niaga
2026-04-16,motokar,TQ Wuling,Bingo,purple,electric,Rakan Niaga
2026-04-16,motokar,TQ Wuling,Bingo,white,electric,Kedah
2026-04-16,motokar,TQ Wuling,Bingo,white,electric,Rakan Niaga
2026-04-16,motokar,TQ Wuling,Bingo,blue,electric,Rakan Niaga
2026-04-16,jip,Volvo,EC40,black,electric,Rakan Niaga
2026-04-16,motokar,Volvo,ES90,black,electric,Rakan Niaga
2026-04-16,jip,Xpeng,G6,grey,electric,Rakan Niaga
2026-04-16,jip,Xpeng,G6,purple,electric,Rakan Niaga
2026-04-16,jip,Xpeng,G6,purple,electric,W.P. Kuala Lumpur
2026-04-16,window_van,Xpeng,X9,silver,electric,Rakan Niaga
2026-04-16,window_van,Xpeng,X9,white,electric,Rakan Niaga
2026-04-16,window_van,Zeekr,009,black,electric,Rakan Niaga
2026-04-16,window_van,Zeekr,009,white,electric,W.P. Kuala Lumpur
2026-04-16,jip,Zeekr,7X,green,electric,Rakan Niaga
2026-04-16,jip,Zeekr,7X,white,electric,Rakan Niaga
2026-04-16,jip,Zeekr,7X,grey,electric,Rakan Niaga
2026-04-16,jip,Zeekr,7X,black,electric,Rakan Niaga
2026-04-17,motokar,BMW,i4,green,electric,W.P. Kuala Lumpur
2026-04-17,motokar,BMW,i4,blue,electric,Rakan Niaga
2026-04-17,jip,BMW,iX1,white,electric,Rakan Niaga
2026-04-17,jip,BMW,iX2,black,electric,Rakan Niaga
2026-04-17,jip,BYD,Atto 2,grey,electric,Rakan Niaga
2026-04-17,jip,BYD,Atto 2,white,electric,Johor
2026-04-17,jip,BYD,Atto 2,green,electric,Rakan Niaga
2026-04-17,jip,BYD,Atto 2,white,electric,Rakan Niaga
2026-04-17,jip,BYD,Atto 3,grey,electric,Rakan Niaga
2026-04-17,jip,BYD,Atto 3,black,electric,Johor
2026-04-17,jip,BYD,Atto 3,black,electric,Rakan Niaga
2026-04-17,jip,BYD,Atto 3,grey,electric,W.P. Kuala Lumpur
2026-04-17,jip,BYD,Atto 3,white,electric,Rakan Niaga
2026-04-17,jip,BYD,Atto 3,white,electric,Perak
2026-04-17,jip,BYD,Atto 3,white,electric,Selangor
2026-04-17,jip,BYD,Atto 3,black,electric,W.P. Kuala Lumpur
2026-04-17,jip,BYD,Atto 3,grey,electric,Sabah
2026-04-17,jip,BYD,Atto 3,grey,electric,Sarawak
2026-04-17,jip,BYD,Atto 3,white,electric,W.P. Kuala Lumpur
2026-04-17,motokar,BYD,M6,grey,electric,Rakan Niaga
2026-04-17,motokar_pelbagai_utiliti,BYD,M6,black,electric,Rakan Niaga
2026-04-17,motokar_pelbagai_utiliti,BYD,M6,white,electric,Rakan Niaga
2026-04-17,motokar,BYD,M6,white,electric,W.P. Kuala Lumpur
2026-04-17,motokar_pelbagai_utiliti,BYD,M6,blue,electric,Johor
2026-04-17,motokar_pelbagai_utiliti,BYD,M6,grey,electric,Johor
2026-04-17,motokar,BYD,Seal 6,blue,electric,Rakan Niaga
2026-04-17,motokar,BYD,Seal 6,white,electric,Rakan Niaga
2026-04-17,motokar,BYD,Seal 6,blue,electric,Johor
2026-04-17,motokar,BYD,Seal,grey,electric,W.P. Kuala Lumpur
2026-04-17,jip,BYD,Sealion,grey,electric,Selangor
2026-04-17,jip,BYD,Sealion,white,electric,Rakan Niaga
2026-04-17,jip,BYD,Sealion,black,electric,Selangor
2026-04-17,jip,BYD,Sealion,grey,electric,Rakan Niaga
2026-04-17,jip,BYD,Sealion,black,electric,Rakan Niaga
2026-04-17,jip,BYD,Sealion,grey,electric,Johor
2026-04-17,jip,Chery,iCaur 03,silver,electric,Rakan Niaga
2026-04-17,jip,Chery,iCaur 03,grey,electric,Rakan Niaga
2026-04-17,jip,Chery,iCaur 03,grey,electric,W.P. Kuala Lumpur
2026-04-17,jip,Chery,iCaur 03,black,electric,Rakan Niaga
2026-04-17,jip,Chery,iCaur 03,white,electric,Rakan Niaga
2026-04-17,jip,Chery,iCaur V23,green,electric,Rakan Niaga
2026-04-17,jip,Chery,iCaur V23,grey,electric,Rakan Niaga
2026-04-17,jip,Chery,iCaur V23,white,electric,Rakan Niaga
2026-04-17,jip,Chery,iCaur V23,white,electric,Johor
2026-04-17,jip,Chery,iCaur V23,orange,electric,W.P. Kuala Lumpur
2026-04-17,jip,Chery,iCaur V23,orange,electric,Rakan Niaga
2026-04-17,jip,Chery,iCaur V23,silver,electric,Rakan Niaga
2026-04-17,jip,Chery,iCaur V23,green,electric,Sabah
2026-04-17,jip,Chery,iCaur V23,white,electric,Pahang
2026-04-17,jip,Chery,Omoda 5,black,electric,Rakan Niaga
2026-04-17,window_van,Denza,D9,black,electric,Rakan Niaga
2026-04-17,motokar,Dong Feng,Box E3,pink,electric,Rakan Niaga
2026-04-17,motokar,Dong Feng,Box E3,purple,electric,Rakan Niaga
2026-04-17,jip,GAC Aion,Y Plus Standard,white,electric,Rakan Niaga
2026-04-17,motokar,Great Wall,Ora,black,electric,W.P. Kuala Lumpur
2026-04-17,jip,Honda,e:N1,grey,electric,W.P. Kuala Lumpur
2026-04-17,jip,Leapmotor,B10,grey,electric,Rakan Niaga
2026-04-17,jip,Leapmotor,B10,purple,electric,Rakan Niaga
2026-04-17,jip,Leapmotor,B10,black,electric,Rakan Niaga
2026-04-17,motokar,MG,MG4,white,electric,Rakan Niaga
2026-04-17,motokar,MG,MG4,white,electric,Perak
2026-04-17,motokar,MG,MG4,grey,electric,Pulau Pinang
2026-04-17,motokar,MG,MG4,red,electric,Melaka
2026-04-17,motokar,Mini,John Cooper Works,white,electric,Rakan Niaga
2026-04-17,motokar,Perodua,QV-E,grey,electric,Rakan Niaga
2026-04-17,motokar,Proton,e.MAS 5,yellow,electric,Sabah
2026-04-17,motokar,Proton,e.MAS 5,grey,electric,Rakan Niaga
2026-04-17,motokar,Proton,e.MAS 5,yellow,electric,Rakan Niaga
2026-04-17,motokar,Proton,e.MAS 5,pink,electric,Rakan Niaga
2026-04-17,motokar,Proton,e.MAS 5,silver,electric,Johor
2026-04-17,motokar,Proton,e.MAS 5,white,electric,Johor
2026-04-17,motokar,Proton,e.MAS 5,white,electric,Rakan Niaga
2026-04-17,motokar,Proton,e.MAS 5,pink,electric,W.P. Kuala Lumpur
2026-04-17,motokar,Proton,e.MAS 5,grey,electric,Selangor
2026-04-17,motokar,Proton,e.MAS 5,yellow,electric,Selangor
2026-04-17,motokar,Proton,e.MAS 5,white,electric,Pulau Pinang
2026-04-17,motokar,Proton,e.MAS 5,silver,electric,Rakan Niaga
2026-04-17,motokar,Proton,e.MAS 5,white,electric,Sarawak
2026-04-17,jip,Proton,e.MAS 7,black,electric,Rakan Niaga
2026-04-17,jip,Proton,e.MAS 7,silver,electric,Rakan Niaga
2026-04-17,jip,Proton,e.MAS 7,white,electric,Rakan Niaga
2026-04-17,jip,Proton,e.MAS 7,grey,electric,Rakan Niaga
2026-04-17,jip,Proton,e.MAS 7,pink,electric,Rakan Niaga
2026-04-17,jip,Proton,e.MAS 7,pink,electric,Negeri Sembilan
2026-04-17,jip,Proton,e.MAS 7,green,electric,Rakan Niaga
2026-04-17,jip,Proton,e.MAS 7,silver,electric,Perlis
2026-04-17,jip,Proton,e.MAS 7,silver,electric,Perak
2026-04-17,jip,Proton,e.MAS 7,grey,electric,W.P. Kuala Lumpur
2026-04-17,jip,Smart,Brabus,white,electric,W.P. Kuala Lumpur
2026-04-17,motokar,Tesla,Model 3,white,electric,Rakan Niaga
2026-04-17,motokar,Tesla,Model 3,grey,electric,Pulau Pinang
2026-04-17,motokar,Tesla,Model 3,grey,electric,Rakan Niaga
2026-04-17,motokar,Tesla,Model Y,blue,electric,Rakan Niaga
2026-04-17,motokar,Tesla,Model Y,grey,electric,W.P. Kuala Lumpur
2026-04-17,motokar,TQ Wuling,Bingo,blue,electric,Rakan Niaga
2026-04-17,motokar,TQ Wuling,Bingo,purple,electric,Rakan Niaga
2026-04-17,jip,Volvo,EC40,black,electric,Rakan Niaga
2026-04-17,motokar,Volvo,ES90,grey,electric,Rakan Niaga
2026-04-17,jip,Volvo,EX30,blue,electric,Rakan Niaga
2026-04-17,jip,Volvo,EX90,beige,electric,Rakan Niaga
2026-04-17,jip,Xpeng,G6,silver,electric,Rakan Niaga
2026-04-17,jip,Xpeng,G6,grey,electric,W.P. Kuala Lumpur
2026-04-17,jip,Xpeng,G6,purple,electric,Johor
2026-04-17,jip,Xpeng,G6,black,electric,Rakan Niaga
2026-04-17,jip,Xpeng,G6,purple,electric,Rakan Niaga
2026-04-17,jip,Xpeng,G6,white,electric,Johor
2026-04-17,jip,Xpeng,G6,white,electric,Rakan Niaga
2026-04-17,window_van,Xpeng,X9,black,electric,Selangor
2026-04-17,window_van,Xpeng,X9,silver,electric,Pulau Pinang
2026-04-17,window_van,Xpeng,X9,silver,electric,W.P. Kuala Lumpur
2026-04-17,window_van,Xpeng,X9,black,electric,Rakan Niaga
2026-04-17,window_van,Xpeng,X9,white,electric,Rakan Niaga
2026-04-17,window_van,Zeekr,009,black,electric,W.P. Kuala Lumpur
2026-04-17,window_van,Zeekr,009,black,electric,Rakan Niaga
2026-04-17,jip,Zeekr,7X,grey,electric,W.P. Kuala Lumpur
2026-04-17,jip,Zeekr,7X,green,electric,Rakan Niaga
2026-04-17,jip,Zeekr,7X,grey,electric,Rakan Niaga
2026-04-17,jip,Zeekr,7X,green,electric,Perak
2026-04-17,jip,Zeekr,7X,white,electric,Rakan Niaga
2026-04-17,jip,Zeekr,7X,black,electric,Rakan Niaga
2026-04-18,jip,BYD,Atto 2,white,electric,Rakan Niaga
2026-04-18,jip,BYD,Atto 2,green,electric,Rakan Niaga
2026-04-18,jip,BYD,Atto 2,grey,electric,Rakan Niaga
2026-04-18,jip,BYD,Atto 3,grey,electric,Rakan Niaga
2026-04-18,motokar_pelbagai_utiliti,BYD,M6,grey,electric,Rakan Niaga
2026-04-18,motokar,BYD,Seal 6,blue,electric,Rakan Niaga
2026-04-18,jip,BYD,Sealion,black,electric,Rakan Niaga
2026-04-18,jip,Chery,iCaur 03,grey,electric,Rakan Niaga
2026-04-18,jip,Chery,iCaur V23,grey,electric,Rakan Niaga
2026-04-18,jip,Honda,e:N1,grey,electric,Rakan Niaga
2026-04-18,motokar,MG,MG4,white,electric,Rakan Niaga
2026-04-18,motokar,Proton,e.MAS 5,grey,electric,Rakan Niaga
2026-04-18,motokar,Proton,e.MAS 5,pink,electric,Rakan Niaga
2026-04-18,motokar,Proton,e.MAS 5,white,electric,Rakan Niaga
2026-04-18,motokar,Proton,e.MAS 5,yellow,electric,Rakan Niaga
2026-04-18,motokar,Proton,e.MAS 5,silver,electric,Rakan Niaga
2026-04-18,jip,Proton,e.MAS 7,pink,electric,Rakan Niaga
2026-04-18,jip,Proton,e.MAS 7,silver,electric,Rakan Niaga
2026-04-18,jip,Proton,e.MAS 7,black,electric,Rakan Niaga
2026-04-18,jip,Proton,e.MAS 7,grey,electric,Rakan Niaga
2026-04-18,jip,Proton,e.MAS 7,green,electric,Rakan Niaga
2026-04-18,window_van,Zeekr,009,black,electric,Rakan Niaga
2026-04-18,jip,Zeekr,7X,black,electric,Rakan Niaga
2026-04-19,jip,BYD,Atto 3,black,electric,Kedah
2026-04-19,jip,BYD,Sealion,grey,electric,Kelantan
2026-04-19,motokar,MG,MG4,white,electric,Rakan Niaga
2026-04-19,motokar,MG,MG4,silver,electric,Rakan Niaga
2026-04-19,motokar,Mini,Convertible,blue,electric,Kedah
2026-04-19,motokar,Proton,e.MAS 5,pink,electric,Rakan Niaga
2026-04-19,jip,Proton,e.MAS 7,pink,electric,Rakan Niaga
2026-04-20,motokar,BMW,i4,red,electric,Rakan Niaga
2026-04-20,jip,BYD,Atto 2,white,electric,Rakan Niaga
2026-04-20,jip,BYD,Atto 2,green,electric,Rakan Niaga
2026-04-20,jip,BYD,Atto 2,grey,electric,Rakan Niaga
2026-04-20,jip,BYD,Atto 3,grey,electric,Pulau Pinang
2026-04-20,jip,BYD,Atto 3,white,electric,Rakan Niaga
2026-04-20,jip,BYD,Atto 3,black,electric,Rakan Niaga
2026-04-20,jip,BYD,Atto 3,grey,electric,Rakan Niaga
2026-04-20,jip,BYD,Atto 3,grey,electric,W.P. Kuala Lumpur
2026-04-20,jip,BYD,Atto 3,black,electric,W.P. Kuala Lumpur
2026-04-20,jip,BYD,Atto 3,black,electric,Perak
2026-04-20,jip,BYD,Atto 3,white,electric,W.P. Kuala Lumpur
2026-04-20,motokar_pelbagai_utiliti,BYD,M6,blue,electric,Rakan Niaga
2026-04-20,motokar_pelbagai_utiliti,BYD,M6,grey,electric,W.P. Kuala Lumpur
2026-04-20,motokar_pelbagai_utiliti,BYD,M6,white,electric,Rakan Niaga
2026-04-20,motokar,BYD,Seal 6,blue,electric,Rakan Niaga
2026-04-20,motokar,BYD,Seal 6,yellow,electric,Rakan Niaga
2026-04-20,motokar,BYD,Seal 6,white,electric,Rakan Niaga
2026-04-20,motokar,BYD,Seal,white,electric,Rakan Niaga
2026-04-20,jip,BYD,Sealion,white,electric,Rakan Niaga
2026-04-20,jip,BYD,Sealion,grey,electric,Rakan Niaga
2026-04-20,jip,BYD,Sealion,grey,electric,Pahang
2026-04-20,jip,Chery,iCaur 03,grey,electric,Rakan Niaga
2026-04-20,jip,Chery,iCaur 03,silver,electric,Johor
2026-04-20,jip,Chery,iCaur 03,white,electric,Rakan Niaga
2026-04-20,jip,Chery,iCaur 03,white,electric,Selangor
2026-04-20,jip,Chery,iCaur 03,black,electric,Rakan Niaga
2026-04-20,jip,Chery,iCaur V23,green,electric,Rakan Niaga
2026-04-20,jip,Chery,iCaur V23,orange,electric,W.P. Kuala Lumpur
2026-04-20,jip,Chery,iCaur V23,grey,electric,W.P. Kuala Lumpur
2026-04-20,jip,Chery,iCaur V23,black,electric,Rakan Niaga
2026-04-20,jip,Chery,iCaur V23,silver,electric,Rakan Niaga
2026-04-20,jip,Chery,iCaur V23,black,electric,Negeri Sembilan
2026-04-20,jip,Chery,iCaur V23,white,electric,Rakan Niaga
2026-04-20,jip,Chery,iCaur V23,white,electric,W.P. Kuala Lumpur
2026-04-20,jip,Chery,iCaur V23,black,electric,Perak
2026-04-20,jip,Chery,iCaur V23,white,electric,Kedah
2026-04-20,window_van,Denza,D9,black,electric,W.P. Kuala Lumpur
2026-04-20,window_van,Denza,D9,black,electric,Rakan Niaga
2026-04-20,window_van,Denza,D9,white,electric,Rakan Niaga
2026-04-20,window_van,Denza,D9,white,electric,W.P. Kuala Lumpur
2026-04-20,motokar,Dong Feng,Box E3,silver,electric,Pulau Pinang
2026-04-20,motokar,Great Wall,Ora,blue,electric,Rakan Niaga
2026-04-20,jip,Leapmotor,B10,purple,electric,Rakan Niaga
2026-04-20,motokar,Lotus,Emeya,white,electric,W.P. Kuala Lumpur
2026-04-20,motokar,MG,MG4,grey,electric,Rakan Niaga
2026-04-20,motokar,MG,MG4,orange,electric,Rakan Niaga
2026-04-20,motokar,MG,MG4,titanium,electric,Rakan Niaga
2026-04-20,motokar,Mini,Cooper,white,electric,W.P. Kuala Lumpur
2026-04-20,motokar,Porsche,Taycan,white,electric,W.P. Kuala Lumpur
2026-04-20,motokar,Proton,e.MAS 5,pink,electric,Rakan Niaga
2026-04-20,motokar,Proton,e.MAS 5,grey,electric,Rakan Niaga
2026-04-20,motokar,Proton,e.MAS 5,yellow,electric,Rakan Niaga
2026-04-20,motokar,Proton,e.MAS 5,white,electric,Rakan Niaga
2026-04-20,motokar,Proton,e.MAS 5,yellow,electric,W.P. Kuala Lumpur
2026-04-20,motokar,Proton,e.MAS 5,silver,electric,Rakan Niaga
2026-04-20,motokar,Proton,e.MAS 5,grey,electric,Perak
2026-04-20,motokar,Proton,e.MAS 5,silver,electric,W.P. Kuala Lumpur
2026-04-20,motokar,Proton,e.MAS 5,yellow,electric,Johor
2026-04-20,motokar,Proton,e.MAS 5,grey,electric,W.P. Kuala Lumpur
2026-04-20,jip,Proton,e.MAS 7,grey,electric,Rakan Niaga
2026-04-20,jip,Proton,e.MAS 7,silver,electric,Rakan Niaga
2026-04-20,jip,Proton,e.MAS 7,grey,electric,Melaka
2026-04-20,jip,Proton,e.MAS 7,grey,electric,Sarawak
2026-04-20,jip,Proton,e.MAS 7,black,electric,Rakan Niaga
2026-04-20,jip,Proton,e.MAS 7,pink,electric,Rakan Niaga
2026-04-20,jip,Proton,e.MAS 7,silver,electric,W.P. Kuala Lumpur
2026-04-20,jip,Proton,e.MAS 7,white,electric,Rakan Niaga
2026-04-20,jip,Proton,e.MAS 7,black,electric,Selangor
2026-04-20,motokar,Tesla,Model 3,grey,electric,Rakan Niaga
2026-04-20,motokar,Tesla,Model 3,silver,electric,W.P. Kuala Lumpur
2026-04-20,motokar,Tesla,Model 3,black,electric,Rakan Niaga
2026-04-20,motokar,Tesla,Model Y,grey,electric,Rakan Niaga
2026-04-20,motokar,Tesla,Model Y,white,electric,W.P. Kuala Lumpur
2026-04-20,motokar,Tesla,Model Y,black,electric,Johor
2026-04-20,motokar,TQ Wuling,Bingo,purple,electric,Rakan Niaga
2026-04-20,motokar,TQ Wuling,Bingo,white,electric,Rakan Niaga
2026-04-20,motokar,Volvo,ES90,white,electric,Sarawak
2026-04-20,jip,Xpeng,G6,white,electric,Rakan Niaga
2026-04-20,window_van,Xpeng,X9,silver,electric,Rakan Niaga
2026-04-20,jip,Zeekr,7X,green,electric,Rakan Niaga
2026-04-20,jip,Zeekr,7X,white,electric,Rakan Niaga
2026-04-20,jip,Zeekr,7X,blue,electric,Pulau Pinang
2026-04-20,jip,Zeekr,7X,blue,electric,Rakan Niaga
2026-04-20,jip,Zeekr,7X,grey,electric,Rakan Niaga
2026-04-20,jip,Zeekr,7X,black,electric,W.P. Kuala Lumpur
2026-04-20,jip,Zeekr,7X,black,electric,Rakan Niaga
2026-04-21,motokar,BMW,i4,grey,electric,Rakan Niaga
2026-04-21,motokar,BMW,i4,grey,electric,W.P. Kuala Lumpur
2026-04-21,motokar,BMW,i4,white,electric,W.P. Kuala Lumpur
2026-04-21,jip,BYD,Atto 2,grey,electric,Rakan Niaga
2026-04-21,jip,BYD,Atto 2,green,electric,Rakan Niaga
2026-04-21,jip,BYD,Atto 2,white,electric,Rakan Niaga
2026-04-21,jip,BYD,Atto 3,white,electric,Rakan Niaga
2026-04-21,jip,BYD,Atto 3,black,electric,Rakan Niaga
2026-04-21,jip,BYD,Atto 3,grey,electric,Rakan Niaga
2026-04-21,jip,BYD,Atto 3,grey,electric,Pahang
2026-04-21,jip,BYD,Atto 3,white,electric,Johor
2026-04-21,jip,BYD,Atto 3,black,electric,Selangor
2026-04-21,jip,BYD,Atto 3,grey,electric,W.P. Kuala Lumpur
2026-04-21,motokar_pelbagai_utiliti,BYD,M6,white,electric,Rakan Niaga
2026-04-21,motokar_pelbagai_utiliti,BYD,M6,black,electric,Rakan Niaga
2026-04-21,motokar_pelbagai_utiliti,BYD,M6,grey,electric,Melaka
2026-04-21,motokar,BYD,M6,white,electric,Rakan Niaga
2026-04-21,motokar_pelbagai_utiliti,BYD,M6,grey,electric,Rakan Niaga
2026-04-21,motokar,BYD,M6,grey,electric,Rakan Niaga
2026-04-21,motokar,BYD,Seal 6,white,electric,Rakan Niaga
2026-04-21,motokar,BYD,Seal 6,blue,electric,Rakan Niaga
2026-04-21,motokar,BYD,Seal 6,white,electric,W.P. Kuala Lumpur
2026-04-21,motokar,BYD,Seal 6,blue,electric,W.P. Kuala Lumpur
2026-04-21,jip,BYD,Sealion,grey,electric,Rakan Niaga
2026-04-21,jip,BYD,Sealion,black,electric,Rakan Niaga
2026-04-21,jip,BYD,Sealion,white,electric,W.P. Kuala Lumpur
2026-04-21,jip,BYD,Sealion,white,electric,Rakan Niaga
2026-04-21,jip,Chery,iCaur 03,grey,electric,Rakan Niaga
2026-04-21,jip,Chery,iCaur 03,white,electric,Rakan Niaga
2026-04-21,jip,Chery,iCaur 03,grey,electric,Johor
2026-04-21,jip,Chery,iCaur 03,silver,electric,Rakan Niaga
2026-04-21,jip,Chery,iCaur 03,green,electric,Rakan Niaga
2026-04-21,jip,Chery,iCaur V23,green,electric,Johor
2026-04-21,jip,Chery,iCaur V23,green,electric,Selangor
2026-04-21,jip,Chery,iCaur V23,white,electric,Rakan Niaga
2026-04-21,jip,Chery,iCaur V23,grey,electric,Pulau Pinang
2026-04-21,jip,Chery,iCaur V23,silver,electric,Johor
2026-04-21,jip,Chery,iCaur V23,green,electric,Rakan Niaga
2026-04-21,jip,Chery,iCaur V23,black,electric,Rakan Niaga
2026-04-21,jip,Chery,iCaur V23,orange,electric,W.P. Kuala Lumpur
2026-04-21,jip,Chery,iCaur V23,silver,electric,Rakan Niaga
2026-04-21,jip,Chery,iCaur V23,grey,electric,Rakan Niaga
2026-04-21,window_van,Denza,D9,white,electric,W.P. Kuala Lumpur
2026-04-21,window_van,Denza,D9,white,electric,Pulau Pinang
2026-04-21,motokar,Great Wall,Ora,grey,electric,Rakan Niaga
2026-04-21,jip,Leapmotor,B10,blue,electric,Selangor
2026-04-21,jip,Leapmotor,B10,white,electric,Rakan Niaga
2026-04-21,motokar,MG,MG4,silver,electric,Rakan Niaga
2026-04-21,motokar,MG,MG4,white,electric,Rakan Niaga
2026-04-21,motokar,MG,S5,grey,electric,Rakan Niaga
2026-04-21,motokar,Mini,Cooper,white,electric,Rakan Niaga
2026-04-21,jip,Porsche,Macan,purple,electric,Rakan Niaga
2026-04-21,motokar,Proton,e.MAS 5,grey,electric,Rakan Niaga
2026-04-21,motokar,Proton,e.MAS 5,yellow,electric,Rakan Niaga
2026-04-21,motokar,Proton,e.MAS 5,white,electric,Perak
2026-04-21,motokar,Proton,e.MAS 5,white,electric,Rakan Niaga
2026-04-21,motokar,Proton,e.MAS 5,pink,electric,Rakan Niaga
2026-04-21,motokar,Proton,e.MAS 5,white,electric,Johor
2026-04-21,motokar,Proton,e.MAS 5,yellow,electric,Selangor
2026-04-21,motokar,Proton,e.MAS 5,pink,electric,Johor
2026-04-21,motokar,Proton,e.MAS 5,pink,electric,W.P. Kuala Lumpur
2026-04-21,motokar,Proton,e.MAS 5,yellow,electric,W.P. Kuala Lumpur
2026-04-21,motokar,Proton,e.MAS 5,pink,electric,Perak
2026-04-21,motokar,Proton,e.MAS 5,white,electric,Terengganu
2026-04-21,motokar,Proton,e.MAS 5,white,electric,Sabah
2026-04-21,motokar,Proton,e.MAS 5,white,electric,W.P. Kuala Lumpur
2026-04-21,motokar,Proton,e.MAS 5,silver,electric,Rakan Niaga
2026-04-21,motokar,Proton,e.MAS 5,yellow,electric,Kedah
2026-04-21,motokar,Proton,e.MAS 5,pink,electric,Selangor
2026-04-21,motokar,Proton,e.MAS 5,grey,electric,Selangor
2026-04-21,motokar,Proton,e.MAS 5,grey,electric,W.P. Kuala Lumpur
2026-04-21,jip,Proton,e.MAS 7,black,electric,Rakan Niaga
2026-04-21,jip,Proton,e.MAS 7,green,electric,Rakan Niaga
2026-04-21,jip,Proton,e.MAS 7,grey,electric,Rakan Niaga
2026-04-21,jip,Proton,e.MAS 7,silver,electric,Rakan Niaga
2026-04-21,jip,Proton,e.MAS 7,white,electric,Rakan Niaga
2026-04-21,jip,Proton,e.MAS 7,black,electric,Perak
2026-04-21,jip,Proton,e.MAS 7,pink,electric,Rakan Niaga
2026-04-21,jip,Smart,Brabus,grey,electric,W.P. Kuala Lumpur
2026-04-21,jip,Smart,Brabus,beige,electric,Rakan Niaga
2026-04-21,jip,Smart,Brabus,beige,electric,W.P. Kuala Lumpur
2026-04-21,motokar,Tesla,Model Y,grey,electric,Rakan Niaga
2026-04-21,motokar,TQ Wuling,Bingo,blue,electric,Rakan Niaga
2026-04-21,jip,Xpeng,G6,black,electric,Rakan Niaga
2026-04-21,jip,Xpeng,G6,purple,electric,Rakan Niaga
2026-04-21,window_van,Xpeng,X9,black,electric,Rakan Niaga
2026-04-21,window_van,Xpeng,X9,grey,electric,Selangor
2026-04-21,window_van,Xpeng,X9,black,electric,Terengganu
2026-04-21,window_van,Xpeng,X9,grey,electric,Rakan Niaga
2026-04-21,window_van,Zeekr,009,white,electric,Pulau Pinang
2026-04-21,window_van,Zeekr,009,black,electric,W.P. Kuala Lumpur
2026-04-21,window_van,Zeekr,009,white,electric,W.P. Kuala Lumpur
2026-04-21,jip,Zeekr,7X,white,electric,W.P. Kuala Lumpur
2026-04-21,jip,Zeekr,7X,blue,electric,W.P. Kuala Lumpur
2026-04-21,jip,Zeekr,7X,grey,electric,W.P. Kuala Lumpur
2026-04-21,jip,Zeekr,7X,grey,electric,Rakan Niaga
2026-04-21,jip,Zeekr,7X,white,electric,Rakan Niaga
2026-04-21,jip,Zeekr,7X,grey,electric,Kedah
2026-04-21,jip,Zeekr,7X,black,electric,W.P. Kuala Lumpur
2026-04-22,motokar,BMW,i4,white,electric,Rakan Niaga
2026-04-22,motokar,BMW,i5,grey,electric,Rakan Niaga
2026-04-22,jip,BMW,iX,black,electric,Rakan Niaga
2026-04-22,jip,BMW,iX2,blue,electric,Rakan Niaga
2026-04-22,jip,BYD,Atto 2,grey,electric,Rakan Niaga
2026-04-22,jip,BYD,Atto 2,green,electric,Rakan Niaga
2026-04-22,jip,BYD,Atto 2,grey,electric,W.P. Kuala Lumpur
2026-04-22,jip,BYD,Atto 3,grey,electric,Rakan Niaga
2026-04-22,jip,BYD,Atto 3,black,electric,Rakan Niaga
2026-04-22,jip,BYD,Atto 3,grey,electric,W.P. Kuala Lumpur
2026-04-22,jip,BYD,Atto 3,grey,electric,Pulau Pinang
2026-04-22,jip,BYD,Atto 3,white,electric,Rakan Niaga
2026-04-22,jip,BYD,Atto 3,black,electric,Johor
2026-04-22,jip,BYD,Atto 3,grey,electric,Pahang
2026-04-22,jip,BYD,Atto 3,grey,electric,Selangor
2026-04-22,motokar,BYD,M6,black,electric,Rakan Niaga
2026-04-22,motokar_pelbagai_utiliti,BYD,M6,grey,electric,Rakan Niaga
2026-04-22,motokar_pelbagai_utiliti,BYD,M6,white,electric,Kelantan
2026-04-22,motokar_pelbagai_utiliti,BYD,M6,white,electric,Rakan Niaga
2026-04-22,motokar,BYD,Seal 6,blue,electric,Rakan Niaga
2026-04-22,motokar,BYD,Seal 6,white,electric,Rakan Niaga
2026-04-22,motokar,BYD,Seal 6,white,electric,Kelantan
2026-04-22,motokar,BYD,Seal 6,grey,electric,Rakan Niaga
2026-04-22,motokar,BYD,Seal 6,white,electric,W.P. Kuala Lumpur
2026-04-22,motokar,BYD,Seal,white,electric,Rakan Niaga
2026-04-22,jip,BYD,Sealion,white,electric,Kelantan
2026-04-22,jip,BYD,Sealion,grey,electric,Rakan Niaga
2026-04-22,jip,BYD,Sealion,black,electric,Rakan Niaga
2026-04-22,jip,BYD,Sealion,white,electric,Rakan Niaga
2026-04-22,jip,Chery,iCaur 03,black,electric,Rakan Niaga
2026-04-22,jip,Chery,iCaur 03,green,electric,Rakan Niaga
2026-04-22,jip,Chery,iCaur 03,grey,electric,Rakan Niaga
2026-04-22,jip,Chery,iCaur 03,silver,electric,Rakan Niaga
2026-04-22,jip,Chery,iCaur 03,white,electric,W.P. Kuala Lumpur
2026-04-22,jip,Chery,iCaur 03,white,electric,Rakan Niaga
2026-04-22,jip,Chery,iCaur V23,green,electric,Rakan Niaga
2026-04-22,jip,Chery,iCaur V23,green,electric,Selangor
2026-04-22,jip,Chery,iCaur V23,white,electric,Rakan Niaga
2026-04-22,jip,Chery,iCaur V23,black,electric,Rakan Niaga
2026-04-22,jip,Chery,iCaur V23,green,electric,Pahang
2026-04-22,jip,Chery,iCaur V23,orange,electric,Pahang
2026-04-22,jip,Chery,iCaur V23,white,electric,Melaka
2026-04-22,jip,Chery,iCaur V23,grey,electric,Perak
2026-04-22,jip,Chery,iCaur V23,grey,electric,Rakan Niaga
2026-04-22,jip,Chery,iCaur V23,silver,electric,Rakan Niaga
2026-04-22,jip,Chery,iCaur V23,orange,electric,W.P. Kuala Lumpur
2026-04-22,jip,Chery,iCaur V23,black,electric,Melaka
2026-04-22,window_van,Denza,D9,black,electric,Rakan Niaga
2026-04-22,window_van,Denza,D9,blue,electric,W.P. Kuala Lumpur
2026-04-22,jip,GAC Aion,Y Plus Premium,white,electric,Rakan Niaga
2026-04-22,jip,GAC Aion,Y Plus Standard,white,electric,Rakan Niaga
2026-04-22,motokar,Great Wall,Ora,beige,electric,Rakan Niaga
2026-04-22,jip,Honda,e:N1,grey,electric,Kelantan
2026-04-22,jip,Honda,e:N1,white,electric,Rakan Niaga
2026-04-22,jip,Honda,e:N1,grey,electric,Rakan Niaga
2026-04-22,jip,Leapmotor,B10,purple,electric,Rakan Niaga
2026-04-22,jip,Leapmotor,B10,grey,electric,Rakan Niaga
2026-04-22,jip,Leapmotor,B10,grey,electric,W.P. Kuala Lumpur
2026-04-22,jip,Leapmotor,B10,blue,electric,Rakan Niaga
2026-04-22,jip,Leapmotor,B10,white,electric,Rakan Niaga
2026-04-22,jip,Leapmotor,B10,black,electric,Rakan Niaga
2026-04-22,jip,Leapmotor,C10,green,electric,Rakan Niaga
2026-04-22,motokar,Mercedes Benz,EQS,blue,electric,Rakan Niaga
2026-04-22,motokar,MG,MG4,black,electric,Rakan Niaga
2026-04-22,motokar,MG,MG4,white,electric,Rakan Niaga
2026-04-22,motokar,MG,MG4,grey,electric,Rakan Niaga
2026-04-22,motokar,MG,MG4,orange,electric,W.P. Kuala Lumpur
2026-04-22,motokar,MG,S5,black,electric,W.P. Kuala Lumpur
2026-04-22,motokar,Mini,John Cooper Works,grey,electric,Rakan Niaga
2026-04-22,jip,Neta,X,black,electric,Rakan Niaga
2026-04-22,motokar,Perodua,QV-E,blue,electric,W.P. Kuala Lumpur
2026-04-22,motokar,Proton,e.MAS 5,grey,electric,Rakan Niaga
2026-04-22,motokar,Proton,e.MAS 5,pink,electric,Rakan Niaga
2026-04-22,motokar,Proton,e.MAS 5,yellow,electric,Rakan Niaga
2026-04-22,motokar,Proton,e.MAS 5,white,electric,Rakan Niaga
2026-04-22,motokar,Proton,e.MAS 5,pink,electric,Kedah
2026-04-22,motokar,Proton,e.MAS 5,pink,electric,Perak
2026-04-22,motokar,Proton,e.MAS 5,yellow,electric,Pulau Pinang
2026-04-22,motokar,Proton,e.MAS 5,yellow,electric,W.P. Kuala Lumpur
2026-04-22,motokar,Proton,e.MAS 5,pink,electric,W.P. Kuala Lumpur
2026-04-22,motokar,Proton,e.MAS 5,white,electric,Negeri Sembilan
2026-04-22,jip,Proton,e.MAS 7,white,electric,Rakan Niaga
2026-04-22,jip,Proton,e.MAS 7,black,electric,Rakan Niaga
2026-04-22,jip,Proton,e.MAS 7,grey,electric,Rakan Niaga
2026-04-22,jip,Proton,e.MAS 7,silver,electric,Rakan Niaga
2026-04-22,jip,Proton,e.MAS 7,pink,electric,Rakan Niaga
2026-04-22,jip,Proton,e.MAS 7,green,electric,Rakan Niaga
2026-04-22,jip,Proton,e.MAS 7,black,electric,W.P. Kuala Lumpur
2026-04-22,jip,Proton,e.MAS 7,silver,electric,Johor
2026-04-22,jip,Proton,e.MAS 7,white,electric,Selangor
2026-04-22,jip,Smart,Brabus,beige,electric,Rakan Niaga
2026-04-22,motokar,Tesla,Model Y,black,electric,Rakan Niaga
2026-04-22,jip,Toyota,bZ4X,grey,electric,Rakan Niaga
2026-04-22,jip,Toyota,bZ4X,black,electric,Kedah
2026-04-22,jip,Volvo,EC40,silver,electric,Rakan Niaga
2026-04-22,jip,Volvo,EC40,black,electric,W.P. Kuala Lumpur
2026-04-22,jip,Volvo,EC40,black,electric,Rakan Niaga
2026-04-22,jip,Volvo,EC40,white,electric,W.P. Kuala Lumpur
2026-04-22,jip,Volvo,EX30,grey,electric,Rakan Niaga
2026-04-22,jip,Xpeng,G6,purple,electric,W.P. Kuala Lumpur
2026-04-22,jip,Xpeng,G6,grey,electric,W.P. Kuala Lumpur
2026-04-22,jip,Xpeng,G6,silver,electric,Rakan Niaga
2026-04-22,jip,Xpeng,G6,purple,electric,Rakan Niaga
2026-04-22,window_van,Xpeng,X9,black,electric,W.P. Kuala Lumpur
2026-04-22,window_van,Zeekr,009,green,electric,W.P. Kuala Lumpur
2026-04-22,window_van,Zeekr,009,black,electric,Rakan Niaga
2026-04-22,window_van,Zeekr,009,white,electric,Rakan Niaga
2026-04-22,jip,Zeekr,7X,green,electric,W.P. Kuala Lumpur
2026-04-22,jip,Zeekr,7X,green,electric,Rakan Niaga
2026-04-22,jip,Zeekr,7X,blue,electric,Rakan Niaga
2026-04-22,jip,Zeekr,7X,black,electric,Rakan Niaga
2026-04-22,jip,Zeekr,7X,grey,electric,Rakan Niaga
2026-04-22,jip,Zeekr,7X,green,electric,Pahang
2026-04-22,jip,Zeekr,7X,grey,electric,W.P. Kuala Lumpur
2026-04-22,jip,Zeekr,7X,white,electric,W.P. Kuala Lumpur
2026-04-23,motokar,BMW,i4,red,electric,Pulau Pinang
2026-04-23,motokar,BMW,i5,blue,electric,Rakan Niaga
2026-04-23,motokar,BMW,i7,black,electric,Pulau Pinang
2026-04-23,jip,BMW,iX,white,electric,Johor
2026-04-23,jip,BYD,Atto 2,white,electric,Rakan Niaga
2026-04-23,jip,BYD,Atto 2,grey,electric,Rakan Niaga
2026-04-23,jip,BYD,Atto 2,green,electric,Rakan Niaga
2026-04-23,jip,BYD,Atto 3,grey,electric,Rakan Niaga
2026-04-23,jip,BYD,Atto 3,white,electric,Rakan Niaga
2026-04-23,jip,BYD,Atto 3,black,electric,Rakan Niaga
2026-04-23,jip,BYD,Atto 3,black,electric,Johor
2026-04-23,jip,BYD,Atto 3,grey,electric,Pulau Pinang
2026-04-23,motokar,BYD,M6,white,electric,Rakan Niaga
2026-04-23,motokar_pelbagai_utiliti,BYD,M6,white,electric,Rakan Niaga
2026-04-23,motokar_pelbagai_utiliti,BYD,M6,grey,electric,Rakan Niaga
2026-04-23,motokar,BYD,M6,grey,electric,Rakan Niaga
2026-04-23,motokar,BYD,M6,grey,electric,Selangor
2026-04-23,motokar,BYD,Seal 6,white,electric,Rakan Niaga
2026-04-23,motokar,BYD,Seal 6,blue,electric,Rakan Niaga
2026-04-23,motokar,BYD,Seal 6,white,electric,W.P. Kuala Lumpur
2026-04-23,motokar,BYD,Seal 6,white,electric,Sarawak
2026-04-23,motokar,BYD,Seal 6,yellow,electric,W.P. Kuala Lumpur
2026-04-23,motokar,BYD,Seal 6,grey,electric,Rakan Niaga
2026-04-23,motokar,BYD,Seal,grey,electric,Rakan Niaga
2026-04-23,motokar,BYD,Seal,white,electric,Rakan Niaga
2026-04-23,jip,BYD,Sealion,grey,electric,Rakan Niaga
2026-04-23,jip,BYD,Sealion,grey,electric,W.P. Kuala Lumpur
2026-04-23,jip,BYD,Sealion,black,electric,Rakan Niaga
2026-04-23,jip,BYD,Sealion,white,electric,Rakan Niaga
2026-04-23,jip,Chery,iCaur 03,green,electric,Negeri Sembilan
2026-04-23,jip,Chery,iCaur 03,black,electric,Rakan Niaga
2026-04-23,jip,Chery,iCaur 03,white,electric,Rakan Niaga
2026-04-23,jip,Chery,iCaur 03,grey,electric,Rakan Niaga
2026-04-23,jip,Chery,iCaur 03,black,electric,Selangor
2026-04-23,jip,Chery,iCaur 03,silver,electric,Rakan Niaga
2026-04-23,jip,Chery,iCaur V23,black,electric,Rakan Niaga
2026-04-23,jip,Chery,iCaur V23,white,electric,Rakan Niaga
2026-04-23,jip,Chery,iCaur V23,green,electric,Rakan Niaga
2026-04-23,jip,Chery,iCaur V23,grey,electric,Rakan Niaga
2026-04-23,jip,Chery,iCaur V23,orange,electric,Rakan Niaga
2026-04-23,window_van,Denza,D9,white,electric,W.P. Kuala Lumpur
2026-04-23,window_van,Denza,D9,white,electric,Rakan Niaga
2026-04-23,motokar,Dong Feng,Box E3,silver,electric,Pahang
2026-04-23,motokar,Dong Feng,Box E3,blue,electric,Rakan Niaga
2026-04-23,motokar,Dong Feng,Box E3,silver,electric,Rakan Niaga
2026-04-23,motokar,Great Wall,Ora,grey,electric,W.P. Kuala Lumpur
2026-04-23,motokar,Great Wall,Ora,black,electric,Rakan Niaga
2026-04-23,motokar,Great Wall,Ora,black,electric,Pahang
2026-04-23,motokar,Great Wall,Ora,green,electric,W.P. Kuala Lumpur
2026-04-23,jip,Honda,e:N1,white,electric,Rakan Niaga
2026-04-23,jip,Leapmotor,B10,blue,electric,Rakan Niaga
2026-04-23,jip,Leapmotor,C10,white,electric,Rakan Niaga
2026-04-23,motokar,MG,MG4,silver,electric,Rakan Niaga
2026-04-23,motokar,MG,MG4,orange,electric,Rakan Niaga
2026-04-23,motokar,Mini,Cooper,yellow,electric,Selangor
2026-04-23,motokar,Mini,Cooper,red,electric,Rakan Niaga
2026-04-23,motokar,Mini,Cooper,yellow,electric,Perak
2026-04-23,motokar,Mini,Cooper,blue,electric,Rakan Niaga
2026-04-23,jip,Mini,John Cooper Works,white,electric,Rakan Niaga
2026-04-23,jip,Neta,X,grey,electric,Rakan Niaga
2026-04-23,jip,Porsche,Macan,grey,electric,W.P. Kuala Lumpur
2026-04-23,jip,Porsche,Macan,purple,electric,Rakan Niaga
2026-04-23,motokar,Proton,e.MAS 5,pink,electric,Sarawak
2026-04-23,motokar,Proton,e.MAS 5,white,electric,Rakan Niaga
2026-04-23,motokar,Proton,e.MAS 5,yellow,electric,Rakan Niaga
2026-04-23,motokar,Proton,e.MAS 5,pink,electric,Rakan Niaga
2026-04-23,motokar,Proton,e.MAS 5,grey,electric,Rakan Niaga
2026-04-23,motokar,Proton,e.MAS 5,pink,electric,Perak
2026-04-23,motokar,Proton,e.MAS 5,white,electric,Selangor
2026-04-23,motokar,Proton,e.MAS 5,white,electric,Johor
2026-04-23,motokar,Proton,e.MAS 5,pink,electric,Pulau Pinang
2026-04-23,motokar,Proton,e.MAS 5,yellow,electric,Selangor
2026-04-23,motokar,Proton,e.MAS 5,yellow,electric,Melaka
2026-04-23,motokar,Proton,e.MAS 5,pink,electric,W.P. Kuala Lumpur
2026-04-23,motokar,Proton,e.MAS 5,silver,electric,Rakan Niaga
2026-04-23,jip,Proton,e.MAS 7,green,electric,Rakan Niaga
2026-04-23,jip,Proton,e.MAS 7,grey,electric,Rakan Niaga
2026-04-23,jip,Proton,e.MAS 7,black,electric,Rakan Niaga
2026-04-23,jip,Proton,e.MAS 7,pink,electric,Rakan Niaga
2026-04-23,jip,Proton,e.MAS 7,white,electric,Rakan Niaga
2026-04-23,jip,Proton,e.MAS 7,silver,electric,Rakan Niaga
2026-04-23,jip,Proton,e.MAS 7,silver,electric,Negeri Sembilan
2026-04-23,jip,Smart,Brabus,beige,electric,Rakan Niaga
2026-04-23,motokar,Tesla,Model 3,red,electric,Rakan Niaga
2026-04-23,motokar,Tesla,Model 3,white,electric,Perak
2026-04-23,motokar,Tesla,Model 3,grey,electric,Rakan Niaga
2026-04-23,motokar,Tesla,Model 3,blue,electric,Selangor
2026-04-23,motokar,Tesla,Model Y,grey,electric,Rakan Niaga
2026-04-23,motokar,Tesla,Model Y,red,electric,Rakan Niaga
2026-04-23,motokar,Tesla,Model Y,black,electric,Rakan Niaga
2026-04-23,motokar,TQ Wuling,Bingo,blue,electric,Rakan Niaga
2026-04-23,motokar,TQ Wuling,Bingo,purple,electric,Rakan Niaga
2026-04-23,motokar,TQ Wuling,Bingo,white,electric,Rakan Niaga
2026-04-23,jip,Volvo,EC40,beige,electric,Rakan Niaga
2026-04-23,jip,Volvo,EC40,white,electric,Rakan Niaga
2026-04-23,motokar,Volvo,ES90,grey,electric,Perak
2026-04-23,jip,Volvo,EX30,white,electric,Rakan Niaga
2026-04-23,jip,Xpeng,G6,white,electric,Rakan Niaga
2026-04-23,jip,Xpeng,G6,black,electric,Rakan Niaga
2026-04-23,jip,Xpeng,G6,silver,electric,Rakan Niaga
2026-04-23,jip,Xpeng,G6,purple,electric,Rakan Niaga
2026-04-23,window_van,Xpeng,X9,black,electric,W.P. Kuala Lumpur
2026-04-23,window_van,Xpeng,X9,white,electric,Rakan Niaga
2026-04-23,window_van,Xpeng,X9,white,electric,W.P. Kuala Lumpur
2026-04-23,window_van,Xpeng,X9,silver,electric,Johor
2026-04-23,window_van,Xpeng,X9,silver,electric,Selangor
2026-04-23,window_van,Xpeng,X9,grey,electric,W.P. Kuala Lumpur
2026-04-23,window_van,Zeekr,009,white,electric,Rakan Niaga
2026-04-23,window_van,Zeekr,009,black,electric,W.P. Kuala Lumpur
2026-04-23,window_van,Zeekr,009,black,electric,Rakan Niaga
2026-04-23,jip,Zeekr,7X,blue,electric,Rakan Niaga
2026-04-23,jip,Zeekr,7X,green,electric,Rakan Niaga
2026-04-23,jip,Zeekr,7X,grey,electric,Rakan Niaga
2026-04-23,jip,Zeekr,7X,white,electric,Rakan Niaga
2026-04-23,jip,Zeekr,7X,grey,electric,W.P. Kuala Lumpur
2026-04-23,jip,Zeekr,7X,grey,electric,Melaka
2026-04-23,jip,Zeekr,7X,green,electric,W.P. Kuala Lumpur
2026-04-23,jip,Zeekr,7X,black,electric,Selangor
2026-04-23,jip,Zeekr,7X,black,electric,Rakan Niaga
2026-04-23,jip,Zeekr,X,green,electric,Rakan Niaga
2026-04-24,motokar,BMW,i4,grey,electric,Pulau Pinang
2026-04-24,jip,BMW,iX1,blue,electric,W.P. Kuala Lumpur
2026-04-24,jip,BYD,Atto 2,grey,electric,Rakan Niaga
2026-04-24,jip,BYD,Atto 2,green,electric,Rakan Niaga
2026-04-24,jip,BYD,Atto 2,white,electric,Rakan Niaga
2026-04-24,jip,BYD,Atto 3,black,electric,Rakan Niaga
2026-04-24,jip,BYD,Atto 3,white,electric,Rakan Niaga
2026-04-24,jip,BYD,Atto 3,grey,electric,Rakan Niaga
2026-04-24,jip,BYD,Atto 3,black,electric,Sabah
2026-04-24,jip,BYD,Atto 3,black,electric,W.P. Kuala Lumpur
2026-04-24,motokar_pelbagai_utiliti,BYD,M6,black,electric,Rakan Niaga
2026-04-24,motokar_pelbagai_utiliti,BYD,M6,white,electric,Rakan Niaga
2026-04-24,motokar_pelbagai_utiliti,BYD,M6,grey,electric,W.P. Kuala Lumpur
2026-04-24,motokar,BYD,M6,white,electric,W.P. Kuala Lumpur
2026-04-24,motokar,BYD,M6,grey,electric,Rakan Niaga
2026-04-24,motokar,BYD,Seal 6,white,electric,Rakan Niaga
2026-04-24,motokar,BYD,Seal 6,blue,electric,Rakan Niaga
2026-04-24,motokar,BYD,Seal 6,blue,electric,Melaka
2026-04-24,motokar,BYD,Seal 6,yellow,electric,Rakan Niaga
2026-04-24,motokar,BYD,Seal,grey,electric,Rakan Niaga
2026-04-24,motokar,BYD,Seal,white,electric,Rakan Niaga
2026-04-24,motokar,BYD,Seal,black,electric,Rakan Niaga
2026-04-24,jip,BYD,Sealion,grey,electric,Rakan Niaga
2026-04-24,jip,BYD,Sealion,white,electric,Rakan Niaga
2026-04-24,jip,BYD,Sealion,black,electric,Pahang
2026-04-24,jip,BYD,Sealion,black,electric,Rakan Niaga
2026-04-24,jip,BYD,Sealion,grey,electric,W.P. Kuala Lumpur
2026-04-24,jip,Chery,iCaur 03,grey,electric,Rakan Niaga
2026-04-24,jip,Chery,iCaur 03,white,electric,Rakan Niaga
2026-04-24,jip,Chery,iCaur 03,grey,electric,Johor
2026-04-24,jip,Chery,iCaur 03,silver,electric,Rakan Niaga
2026-04-24,jip,Chery,iCaur 03,white,electric,W.P. Kuala Lumpur
2026-04-24,jip,Chery,iCaur V23,grey,electric,W.P. Kuala Lumpur
2026-04-24,jip,Chery,iCaur V23,black,electric,Rakan Niaga
2026-04-24,jip,Chery,iCaur V23,silver,electric,Rakan Niaga
2026-04-24,jip,Chery,iCaur V23,green,electric,Rakan Niaga
2026-04-24,jip,Chery,iCaur V23,silver,electric,Selangor
2026-04-24,jip,Chery,iCaur V23,orange,electric,Rakan Niaga
2026-04-24,jip,Chery,iCaur V23,grey,electric,Johor
2026-04-24,jip,Chery,iCaur V23,grey,electric,Rakan Niaga
2026-04-24,jip,Chery,iCaur V23,black,electric,Pulau Pinang
2026-04-24,jip,Chery,iCaur V23,orange,electric,Negeri Sembilan
2026-04-24,window_van,Denza,D9,black,electric,Rakan Niaga
2026-04-24,motokar,Dong Feng,Box E3,white,electric,Selangor
2026-04-24,motokar,Dong Feng,Box E3,purple,electric,Rakan Niaga
2026-04-24,jip,GAC Aion,Y Plus Premium,white,electric,Rakan Niaga
2026-04-24,jip,GAC Aion,Y Plus Standard,grey,electric,W.P. Kuala Lumpur
2026-04-24,jip,GAC Aion,Y Plus Standard,grey,electric,Rakan Niaga
2026-04-24,motokar,Great Wall,Ora,black,electric,Rakan Niaga
2026-04-24,motokar,Great Wall,Ora,beige,electric,W.P. Kuala Lumpur
2026-04-24,motokar,Great Wall,Ora,blue,electric,Rakan Niaga
2026-04-24,jip,Leapmotor,B10,white,electric,Rakan Niaga
2026-04-24,jip,Leapmotor,B10,black,electric,Rakan Niaga
2026-04-24,motokar,MG,MG4,white,electric,Rakan Niaga
2026-04-24,motokar,MG,MG4,orange,electric,W.P. Kuala Lumpur
2026-04-24,motokar,MG,MG4,blue,electric,Rakan Niaga
2026-04-24,motokar,Mini,Cooper,white,electric,Rakan Niaga
2026-04-24,motokar,Mini,Cooper,white,electric,W.P. Kuala Lumpur
2026-04-24,jip,Neta,X,white,electric,Rakan Niaga
2026-04-24,jip,Neta,X,grey,electric,Rakan Niaga
2026-04-24,motokar,Proton,e.MAS 5,pink,electric,Rakan Niaga
2026-04-24,motokar,Proton,e.MAS 5,yellow,electric,Rakan Niaga
2026-04-24,motokar,Proton,e.MAS 5,grey,electric,Selangor
2026-04-24,motokar,Proton,e.MAS 5,white,electric,Rakan Niaga
2026-04-24,motokar,Proton,e.MAS 5,white,electric,Sarawak
2026-04-24,motokar,Proton,e.MAS 5,yellow,electric,Sabah
2026-04-24,motokar,Proton,e.MAS 5,grey,electric,Rakan Niaga
2026-04-24,motokar,Proton,e.MAS 5,white,electric,Johor
2026-04-24,motokar,Proton,e.MAS 5,white,electric,W.P. Kuala Lumpur
2026-04-24,motokar,Proton,e.MAS 5,pink,electric,Pulau Pinang
2026-04-24,motokar,Proton,e.MAS 5,yellow,electric,W.P. Kuala Lumpur
2026-04-24,motokar,Proton,e.MAS 5,white,electric,Sabah
2026-04-24,motokar,Proton,e.MAS 5,yellow,electric,Melaka
2026-04-24,motokar,Proton,e.MAS 5,pink,electric,Perak
2026-04-24,motokar,Proton,e.MAS 5,pink,electric,Selangor
2026-04-24,jip,Proton,e.MAS 7,silver,electric,Rakan Niaga
2026-04-24,jip,Proton,e.MAS 7,grey,electric,Rakan Niaga
2026-04-24,jip,Proton,e.MAS 7,black,electric,Rakan Niaga
2026-04-24,jip,Proton,e.MAS 7,pink,electric,Rakan Niaga
2026-04-24,jip,Proton,e.MAS 7,green,electric,Rakan Niaga
2026-04-24,jip,Proton,e.MAS 7,black,electric,Selangor
2026-04-24,jip,Proton,e.MAS 7,white,electric,Rakan Niaga
2026-04-24,jip,Proton,e.MAS 7,pink,electric,Perak
2026-04-24,motokar,Tesla,Model 3,grey,electric,Rakan Niaga
2026-04-24,motokar,Tesla,Model 3,white,electric,Rakan Niaga
2026-04-24,motokar,Tesla,Model 3,black,electric,Rakan Niaga
2026-04-24,motokar,TQ Wuling,Bingo,white,electric,Rakan Niaga
2026-04-24,motokar,TQ Wuling,Bingo,purple,electric,Rakan Niaga
2026-04-24,motokar,TQ Wuling,Bingo,blue,electric,Rakan Niaga
2026-04-24,jip,Volvo,EX90,black,electric,Rakan Niaga
2026-04-24,jip,Xpeng,G6,silver,electric,Rakan Niaga
2026-04-24,jip,Xpeng,G6,purple,electric,Rakan Niaga
2026-04-24,jip,Xpeng,G6,black,electric,Rakan Niaga
2026-04-24,jip,Xpeng,G6,grey,electric,Rakan Niaga
2026-04-24,jip,Xpeng,G6,purple,electric,W.P. Kuala Lumpur
2026-04-24,jip,Xpeng,G6,white,electric,Rakan Niaga
2026-04-24,window_van,Xpeng,X9,silver,electric,Rakan Niaga
2026-04-24,window_van,Xpeng,X9,black,electric,Rakan Niaga
2026-04-24,window_van,Xpeng,X9,grey,electric,Pulau Pinang
2026-04-24,window_van,Zeekr,009,black,electric,W.P. Kuala Lumpur
2026-04-24,window_van,Zeekr,009,black,electric,Rakan Niaga
2026-04-24,window_van,Zeekr,009,white,electric,Rakan Niaga
2026-04-24,jip,Zeekr,7X,white,electric,Rakan Niaga
2026-04-24,jip,Zeekr,7X,green,electric,Rakan Niaga
2026-04-24,jip,Zeekr,7X,green,electric,Perak
2026-04-24,jip,Zeekr,7X,green,electric,W.P. Kuala Lumpur
2026-04-24,jip,Zeekr,7X,grey,electric,Rakan Niaga
2026-04-24,jip,Zeekr,7X,blue,electric,W.P. Kuala Lumpur
2026-04-24,jip,Zeekr,7X,white,electric,W.P. Kuala Lumpur
2026-04-24,jip,Zeekr,7X,black,electric,Rakan Niaga
2026-04-25,motokar,BMW,i4,grey,electric,Rakan Niaga
2026-04-25,jip,BYD,Atto 2,grey,electric,Rakan Niaga
2026-04-25,jip,BYD,Atto 2,white,electric,Rakan Niaga
2026-04-25,jip,BYD,Atto 3,grey,electric,Rakan Niaga
2026-04-25,jip,BYD,Atto 3,black,electric,Rakan Niaga
2026-04-25,jip,BYD,Atto 3,white,electric,Rakan Niaga
2026-04-25,motokar,BYD,Seal 6,blue,electric,Rakan Niaga
2026-04-25,jip,BYD,Sealion,grey,electric,Rakan Niaga
2026-04-25,jip,BYD,Sealion,white,electric,Rakan Niaga
2026-04-25,jip,Chery,iCaur 03,grey,electric,Rakan Niaga
2026-04-25,jip,Chery,iCaur 03,silver,electric,Rakan Niaga
2026-04-25,jip,Chery,iCaur V23,green,electric,Rakan Niaga
2026-04-25,jip,Chery,iCaur V23,grey,electric,Rakan Niaga
2026-04-25,jip,Chery,iCaur V23,silver,electric,Rakan Niaga
2026-04-25,window_van,Denza,D9,blue,electric,Rakan Niaga
2026-04-25,jip,Leapmotor,B10,grey,electric,Rakan Niaga
2026-04-25,jip,Leapmotor,B10,white,electric,Rakan Niaga
2026-04-25,motokar,Proton,e.MAS 5,yellow,electric,Rakan Niaga
2026-04-25,motokar,Proton,e.MAS 5,white,electric,Rakan Niaga
2026-04-25,motokar,Proton,e.MAS 5,pink,electric,Rakan Niaga
2026-04-25,motokar,Proton,e.MAS 5,grey,electric,Rakan Niaga
2026-04-25,motokar,Proton,e.MAS 5,silver,electric,Rakan Niaga
2026-04-25,jip,Proton,e.MAS 7,pink,electric,Rakan Niaga
2026-04-25,jip,Proton,e.MAS 7,silver,electric,Rakan Niaga
2026-04-25,jip,Proton,e.MAS 7,white,electric,Rakan Niaga
2026-04-25,jip,Proton,e.MAS 7,black,electric,Rakan Niaga
2026-04-25,jip,Proton,e.MAS 7,grey,electric,Rakan Niaga
2026-04-25,jip,Volvo,EC40,black,electric,Rakan Niaga
2026-04-25,jip,Zeekr,7X,grey,electric,Rakan Niaga
2026-04-26,jip,BYD,Atto 3,grey,electric,Rakan Niaga
2026-04-26,jip,Chery,iCaur V23,orange,electric,Rakan Niaga
2026-04-26,motokar,Mini,Countryman,grey,electric,Kedah
2026-04-26,motokar,Proton,e.MAS 5,yellow,electric,Rakan Niaga
2026-04-26,motokar,Proton,e.MAS 5,yellow,electric,Kedah
2026-04-26,jip,Proton,e.MAS 7,black,electric,Rakan Niaga
2026-04-27,motokar,BMW,i4,red,electric,W.P. Kuala Lumpur
2026-04-27,motokar,BMW,i4,red,electric,Rakan Niaga
2026-04-27,jip,BYD,Atto 2,white,electric,Sarawak
2026-04-27,jip,BYD,Atto 2,white,electric,Rakan Niaga
2026-04-27,jip,BYD,Atto 2,grey,electric,Rakan Niaga
2026-04-27,jip,BYD,Atto 2,green,electric,Rakan Niaga
2026-04-27,jip,BYD,Atto 3,grey,electric,Rakan Niaga
2026-04-27,jip,BYD,Atto 3,black,electric,Rakan Niaga
2026-04-27,jip,BYD,Atto 3,grey,electric,Sarawak
2026-04-27,jip,BYD,Atto 3,white,electric,Rakan Niaga
2026-04-27,jip,BYD,Atto 3,black,electric,W.P. Kuala Lumpur
2026-04-27,jip,BYD,Atto 3,grey,electric,Pulau Pinang
2026-04-27,jip,BYD,Atto 3,grey,electric,Selangor
2026-04-27,motokar_pelbagai_utiliti,BYD,M6,white,electric,Rakan Niaga
2026-04-27,motokar_pelbagai_utiliti,BYD,M6,black,electric,Rakan Niaga
2026-04-27,motokar,BYD,Seal 6,yellow,electric,Rakan Niaga
2026-04-27,motokar,BYD,Seal 6,blue,electric,Rakan Niaga
2026-04-27,motokar,BYD,Seal 6,blue,electric,Melaka
2026-04-27,motokar,BYD,Seal 6,white,electric,Rakan Niaga
2026-04-27,motokar,BYD,Seal,white,electric,Rakan Niaga
2026-04-27,motokar,BYD,Seal,black,electric,Rakan Niaga
2026-04-27,jip,BYD,Sealion,grey,electric,Rakan Niaga
2026-04-27,jip,BYD,Sealion,grey,electric,Selangor
2026-04-27,jip,BYD,Sealion,black,electric,Rakan Niaga
2026-04-27,jip,BYD,Sealion,grey,electric,W.P. Kuala Lumpur
2026-04-27,jip,BYD,Sealion,white,electric,Rakan Niaga
2026-04-27,jip,Chery,iCaur 03,white,electric,W.P. Kuala Lumpur
2026-04-27,jip,Chery,iCaur 03,green,electric,Rakan Niaga
2026-04-27,jip,Chery,iCaur 03,white,electric,Sabah
2026-04-27,jip,Chery,iCaur 03,silver,electric,W.P. Kuala Lumpur
2026-04-27,jip,Chery,iCaur 03,black,electric,Rakan Niaga
2026-04-27,jip,Chery,iCaur V23,orange,electric,Rakan Niaga
2026-04-27,jip,Chery,iCaur V23,green,electric,Pahang
2026-04-27,jip,Chery,iCaur V23,grey,electric,Rakan Niaga
2026-04-27,jip,Chery,iCaur V23,black,electric,Rakan Niaga
2026-04-27,jip,Chery,iCaur V23,grey,electric,W.P. Kuala Lumpur
2026-04-27,jip,Chery,iCaur V23,silver,electric,Rakan Niaga
2026-04-27,jip,Chery,iCaur V23,orange,electric,Pahang
2026-04-27,jip,Chery,iCaur V23,white,electric,Pulau Pinang
2026-04-27,jip,Chery,iCaur V23,black,electric,Sabah
2026-04-27,jip,Chery,iCaur V23,green,electric,Johor
2026-04-27,jip,Chery,iCaur V23,green,electric,Rakan Niaga
2026-04-27,jip,Chery,Omoda 5,white,electric,Rakan Niaga
2026-04-27,window_van,Denza,D9,black,electric,W.P. Kuala Lumpur
2026-04-27,window_van,Denza,D9,white,electric,Rakan Niaga
2026-04-27,window_van,Denza,D9,blue,electric,Rakan Niaga
2026-04-27,window_van,Denza,D9,black,electric,Rakan Niaga
2026-04-27,window_van,Denza,D9,blue,electric,Selangor
2026-04-27,motokar,Dong Feng,Box E3,silver,electric,Rakan Niaga
2026-04-27,motokar,Dong Feng,Box E3,pink,electric,Rakan Niaga
2026-04-27,motokar,Dong Feng,Box E3,white,electric,Rakan Niaga
2026-04-27,motokar,Great Wall,Ora,white,electric,Rakan Niaga
2026-04-27,motokar,Great Wall,Ora,black,electric,Rakan Niaga
2026-04-27,motokar,Great Wall,Ora,blue,electric,Rakan Niaga
2026-04-27,motokar,Great Wall,Ora,beige,electric,Rakan Niaga
2026-04-27,motokar,Great Wall,Ora,beige,electric,Kedah
2026-04-27,jip,Leapmotor,B10,grey,electric,Rakan Niaga
2026-04-27,jip,Leapmotor,B10,black,electric,Rakan Niaga
2026-04-27,jip,Leapmotor,B10,blue,electric,Rakan Niaga
2026-04-27,jip,Leapmotor,C10,white,electric,Rakan Niaga
2026-04-27,motokar,MG,MG4,black,electric,Rakan Niaga
2026-04-27,motokar,MG,MG4,blue,electric,Rakan Niaga
2026-04-27,motokar,Mini,Cooper,grey,electric,W.P. Kuala Lumpur
2026-04-27,motokar,Mini,Cooper,white,electric,W.P. Kuala Lumpur
2026-04-27,jip,Mini,John Cooper Works,grey,electric,Selangor
2026-04-27,motokar,Mini,John Cooper Works,grey,electric,Rakan Niaga
2026-04-27,motokar,Mini,John Cooper Works,red,electric,W.P. Kuala Lumpur
2026-04-27,jip,Neta,X,white,electric,Rakan Niaga
2026-04-27,motokar,Perodua,QV-E,grey,electric,Rakan Niaga
2026-04-27,motokar,Proton,e.MAS 5,pink,electric,Rakan Niaga
2026-04-27,motokar,Proton,e.MAS 5,white,electric,Rakan Niaga
2026-04-27,motokar,Proton,e.MAS 5,yellow,electric,Rakan Niaga
2026-04-27,motokar,Proton,e.MAS 5,grey,electric,Sarawak
2026-04-27,motokar,Proton,e.MAS 5,grey,electric,Rakan Niaga
2026-04-27,motokar,Proton,e.MAS 5,pink,electric,Perlis
2026-04-27,motokar,Proton,e.MAS 5,silver,electric,Rakan Niaga
2026-04-27,motokar,Proton,e.MAS 5,white,electric,W.P. Kuala Lumpur
2026-04-27,motokar,Proton,e.MAS 5,yellow,electric,W.P. Kuala Lumpur
2026-04-27,motokar,Proton,e.MAS 5,pink,electric,W.P. Kuala Lumpur
2026-04-27,jip,Proton,e.MAS 7,silver,electric,Rakan Niaga
2026-04-27,jip,Proton,e.MAS 7,green,electric,Rakan Niaga
2026-04-27,jip,Proton,e.MAS 7,pink,electric,Selangor
2026-04-27,jip,Proton,e.MAS 7,black,electric,Rakan Niaga
2026-04-27,jip,Proton,e.MAS 7,pink,electric,Rakan Niaga
2026-04-27,jip,Proton,e.MAS 7,silver,electric,W.P. Kuala Lumpur
2026-04-27,jip,Proton,e.MAS 7,white,electric,Rakan Niaga
2026-04-27,jip,Proton,e.MAS 7,pink,electric,Sabah
2026-04-27,jip,Proton,e.MAS 7,grey,electric,Rakan Niaga
2026-04-27,jip,Proton,e.MAS 7,white,electric,Perak
2026-04-27,motokar,Tesla,Model 3,white,electric,Rakan Niaga
2026-04-27,motokar,Tesla,Model 3,grey,electric,Rakan Niaga
2026-04-27,motokar,Tesla,Model 3,black,electric,Rakan Niaga
2026-04-27,motokar,Tesla,Model Y,grey,electric,Rakan Niaga
2026-04-27,motokar,Tesla,Model Y,black,electric,W.P. Kuala Lumpur
2026-04-27,motokar,TQ Wuling,Bingo,blue,electric,Rakan Niaga
2026-04-27,motokar,TQ Wuling,Bingo,white,electric,Rakan Niaga
2026-04-27,motokar,TQ Wuling,Bingo,purple,electric,Rakan Niaga
2026-04-27,jip,Volvo,EX90,black,electric,W.P. Kuala Lumpur
2026-04-27,jip,Xpeng,G6,black,electric,Rakan Niaga
2026-04-27,jip,Xpeng,G6,purple,electric,Rakan Niaga
2026-04-27,window_van,Zeekr,009,black,electric,Rakan Niaga
2026-04-27,jip,Zeekr,7X,blue,electric,W.P. Kuala Lumpur
2026-04-27,jip,Zeekr,7X,green,electric,Rakan Niaga
2026-04-27,jip,Zeekr,7X,green,electric,W.P. Kuala Lumpur
2026-04-27,jip,Zeekr,7X,black,electric,W.P. Kuala Lumpur
2026-04-27,jip,Zeekr,7X,white,electric,Rakan Niaga
2026-04-27,jip,Zeekr,7X,black,electric,Rakan Niaga
2026-04-27,jip,Zeekr,7X,grey,electric,Rakan Niaga
2026-04-27,jip,Zeekr,7X,green,electric,Perak
2026-04-28,motokar,BMW,i4,white,electric,W.P. Kuala Lumpur
2026-04-28,motokar,BMW,i4,black,electric,Rakan Niaga
2026-04-28,motokar,BMW,i5,black,electric,Rakan Niaga
2026-04-28,jip,BMW,iX1,green,electric,Rakan Niaga
2026-04-28,jip,BYD,Atto 2,white,electric,Rakan Niaga
2026-04-28,jip,BYD,Atto 2,grey,electric,Rakan Niaga
2026-04-28,jip,BYD,Atto 2,green,electric,Rakan Niaga
2026-04-28,jip,BYD,Atto 2,green,electric,Pulau Pinang
2026-04-28,jip,BYD,Atto 3,black,electric,Rakan Niaga
2026-04-28,jip,BYD,Atto 3,grey,electric,Rakan Niaga
2026-04-28,jip,BYD,Atto 3,white,electric,Sarawak
2026-04-28,jip,BYD,Atto 3,white,electric,Rakan Niaga
2026-04-28,jip,BYD,Atto 3,grey,electric,W.P. Kuala Lumpur
2026-04-28,jip,BYD,Atto 3,black,electric,W.P. Kuala Lumpur
2026-04-28,motokar,BYD,Seal 6,blue,electric,Rakan Niaga
2026-04-28,motokar,BYD,Seal 6,white,electric,Rakan Niaga
2026-04-28,motokar,BYD,Seal 6,yellow,electric,Rakan Niaga
2026-04-28,motokar,BYD,Seal,grey,electric,Rakan Niaga
2026-04-28,jip,BYD,Sealion,grey,electric,Rakan Niaga
2026-04-28,jip,BYD,Sealion,black,electric,Rakan Niaga
2026-04-28,jip,BYD,Sealion,white,electric,Rakan Niaga
2026-04-28,jip,BYD,Sealion,grey,electric,W.P. Kuala Lumpur
2026-04-28,jip,Chery,iCaur 03,black,electric,Rakan Niaga
2026-04-28,jip,Chery,iCaur 03,green,electric,Rakan Niaga
2026-04-28,jip,Chery,iCaur 03,silver,electric,Rakan Niaga
2026-04-28,jip,Chery,iCaur 03,green,electric,Sabah
2026-04-28,jip,Chery,iCaur 03,grey,electric,Rakan Niaga
2026-04-28,jip,Chery,iCaur V23,orange,electric,W.P. Kuala Lumpur
2026-04-28,jip,Chery,iCaur V23,grey,electric,Rakan Niaga
2026-04-28,jip,Chery,iCaur V23,black,electric,Rakan Niaga
2026-04-28,jip,Chery,iCaur V23,silver,electric,Rakan Niaga
2026-04-28,jip,Chery,iCaur V23,orange,electric,Rakan Niaga
2026-04-28,jip,Chery,iCaur V23,green,electric,Rakan Niaga
2026-04-28,jip,Chery,iCaur V23,white,electric,Kelantan
2026-04-28,jip,Chery,iCaur V23,black,electric,Kelantan
2026-04-28,jip,Chery,iCaur V23,black,electric,Sabah
2026-04-28,jip,Chery,iCaur V23,black,electric,W.P. Kuala Lumpur
2026-04-28,jip,Chery,iCaur V23,white,electric,Rakan Niaga
2026-04-28,jip,Chery,iCaur V23,green,electric,Johor
2026-04-28,jip,Chery,iCaur V23,white,electric,Pulau Pinang
2026-04-28,motokar,Dong Feng,Box E3,blue,electric,Rakan Niaga
2026-04-28,motokar,Dong Feng,Box E3,white,electric,Rakan Niaga
2026-04-28,motokar,Dong Feng,Box E3,white,electric,W.P. Kuala Lumpur
2026-04-28,motokar,Dong Feng,Box E3,pink,electric,Pahang
2026-04-28,motokar,Dong Feng,Box E3,pink,electric,Rakan Niaga
2026-04-28,motokar,Dong Feng,Box E3,purple,electric,Rakan Niaga
2026-04-28,jip,GAC Aion,Y Plus Standard,black,electric,Rakan Niaga
2026-04-28,motokar,Great Wall,Ora,black,electric,Rakan Niaga
2026-04-28,motokar,Great Wall,Ora,grey,electric,Rakan Niaga
2026-04-28,motokar,Great Wall,Ora,black,electric,Johor
2026-04-28,motokar,Great Wall,Ora,beige,electric,Rakan Niaga
2026-04-28,motokar,Great Wall,Ora,blue,electric,Rakan Niaga
2026-04-28,jip,Leapmotor,B10,grey,electric,Rakan Niaga
2026-04-28,jip,Leapmotor,B10,blue,electric,Rakan Niaga
2026-04-28,jip,Leapmotor,B10,white,electric,Selangor
2026-04-28,jip,Leapmotor,C10,grey,electric,Rakan Niaga
2026-04-28,motokar,MG,Cyberster,red,electric,Rakan Niaga
2026-04-28,motokar,MG,MG4,black,electric,Rakan Niaga
2026-04-28,jip,Mini,Aceman,grey,electric,Melaka
2026-04-28,jip,Mini,Countryman,green,electric,Rakan Niaga
2026-04-28,jip,Mini,Countryman,green,electric,W.P. Kuala Lumpur
2026-04-28,jip,Mini,John Cooper Works,black,electric,Rakan Niaga
2026-04-28,motokar,Mini,John Cooper Works,grey,electric,Rakan Niaga
2026-04-28,motokar,Neta,V,pink,electric,Rakan Niaga
2026-04-28,motokar,Perodua,QV-E,blue,electric,Rakan Niaga
2026-04-28,motokar,Proton,e.MAS 5,yellow,electric,Rakan Niaga
2026-04-28,motokar,Proton,e.MAS 5,white,electric,Rakan Niaga
2026-04-28,motokar,Proton,e.MAS 5,pink,electric,Rakan Niaga
2026-04-28,motokar,Proton,e.MAS 5,grey,electric,Rakan Niaga
2026-04-28,motokar,Proton,e.MAS 5,pink,electric,Negeri Sembilan
2026-04-28,motokar,Proton,e.MAS 5,yellow,electric,Kedah
2026-04-28,motokar,Proton,e.MAS 5,pink,electric,W.P. Kuala Lumpur
2026-04-28,motokar,Proton,e.MAS 5,grey,electric,Selangor
2026-04-28,motokar,Proton,e.MAS 5,silver,electric,Sarawak
2026-04-28,motokar,Proton,e.MAS 5,pink,electric,Selangor
2026-04-28,motokar,Proton,e.MAS 5,silver,electric,Rakan Niaga
2026-04-28,motokar,Proton,e.MAS 5,white,electric,Perak
2026-04-28,motokar,Proton,e.MAS 5,white,electric,Selangor
2026-04-28,motokar,Proton,e.MAS 5,grey,electric,W.P. Kuala Lumpur
2026-04-28,motokar,Proton,e.MAS 5,white,electric,Sarawak
2026-04-28,jip,Proton,e.MAS 7,silver,electric,Rakan Niaga
2026-04-28,jip,Proton,e.MAS 7,pink,electric,Rakan Niaga
2026-04-28,jip,Proton,e.MAS 7,black,electric,Rakan Niaga
2026-04-28,jip,Proton,e.MAS 7,grey,electric,Rakan Niaga
2026-04-28,jip,Proton,e.MAS 7,green,electric,Rakan Niaga
2026-04-28,jip,Proton,e.MAS 7,white,electric,Rakan Niaga
2026-04-28,jip,Proton,e.MAS 7,silver,electric,Sarawak
2026-04-28,jip,Proton,e.MAS 7,white,electric,Selangor
2026-04-28,jip,Proton,e.MAS 7,pink,electric,Pulau Pinang
2026-04-28,jip,Smart,Brabus,orange,electric,Rakan Niaga
2026-04-28,jip,Smart,Brabus,silver,electric,Rakan Niaga
2026-04-28,jip,Smart,Brabus,red,electric,Rakan Niaga
2026-04-28,motokar,Tesla,Model 3,black,electric,W.P. Kuala Lumpur
2026-04-28,motokar,Tesla,Model 3,grey,electric,Rakan Niaga
2026-04-28,motokar,Tesla,Model 3,white,electric,Johor
2026-04-28,motokar,Tesla,Model 3,red,electric,Rakan Niaga
2026-04-28,motokar,Tesla,Model 3,blue,electric,Rakan Niaga
2026-04-28,motokar,Tesla,Model 3,white,electric,Rakan Niaga
2026-04-28,motokar,Tesla,Model 3,white,electric,Kedah
2026-04-28,motokar,Tesla,Model Y,grey,electric,Rakan Niaga
2026-04-28,motokar,Tesla,Model Y,black,electric,Rakan Niaga
2026-04-28,jip,Toyota,bZ4X,white,electric,Rakan Niaga
2026-04-28,pick_up,Toyota,Hilux,grey,electric,Johor
2026-04-28,motokar,TQ Wuling,Bingo,white,electric,Rakan Niaga
2026-04-28,motokar,TQ Wuling,Bingo,blue,electric,Rakan Niaga
2026-04-28,motokar,TQ Wuling,Bingo,purple,electric,Rakan Niaga
2026-04-28,jip,Volvo,EX30,grey,electric,W.P. Kuala Lumpur
2026-04-28,window_van,Weststar Maxus,MIFA 9,grey,electric,Rakan Niaga
2026-04-28,jip,Xpeng,G6,grey,electric,Rakan Niaga
2026-04-28,jip,Zeekr,7X,white,electric,Rakan Niaga
2026-04-28,jip,Xpeng,G6,purple,electric,Rakan Niaga
2026-04-28,jip,Xpeng,G6,silver,electric,Rakan Niaga
2026-04-28,window_van,Xpeng,X9,white,electric,Johor
2026-04-28,window_van,Xpeng,X9,white,electric,Rakan Niaga
2026-04-28,jip,Xpeng,G6,grey,electric,W.P. Kuala Lumpur
2026-04-28,window_van,Xpeng,X9,black,electric,W.P. Kuala Lumpur
2026-04-28,window_van,Zeekr,009,white,electric,Rakan Niaga
2026-04-28,jip,Zeekr,7X,grey,electric,Perak
2026-04-28,jip,Zeekr,7X,grey,electric,W.P. Kuala Lumpur
2026-04-28,jip,Zeekr,7X,green,electric,Rakan Niaga
2026-04-28,jip,Zeekr,7X,green,electric,Selangor
2026-04-28,jip,Zeekr,7X,blue,electric,Rakan Niaga
2026-04-28,jip,Zeekr,7X,grey,electric,Selangor
2026-04-28,jip,Zeekr,7X,black,electric,W.P. Kuala Lumpur
2026-04-28,jip,Zeekr,7X,black,electric,Rakan Niaga
2026-04-28,jip,Zeekr,X,white,electric,Rakan Niaga
2026-04-28,jip,Zeekr,7X,green,electric,W.P. Kuala Lumpur
2026-04-28,window_van,Xpeng,X9,black,electric,Rakan Niaga
2026-04-29,motokar,BMW,i4,black,electric,Rakan Niaga
2026-04-29,motokar,BMW,i4,white,electric,Rakan Niaga
2026-04-29,motokar,BMW,i4,blue,electric,Rakan Niaga
2026-04-29,motokar,BMW,i5,black,electric,W.P. Kuala Lumpur
2026-04-29,jip,BMW,iX,white,electric,Rakan Niaga
2026-04-29,jip,BMW,iX2,grey,electric,Sabah
2026-04-29,jip,BMW,iX2,black,electric,Selangor
2026-04-29,jip,BYD,Atto 2,grey,electric,Rakan Niaga
2026-04-29,jip,BYD,Atto 2,white,electric,Rakan Niaga
2026-04-29,jip,BYD,Atto 2,green,electric,Rakan Niaga
2026-04-29,jip,BYD,Atto 3,black,electric,Perak
2026-04-29,jip,BYD,Atto 3,grey,electric,Rakan Niaga
2026-04-29,jip,BYD,Atto 3,white,electric,Rakan Niaga
2026-04-29,jip,BYD,Atto 3,black,electric,Rakan Niaga
2026-04-29,jip,BYD,Atto 3,grey,electric,Johor
2026-04-29,jip,BYD,Atto 3,grey,electric,W.P. Kuala Lumpur
2026-04-29,jip,BYD,Atto 3,white,electric,Sabah
2026-04-29,jip,BYD,Atto 3,black,electric,Kedah
2026-04-29,jip,BYD,Atto 3,black,electric,Johor
2026-04-29,motokar,BYD,M6,white,electric,Rakan Niaga
2026-04-29,motokar,BYD,M6,grey,electric,Rakan Niaga
2026-04-29,motokar_pelbagai_utiliti,BYD,M6,black,electric,Johor
2026-04-29,motokar_pelbagai_utiliti,BYD,M6,white,electric,Rakan Niaga
2026-04-29,motokar,BYD,Seal 6,white,electric,Rakan Niaga
2026-04-29,motokar,BYD,Seal 6,blue,electric,Rakan Niaga
2026-04-29,motokar,BYD,Seal 6,white,electric,W.P. Kuala Lumpur
2026-04-29,motokar,BYD,Seal 6,blue,electric,Johor
2026-04-29,jip,BYD,Sealion,grey,electric,Rakan Niaga
2026-04-29,jip,BYD,Sealion,white,electric,Pahang
2026-04-29,jip,BYD,Sealion,white,electric,Kedah
2026-04-29,jip,BYD,Sealion,grey,electric,Perak
2026-04-29,jip,BYD,Sealion,grey,electric,Johor
2026-04-29,jip,BYD,Sealion,grey,electric,Melaka
2026-04-29,jip,BYD,Sealion,white,electric,Selangor
2026-04-29,jip,BYD,Sealion,grey,electric,Pulau Pinang
2026-04-29,jip,BYD,Sealion,white,electric,Sabah
2026-04-29,jip,BYD,Sealion,grey,electric,W.P. Kuala Lumpur
2026-04-29,jip,Chery,iCaur 03,green,electric,Rakan Niaga
2026-04-29,jip,Chery,iCaur 03,grey,electric,Rakan Niaga
2026-04-29,jip,Chery,iCaur 03,green,electric,Johor
2026-04-29,jip,Chery,iCaur 03,white,electric,W.P. Kuala Lumpur
2026-04-29,jip,Chery,iCaur 03,black,electric,Rakan Niaga
2026-04-29,jip,Chery,iCaur 03,white,electric,Rakan Niaga
2026-04-29,jip,Chery,iCaur 03,grey,electric,Johor
2026-04-29,jip,Chery,iCaur 03,grey,electric,W.P. Kuala Lumpur
2026-04-29,jip,Chery,iCaur V23,white,electric,Rakan Niaga
2026-04-29,jip,Chery,iCaur V23,green,electric,Rakan Niaga
2026-04-29,jip,Chery,iCaur V23,orange,electric,Rakan Niaga
2026-04-29,jip,Chery,iCaur V23,grey,electric,Rakan Niaga
2026-04-29,jip,Chery,iCaur V23,silver,electric,Selangor
2026-04-29,jip,Chery,iCaur V23,black,electric,Rakan Niaga
2026-04-29,jip,Chery,iCaur V23,white,electric,Perak
2026-04-29,jip,Chery,iCaur V23,green,electric,Perak
2026-04-29,jip,Chery,iCaur V23,silver,electric,Rakan Niaga
2026-04-29,jip,Chery,iCaur V23,white,electric,Johor
2026-04-29,jip,Chery,iCaur V23,orange,electric,Sabah
2026-04-29,jip,Chery,iCaur V23,green,electric,Sabah
2026-04-29,jip,Chery,iCaur V23,green,electric,Pulau Pinang
2026-04-29,jip,Chery,Omoda 5,black,electric,Rakan Niaga
2026-04-29,jip,Chery,Omoda 5,white,electric,Rakan Niaga
2026-04-29,jip,Chery,Omoda 5,green,electric,Rakan Niaga
2026-04-29,window_van,Denza,D9,white,electric,Rakan Niaga
2026-04-29,window_van,Denza,D9,blue,electric,Rakan Niaga
2026-04-29,window_van,Denza,D9,white,electric,W.P. Kuala Lumpur
2026-04-29,motokar,Dong Feng,Box E3,purple,electric,Rakan Niaga
2026-04-29,motokar,Dong Feng,Box E3,white,electric,Rakan Niaga
2026-04-29,motokar,Great Wall,Ora,black,electric,Sarawak
2026-04-29,motokar,Great Wall,Ora,black,electric,Rakan Niaga
2026-04-29,motokar,Great Wall,Ora,green,electric,Rakan Niaga
2026-04-29,motokar,Great Wall,Ora,beige,electric,Rakan Niaga
2026-04-29,motokar,Great Wall,Ora,blue,electric,Rakan Niaga
2026-04-29,motokar,Great Wall,Ora,blue,electric,Negeri Sembilan
2026-04-29,motokar,Great Wall,Ora,beige,electric,Melaka
2026-04-29,jip,Leapmotor,B10,black,electric,Rakan Niaga
2026-04-29,jip,Leapmotor,B10,blue,electric,Rakan Niaga
2026-04-29,jip,Leapmotor,B10,grey,electric,Rakan Niaga
2026-04-29,jip,Leapmotor,B10,purple,electric,Rakan Niaga
2026-04-29,jip,Leapmotor,B10,grey,electric,W.P. Kuala Lumpur
2026-04-29,jip,Leapmotor,B10,white,electric,Rakan Niaga
2026-04-29,jip,Leapmotor,C10,grey,electric,Rakan Niaga
2026-04-29,jip,Lotus,Eletre,green,electric,W.P. Kuala Lumpur
2026-04-29,motokar,Lotus,Emeya,white,electric,Rakan Niaga
2026-04-29,jip,MG,S5,gold,electric,Rakan Niaga
2026-04-29,jip,MG,S5,silver,electric,Rakan Niaga
2026-04-29,motokar,MG,MG4,orange,electric,Sarawak
2026-04-29,motokar,MG,MG4,silver,electric,W.P. Kuala Lumpur
2026-04-29,motokar,MG,MG4,orange,electric,Rakan Niaga
2026-04-29,motokar,MG,MG4,red,electric,Rakan Niaga
2026-04-29,motokar,MG,MG4,silver,electric,Rakan Niaga
2026-04-29,motokar,MG,MG4,white,electric,Rakan Niaga
2026-04-29,motokar,MG,MG4,blue,electric,Rakan Niaga
2026-04-29,jip,Mini,Aceman,green,electric,Johor
2026-04-29,motokar,Mini,Cooper,green,electric,Rakan Niaga
2026-04-29,motokar,Mini,Cooper,blue,electric,Johor
2026-04-29,motokar,Mini,Cooper,blue,electric,W.P. Kuala Lumpur
2026-04-29,jip,Mini,Countryman,green,electric,Rakan Niaga
2026-04-29,motokar,Mini,John Cooper Works,white,electric,W.P. Kuala Lumpur
2026-04-29,jip,Neta,X,blue,electric,Rakan Niaga
2026-04-29,motokar,Perodua,QV-E,blue,electric,Rakan Niaga
2026-04-29,jip,Porsche,Macan,grey,electric,Rakan Niaga
2026-04-29,jip,Porsche,Macan,green,electric,W.P. Kuala Lumpur
2026-04-29,jip,Porsche,Macan,grey,electric,W.P. Kuala Lumpur
2026-04-29,motokar,Proton,e.MAS 5,white,electric,Rakan Niaga
2026-04-29,motokar,Proton,e.MAS 5,pink,electric,Rakan Niaga
2026-04-29,motokar,Proton,e.MAS 5,pink,electric,Kedah
2026-04-29,motokar,Proton,e.MAS 5,yellow,electric,Rakan Niaga
2026-04-29,motokar,Proton,e.MAS 5,grey,electric,Rakan Niaga
2026-04-29,motokar,Proton,e.MAS 5,pink,electric,W.P. Kuala Lumpur
2026-04-29,motokar,Proton,e.MAS 5,white,electric,W.P. Kuala Lumpur
2026-04-29,motokar,Proton,e.MAS 5,white,electric,Selangor
2026-04-29,motokar,Proton,e.MAS 5,pink,electric,Melaka
2026-04-29,motokar,Proton,e.MAS 5,white,electric,Sarawak
2026-04-29,motokar,Proton,e.MAS 5,white,electric,Johor
2026-04-29,motokar,Proton,e.MAS 5,pink,electric,Johor
2026-04-29,motokar,Proton,e.MAS 5,silver,electric,Rakan Niaga
2026-04-29,motokar,Proton,e.MAS 5,yellow,electric,Johor
2026-04-29,motokar,Proton,e.MAS 5,white,electric,Pulau Pinang
2026-04-29,motokar,Proton,e.MAS 5,pink,electric,Selangor
2026-04-29,motokar,Proton,e.MAS 5,white,electric,Melaka
2026-04-29,motokar,Proton,e.MAS 5,yellow,electric,W.P. Kuala Lumpur
2026-04-29,jip,Proton,e.MAS 7,silver,electric,Rakan Niaga
2026-04-29,jip,Proton,e.MAS 7,white,electric,Rakan Niaga
2026-04-29,jip,Proton,e.MAS 7,pink,electric,Rakan Niaga
2026-04-29,jip,Proton,e.MAS 7,green,electric,Rakan Niaga
2026-04-29,jip,Proton,e.MAS 7,black,electric,Rakan Niaga
2026-04-29,jip,Proton,e.MAS 7,silver,electric,Johor
2026-04-29,jip,Proton,e.MAS 7,green,electric,W.P. Kuala Lumpur
2026-04-29,jip,Proton,e.MAS 7,black,electric,Pulau Pinang
2026-04-29,jip,Proton,e.MAS 7,grey,electric,Rakan Niaga
2026-04-29,jip,Proton,e.MAS 7,white,electric,W.P. Kuala Lumpur
2026-04-29,jip,Proton,e.MAS 7,black,electric,Pahang
2026-04-29,jip,Proton,e.MAS 7,grey,electric,W.P. Kuala Lumpur
2026-04-29,jip,Smart,Brabus,grey,electric,Rakan Niaga
2026-04-29,jip,Smart,Brabus,white,electric,Rakan Niaga
2026-04-29,jip,Smart,Brabus,black,electric,Rakan Niaga
2026-04-29,jip,Smart,Brabus,red,electric,Selangor
2026-04-29,jip,Smart,Brabus,beige,electric,Rakan Niaga
2026-04-29,motokar,Tesla,Model 3,blue,electric,Rakan Niaga
2026-04-29,motokar,Tesla,Model 3,white,electric,Rakan Niaga
2026-04-29,motokar,Tesla,Model 3,white,electric,Johor
2026-04-29,motokar,Tesla,Model 3,grey,electric,Rakan Niaga
2026-04-29,motokar,Tesla,Model 3,grey,electric,W.P. Kuala Lumpur
2026-04-29,motokar,Tesla,Model Y,blue,electric,Rakan Niaga
2026-04-29,jip,Toyota,bZ4X,white,electric,Rakan Niaga
2026-04-29,pick_up,Toyota,Hilux,white,electric,Rakan Niaga
2026-04-29,pick_up,Toyota,Hilux,grey,electric,Rakan Niaga
2026-04-29,motokar,TQ Wuling,Bingo,white,electric,Rakan Niaga
2026-04-29,motokar,TQ Wuling,Bingo,blue,electric,Rakan Niaga
2026-04-29,motokar,TQ Wuling,Bingo,purple,electric,Rakan Niaga
2026-04-29,motokar,Volvo,ES90,grey,electric,Rakan Niaga
2026-04-29,jip,Volvo,EX30,white,electric,Rakan Niaga
2026-04-29,jip,Volvo,EX30,grey,electric,Rakan Niaga
2026-04-29,jip,Volvo,EX90,beige,electric,Rakan Niaga
2026-04-29,jip,Xpeng,G6,white,electric,Rakan Niaga
2026-04-29,jip,Xpeng,G6,black,electric,Rakan Niaga
2026-04-29,jip,Xpeng,G6,grey,electric,Pulau Pinang
2026-04-29,jip,Xpeng,G6,purple,electric,Rakan Niaga
2026-04-29,jip,Xpeng,G6,grey,electric,Rakan Niaga
2026-04-29,window_van,Xpeng,X9,black,electric,Rakan Niaga
2026-04-29,window_van,Xpeng,X9,grey,electric,Rakan Niaga
2026-04-29,window_van,Xpeng,X9,grey,electric,W.P. Kuala Lumpur
2026-04-29,window_van,Zeekr,009,white,electric,Rakan Niaga
2026-04-29,jip,Zeekr,7X,grey,electric,Melaka
2026-04-29,window_van,Zeekr,009,green,electric,W.P. Kuala Lumpur
2026-04-29,window_van,Zeekr,009,white,electric,Selangor
2026-04-29,window_van,Zeekr,009,white,electric,W.P. Kuala Lumpur
2026-04-29,jip,Zeekr,7X,blue,electric,Rakan Niaga
2026-04-29,jip,Zeekr,7X,grey,electric,Rakan Niaga
2026-04-29,jip,Zeekr,7X,grey,electric,W.P. Kuala Lumpur
2026-04-29,jip,Zeekr,7X,white,electric,Selangor
2026-04-29,jip,Zeekr,7X,black,electric,Rakan Niaga
2026-04-29,jip,Zeekr,7X,black,electric,W.P. Kuala Lumpur
2026-04-29,jip,Zeekr,7X,green,electric,Rakan Niaga
2026-04-29,jip,Zeekr,7X,green,electric,Perak
2026-04-29,jip,Zeekr,7X,grey,electric,Johor
2026-04-29,jip,Zeekr,7X,white,electric,Rakan Niaga
2026-04-30,motokar,BMW,i4,white,electric,Rakan Niaga
2026-04-30,motokar,BMW,i4,blue,electric,Rakan Niaga
2026-04-30,motokar,BMW,i4,red,electric,Rakan Niaga
2026-04-30,motokar,BMW,i5,grey,electric,Rakan Niaga
2026-04-30,motokar,BMW,i5,white,electric,W.P. Kuala Lumpur
2026-04-30,jip,BMW,iX,grey,electric,Rakan Niaga
2026-04-30,jip,BMW,iX1,silver,electric,Johor
2026-04-30,jip,BMW,iX2,white,electric,Rakan Niaga
2026-04-30,jip,BYD,Atto 2,green,electric,Rakan Niaga
2026-04-30,jip,BYD,Atto 2,white,electric,Rakan Niaga
2026-04-30,jip,BYD,Atto 2,grey,electric,Rakan Niaga
2026-04-30,jip,BYD,Atto 3,black,electric,Rakan Niaga
2026-04-30,jip,BYD,Atto 3,grey,electric,Rakan Niaga
2026-04-30,jip,BYD,Atto 3,white,electric,Rakan Niaga
2026-04-30,jip,BYD,Atto 3,grey,electric,Johor
2026-04-30,jip,BYD,Atto 3,black,electric,Negeri Sembilan
2026-04-30,jip,BYD,Atto 3,grey,electric,Terengganu
2026-04-30,jip,BYD,Atto 3,black,electric,Sarawak
2026-04-30,motokar_pelbagai_utiliti,BYD,M6,white,electric,Rakan Niaga
2026-04-30,motokar,BYD,M6,grey,electric,Rakan Niaga
2026-04-30,motokar,BYD,M6,black,electric,Rakan Niaga
2026-04-30,motokar_pelbagai_utiliti,BYD,M6,blue,electric,Rakan Niaga
2026-04-30,motokar,BYD,M6,white,electric,Rakan Niaga
2026-04-30,motokar_pelbagai_utiliti,BYD,M6,grey,electric,Pulau Pinang
2026-04-30,motokar_pelbagai_utiliti,BYD,M6,grey,electric,Rakan Niaga
2026-04-30,motokar,BYD,M6,blue,electric,W.P. Kuala Lumpur
2026-04-30,motokar,BYD,Seal 6,blue,electric,Rakan Niaga
2026-04-30,motokar,BYD,Seal 6,white,electric,Rakan Niaga
2026-04-30,motokar,BYD,Seal 6,yellow,electric,Johor
2026-04-30,motokar,BYD,Seal 6,white,electric,W.P. Kuala Lumpur
2026-04-30,motokar,BYD,Seal 6,yellow,electric,Rakan Niaga
2026-04-30,motokar,BYD,Seal,grey,electric,W.P. Kuala Lumpur
2026-04-30,motokar,BYD,Seal,grey,electric,Rakan Niaga
2026-04-30,jip,BYD,Sealion,grey,electric,Perak
2026-04-30,jip,BYD,Sealion,grey,electric,Rakan Niaga
2026-04-30,jip,BYD,Sealion,grey,electric,Pulau Pinang
2026-04-30,jip,BYD,Sealion,grey,electric,W.P. Kuala Lumpur
2026-04-30,jip,BYD,Sealion,black,electric,Pahang
2026-04-30,jip,BYD,Sealion,black,electric,Rakan Niaga
2026-04-30,jip,BYD,Sealion,white,electric,Rakan Niaga
2026-04-30,jip,Chery,iCaur 03,grey,electric,Rakan Niaga
2026-04-30,jip,Chery,iCaur 03,silver,electric,Rakan Niaga
2026-04-30,jip,Chery,iCaur 03,green,electric,Rakan Niaga
2026-04-30,jip,Chery,iCaur 03,silver,electric,Selangor
2026-04-30,jip,Chery,iCaur 03,white,electric,Rakan Niaga
2026-04-30,jip,Chery,iCaur 03,black,electric,Rakan Niaga
2026-04-30,jip,Chery,iCaur V23,white,electric,Johor
2026-04-30,jip,Chery,iCaur V23,grey,electric,Rakan Niaga
2026-04-30,jip,Chery,iCaur V23,black,electric,Rakan Niaga
2026-04-30,jip,Chery,iCaur V23,green,electric,Rakan Niaga
2026-04-30,jip,Chery,iCaur V23,black,electric,Selangor
2026-04-30,jip,Chery,iCaur V23,white,electric,Rakan Niaga
2026-04-30,jip,Chery,iCaur V23,silver,electric,Rakan Niaga
2026-04-30,jip,Chery,iCaur V23,black,electric,W.P. Kuala Lumpur
2026-04-30,jip,Chery,iCaur V23,orange,electric,Rakan Niaga
2026-04-30,jip,Chery,iCaur V23,orange,electric,Terengganu
2026-04-30,jip,Chery,iCaur V23,orange,electric,W.P. Kuala Lumpur
2026-04-30,jip,Chery,iCaur V23,black,electric,Kedah
2026-04-30,jip,Chery,iCaur V23,green,electric,Pahang
2026-04-30,jip,Chery,iCaur V23,green,electric,Pulau Pinang
2026-04-30,jip,Chery,iCaur V23,white,electric,Sabah
2026-04-30,jip,Chery,iCaur V23,white,electric,Pulau Pinang
2026-04-30,jip,Chery,iCaur V23,green,electric,Melaka
2026-04-30,window_van,Denza,D9,black,electric,Rakan Niaga
2026-04-30,window_van,Denza,D9,white,electric,W.P. Kuala Lumpur
2026-04-30,motokar,Dong Feng,Box E3,blue,electric,W.P. Kuala Lumpur
2026-04-30,motokar,Dong Feng,Box E3,purple,electric,Rakan Niaga
2026-04-30,motokar,Dong Feng,Box E3,pink,electric,Rakan Niaga
2026-04-30,motokar,EVEasy,Elight,black,electric,W.P. Kuala Lumpur
2026-04-30,jip,GAC Aion,Y Plus Premium,black,electric,Rakan Niaga
2026-04-30,jip,GAC Aion,Y Plus Standard,grey,electric,Rakan Niaga
2026-04-30,motokar,Great Wall,Ora,grey,electric,Rakan Niaga
2026-04-30,motokar,Great Wall,Ora,black,electric,Rakan Niaga
2026-04-30,motokar,Great Wall,Ora,beige,electric,Rakan Niaga
2026-04-30,motokar,Great Wall,Ora,beige,electric,W.P. Kuala Lumpur
2026-04-30,motokar,Great Wall,Ora,green,electric,Rakan Niaga
2026-04-30,jip,Honda,e:N1,blue,electric,Rakan Niaga
2026-04-30,jip,Honda,e:N1,white,electric,Rakan Niaga
2026-04-30,jip,Honda,e:N1,white,electric,Kelantan
2026-04-30,jip,Leapmotor,B10,grey,electric,W.P. Kuala Lumpur
2026-04-30,jip,Leapmotor,B10,white,electric,Rakan Niaga
2026-04-30,jip,Leapmotor,B10,blue,electric,Selangor
2026-04-30,jip,Leapmotor,B10,grey,electric,Rakan Niaga
2026-04-30,jip,MG,S5,gold,electric,Rakan Niaga
2026-04-30,jip,MG,S5,silver,electric,Rakan Niaga
2026-04-30,motokar,MG,MG4,white,electric,Rakan Niaga
2026-04-30,motokar,MG,MG4,blue,electric,Rakan Niaga
2026-04-30,motokar,MG,MG4,grey,electric,Rakan Niaga
2026-04-30,jip,Mini,Aceman,green,electric,Rakan Niaga
2026-04-30,jip,Mini,Aceman,grey,electric,Rakan Niaga
2026-04-30,jip,Mini,Aceman,white,electric,Rakan Niaga
2026-04-30,jip,Mini,Aceman,blue,electric,Rakan Niaga
2026-04-30,motokar,Mini,Cooper,green,electric,Rakan Niaga
2026-04-30,motokar,Mini,Cooper,yellow,electric,Pulau Pinang
2026-04-30,motokar,Mini,Cooper,grey,electric,Rakan Niaga
2026-04-30,motokar,Mini,Cooper,white,electric,Pahang
2026-04-30,motokar,Mini,Cooper,blue,electric,Rakan Niaga
2026-04-30,jip,Mini,Countryman,grey,electric,Selangor
2026-04-30,jip,Mini,Countryman,grey,electric,Johor
2026-04-30,jip,Mini,John Cooper Works,white,electric,Rakan Niaga
2026-04-30,motokar,Mini,John Cooper Works,grey,electric,Johor
2026-04-30,motokar,Mini,John Cooper Works,grey,electric,W.P. Kuala Lumpur
2026-04-30,motokar,Mini,John Cooper Works,red,electric,Rakan Niaga
2026-04-30,motokar,Mini,John Cooper Works,black,electric,Rakan Niaga
2026-04-30,motokar,Mini,John Cooper Works,red,electric,W.P. Kuala Lumpur
2026-04-30,motokar,Perodua,QV-E,grey,electric,Rakan Niaga
2026-04-30,motokar,Perodua,QV-E,blue,electric,Rakan Niaga
2026-04-30,motokar,Porsche,Taycan,white,electric,W.P. Kuala Lumpur
2026-04-30,motokar,Porsche,Taycan,red,electric,Selangor
2026-04-30,motokar,Proton,e.MAS 5,white,electric,Rakan Niaga
2026-04-30,motokar,Proton,e.MAS 5,yellow,electric,Rakan Niaga
2026-04-30,motokar,Proton,e.MAS 5,silver,electric,Rakan Niaga
2026-04-30,motokar,Proton,e.MAS 5,grey,electric,Selangor
2026-04-30,motokar,Proton,e.MAS 5,pink,electric,Rakan Niaga
2026-04-30,motokar,Proton,e.MAS 5,pink,electric,Selangor
2026-04-30,motokar,Proton,e.MAS 5,white,electric,Johor
2026-04-30,motokar,Proton,e.MAS 5,yellow,electric,Johor
2026-04-30,motokar,Proton,e.MAS 5,grey,electric,Rakan Niaga
2026-04-30,motokar,Proton,e.MAS 5,yellow,electric,W.P. Kuala Lumpur
2026-04-30,motokar,Proton,e.MAS 5,pink,electric,W.P. Kuala Lumpur
2026-04-30,motokar,Proton,e.MAS 5,silver,electric,Sarawak
2026-04-30,motokar,Proton,e.MAS 5,yellow,electric,Perak
2026-04-30,motokar,Proton,e.MAS 5,silver,electric,W.P. Kuala Lumpur
2026-04-30,motokar,Proton,e.MAS 5,yellow,electric,Selangor
2026-04-30,jip,Proton,e.MAS 7,silver,electric,W.P. Kuala Lumpur
2026-04-30,jip,Proton,e.MAS 7,white,electric,Rakan Niaga
2026-04-30,jip,Proton,e.MAS 7,grey,electric,Rakan Niaga
2026-04-30,jip,Proton,e.MAS 7,pink,electric,Rakan Niaga
2026-04-30,jip,Proton,e.MAS 7,green,electric,Rakan Niaga
2026-04-30,jip,Proton,e.MAS 7,black,electric,Rakan Niaga
2026-04-30,jip,Proton,e.MAS 7,silver,electric,Rakan Niaga
2026-04-30,jip,Proton,e.MAS 7,pink,electric,W.P. Kuala Lumpur
2026-04-30,jip,Proton,e.MAS 7,black,electric,Pahang
2026-04-30,jip,Proton,e.MAS 7,pink,electric,Selangor
2026-04-30,jip,Proton,e.MAS 7,grey,electric,Johor
2026-04-30,jip,Proton,e.MAS 7,silver,electric,Pahang
2026-04-30,jip,Proton,e.MAS 7,white,electric,Johor
2026-04-30,jip,Proton,e.MAS 7,black,electric,Selangor
2026-04-30,jip,Proton,e.MAS 7,green,electric,Pulau Pinang
2026-04-30,jip,Proton,e.MAS 7,grey,electric,Selangor
2026-04-30,jip,Proton,e.MAS 7,white,electric,Melaka
2026-04-30,jip,Proton,e.MAS 7,white,electric,W.P. Kuala Lumpur
2026-04-30,jip,Proton,e.MAS 7,pink,electric,Kelantan
2026-04-30,jip,Proton,e.MAS 7,green,electric,Pahang
2026-04-30,jip,Proton,e.MAS 7,pink,electric,Pahang
2026-04-30,jip,Proton,e.MAS 7,green,electric,W.P. Kuala Lumpur
2026-04-30,jip,Smart,Brabus,beige,electric,Rakan Niaga
2026-04-30,motokar,Tesla,Model 3,black,electric,Rakan Niaga
2026-04-30,motokar,Tesla,Model 3,grey,electric,Rakan Niaga
2026-04-30,motokar,Tesla,Model 3,white,electric,W.P. Kuala Lumpur
2026-04-30,motokar,Tesla,Model 3,white,electric,Rakan Niaga
2026-04-30,motokar,Tesla,Model 3,grey,electric,Sarawak
2026-04-30,motokar,Tesla,Model 3,blue,electric,Selangor
2026-04-30,motokar,Tesla,Model Y,black,electric,W.P. Kuala Lumpur
2026-04-30,motokar,Tesla,Model Y,blue,electric,Rakan Niaga
2026-04-30,motokar,Tesla,Model Y,black,electric,Rakan Niaga
2026-04-30,motokar,Tesla,Model Y,blue,electric,Pulau Pinang
2026-04-30,jip,Toyota,bZ4X,black,electric,Selangor
2026-04-30,jip,Toyota,bZ4X,red,electric,Selangor
2026-04-30,jip,Toyota,bZ4X,white,electric,Rakan Niaga
2026-04-30,jip,Toyota,bZ4X,blue,electric,Rakan Niaga
2026-04-30,jip,Toyota,bZ4X,brown,electric,Rakan Niaga
2026-04-30,pick_up,Toyota,Hilux,grey,electric,Selangor
2026-04-30,pick_up,Toyota,Hilux,white,electric,Selangor
2026-04-30,motokar,TQ Wuling,Bingo,blue,electric,Rakan Niaga
2026-04-30,motokar,TQ Wuling,Bingo,white,electric,Rakan Niaga
2026-04-30,motokar,TQ Wuling,Bingo,purple,electric,Rakan Niaga
2026-04-30,motokar,TQ Wuling,Bingo,purple,electric,W.P. Kuala Lumpur
2026-04-30,jip,Volvo,EC40,white,electric,Rakan Niaga
2026-04-30,jip,Volvo,EC40,beige,electric,Rakan Niaga
2026-04-30,jip,Volvo,EC40,black,electric,Rakan Niaga
2026-04-30,jip,Volvo,EC40,silver,electric,Rakan Niaga
2026-04-30,jip,Volvo,EC40,beige,electric,W.P. Kuala Lumpur
2026-04-30,jip,Volvo,EC40,gold,electric,Rakan Niaga
2026-04-30,motokar,Volvo,ES90,white,electric,Rakan Niaga
2026-04-30,motokar,Volvo,ES90,black,electric,Rakan Niaga
2026-04-30,motokar,Volvo,ES90,grey,electric,W.P. Kuala Lumpur
2026-04-30,jip,Volvo,EX30,black,electric,Rakan Niaga
2026-04-30,jip,Volvo,EX90,gold,electric,W.P. Kuala Lumpur
2026-04-30,jip,Volvo,EX90,black,electric,Rakan Niaga
2026-04-30,jip,Volvo,EX90,white,electric,Rakan Niaga
2026-04-30,window_van,Weststar Maxus,MIFA 9,white,electric,Rakan Niaga
2026-04-30,jip,Xpeng,G6,black,electric,Rakan Niaga
2026-04-30,jip,Xpeng,G6,grey,electric,Selangor
2026-04-30,jip,Xpeng,G6,purple,electric,Perak
2026-04-30,jip,Xpeng,G6,grey,electric,Rakan Niaga
2026-04-30,jip,Xpeng,G6,white,electric,Rakan Niaga
2026-04-30,jip,Xpeng,G6,purple,electric,Rakan Niaga
2026-04-30,window_van,Xpeng,X9,white,electric,Johor
2026-04-30,window_van,Zeekr,009,black,electric,W.P. Kuala Lumpur
2026-04-30,window_van,Zeekr,009,white,electric,W.P. Kuala Lumpur
2026-04-30,window_van,Zeekr,009,black,electric,Selangor
2026-04-30,window_van,Zeekr,009,white,electric,Rakan Niaga
2026-04-30,jip,Zeekr,7X,grey,electric,W.P. Kuala Lumpur
2026-04-30,jip,Zeekr,7X,blue,electric,Rakan Niaga
2026-04-30,jip,Zeekr,7X,blue,electric,W.P. Kuala Lumpur
2026-04-30,jip,Zeekr,7X,grey,electric,Rakan Niaga
2026-04-30,jip,Zeekr,7X,green,electric,Rakan Niaga
2026-04-30,jip,Zeekr,7X,grey,electric,Melaka
2026-04-30,jip,Zeekr,7X,white,electric,Rakan Niaga
2026-04-30,jip,Zeekr,7X,black,electric,Rakan Niaga
2026-04-30,jip,Zeekr,7X,grey,electric,Johor
2026-04-30,jip,Zeekr,7X,white,electric,Pulau Pinang
2026-05-01,jip,BYD,Atto 2,white,electric,Rakan Niaga
2026-05-01,jip,BYD,Atto 3,grey,electric,Rakan Niaga
2026-05-01,motokar,MG,MG4,blue,electric,Rakan Niaga
2026-05-01,motokar,Proton,e.MAS 5,white,electric,Rakan Niaga
2026-05-01,motokar,Proton,e.MAS 5,yellow,electric,Rakan Niaga
2026-05-01,motokar,Proton,e.MAS 5,pink,electric,Rakan Niaga
2026-05-01,jip,Proton,e.MAS 7,pink,electric,Rakan Niaga
2026-05-01,jip,Proton,e.MAS 7,green,electric,Rakan Niaga
2026-05-01,jip,Proton,e.MAS 7,silver,electric,Rakan Niaga
2026-05-01,jip,Proton,e.MAS 7,grey,electric,Rakan Niaga
2026-05-01,window_van,Xpeng,X9,silver,electric,Rakan Niaga
2026-05-02,jip,BYD,Atto 2,white,electric,Rakan Niaga
2026-05-02,motokar,BYD,M6,white,electric,Rakan Niaga
2026-05-02,motokar,BYD,Seal 6,white,electric,Rakan Niaga
2026-05-02,jip,BYD,Sealion,white,electric,Rakan Niaga
2026-05-02,jip,BYD,Sealion,black,electric,Rakan Niaga
2026-05-02,motokar,Dong Feng,Box E3,white,electric,Rakan Niaga
2026-05-02,motokar,Dong Feng,Box E3,blue,electric,Rakan Niaga
2026-05-02,motokar,MG,MG4,blue,electric,Rakan Niaga
2026-05-02,jip,Neta,X,white,electric,Rakan Niaga
2026-05-02,motokar,Proton,e.MAS 5,yellow,electric,Rakan Niaga
2026-05-02,motokar,Proton,e.MAS 5,grey,electric,Rakan Niaga
2026-05-02,motokar,Proton,e.MAS 5,pink,electric,Rakan Niaga
2026-05-02,motokar,Proton,e.MAS 5,white,electric,Rakan Niaga
2026-05-02,jip,Proton,e.MAS 7,green,electric,Rakan Niaga
2026-05-02,jip,Proton,e.MAS 7,silver,electric,Rakan Niaga
2026-05-02,jip,Proton,e.MAS 7,pink,electric,Rakan Niaga
2026-05-02,jip,Zeekr,7X,green,electric,Rakan Niaga
2026-05-02,jip,Zeekr,7X,white,electric,Rakan Niaga
2026-05-02,jip,Zeekr,7X,grey,electric,Rakan Niaga
2026-05-03,jip,BYD,Atto 3,grey,electric,Rakan Niaga
2026-05-03,jip,BYD,Sealion,black,electric,Kelantan
2026-05-03,motokar,Great Wall,Ora,blue,electric,Rakan Niaga
2026-05-03,motokar,Proton,e.MAS 5,pink,electric,Rakan Niaga
2026-05-04,motokar,BMW,i5,white,electric,Rakan Niaga
2026-05-04,jip,BYD,Atto 2,white,electric,Rakan Niaga
2026-05-04,jip,BYD,Atto 2,green,electric,Johor
2026-05-04,jip,BYD,Atto 2,green,electric,Rakan Niaga
2026-05-04,jip,BYD,Atto 2,grey,electric,Rakan Niaga
2026-05-04,jip,BYD,Atto 2,white,electric,W.P. Kuala Lumpur
2026-05-04,jip,BYD,Atto 3,grey,electric,Terengganu
2026-05-04,jip,BYD,Atto 3,grey,electric,Rakan Niaga
2026-05-04,jip,BYD,Atto 3,grey,electric,W.P. Kuala Lumpur
2026-05-04,jip,BYD,Atto 3,grey,electric,Selangor
2026-05-04,motokar_pelbagai_utiliti,BYD,M6,grey,electric,Rakan Niaga
2026-05-04,motokar_pelbagai_utiliti,BYD,M6,white,electric,Rakan Niaga
2026-05-04,motokar,BYD,Seal 6,grey,electric,Rakan Niaga
2026-05-04,motokar,BYD,Seal 6,white,electric,Rakan Niaga
2026-05-04,motokar,BYD,Seal 6,blue,electric,Selangor
2026-05-04,motokar,BYD,Seal 6,blue,electric,Rakan Niaga
2026-05-04,motokar,BYD,Seal 6,white,electric,Johor
2026-05-04,motokar,BYD,Seal 6,yellow,electric,Rakan Niaga
2026-05-04,motokar,BYD,Seal,white,electric,Rakan Niaga
2026-05-04,motokar,BYD,Seal,black,electric,Rakan Niaga
2026-05-04,motokar,BYD,Seal,grey,electric,W.P. Kuala Lumpur
2026-05-04,motokar,BYD,Seal,grey,electric,Rakan Niaga
2026-05-04,jip,BYD,Sealion,white,electric,Rakan Niaga
2026-05-04,jip,BYD,Sealion,grey,electric,Rakan Niaga
2026-05-04,jip,BYD,Sealion,black,electric,Rakan Niaga
2026-05-04,jip,Chery,iCaur 03,grey,electric,Rakan Niaga
2026-05-04,jip,Chery,iCaur 03,grey,electric,W.P. Kuala Lumpur
2026-05-04,jip,Chery,iCaur 03,silver,electric,Johor
2026-05-04,jip,Chery,iCaur 03,green,electric,W.P. Kuala Lumpur
2026-05-04,jip,Chery,iCaur 03,grey,electric,Selangor
2026-05-04,jip,Chery,iCaur V23,white,electric,Rakan Niaga
2026-05-04,jip,Chery,iCaur V23,silver,electric,Rakan Niaga
2026-05-04,jip,Chery,iCaur V23,white,electric,W.P. Kuala Lumpur
2026-05-04,jip,Chery,iCaur V23,green,electric,Perak
2026-05-04,jip,Chery,iCaur V23,black,electric,W.P. Kuala Lumpur
2026-05-04,jip,GAC Aion,Y Plus Premium,grey,electric,Rakan Niaga
2026-05-04,jip,Leapmotor,B10,grey,electric,Rakan Niaga
2026-05-04,jip,MG,S5,gold,electric,Rakan Niaga
2026-05-04,motokar,MG,MG4,grey,electric,Rakan Niaga
2026-05-04,jip,Neta,X,grey,electric,Rakan Niaga
2026-05-04,motokar,Proton,e.MAS 5,white,electric,Rakan Niaga
2026-05-04,motokar,Proton,e.MAS 5,silver,electric,Selangor
2026-05-04,motokar,Proton,e.MAS 5,pink,electric,Rakan Niaga
2026-05-04,motokar,Proton,e.MAS 5,yellow,electric,Rakan Niaga
2026-05-04,motokar,Proton,e.MAS 5,grey,electric,Rakan Niaga
2026-05-04,motokar,Proton,e.MAS 5,silver,electric,Rakan Niaga
2026-05-04,jip,Proton,e.MAS 7,white,electric,Sabah
2026-05-04,jip,Proton,e.MAS 7,white,electric,Pulau Pinang
2026-05-04,jip,Proton,e.MAS 7,green,electric,Rakan Niaga
2026-05-04,jip,Proton,e.MAS 7,pink,electric,Rakan Niaga
2026-05-04,jip,Proton,e.MAS 7,silver,electric,Rakan Niaga
2026-05-04,jip,Proton,e.MAS 7,white,electric,Sarawak
2026-05-04,jip,Proton,e.MAS 7,black,electric,Rakan Niaga
2026-05-04,jip,Proton,e.MAS 7,grey,electric,Selangor
2026-05-04,jip,Proton,e.MAS 7,white,electric,Johor
2026-05-04,motokar,Tesla,Model 3,grey,electric,Rakan Niaga
2026-05-04,motokar,Tesla,Model 3,white,electric,W.P. Kuala Lumpur
2026-05-04,motokar,Tesla,Model 3,blue,electric,Rakan Niaga
2026-05-04,motokar,Tesla,Model 3,white,electric,Rakan Niaga
2026-05-04,motokar,Tesla,Model 3,black,electric,Rakan Niaga
2026-05-04,motokar,Tesla,Model 3,grey,electric,Selangor
2026-05-04,motokar,Tesla,Model Y,blue,electric,W.P. Kuala Lumpur
2026-05-04,jip,Toyota,Urban Cruiser,green,electric,Selangor
2026-05-04,jip,Xpeng,G6,purple,electric,Rakan Niaga
2026-05-04,window_van,Xpeng,X9,black,electric,Rakan Niaga
2026-05-04,window_van,Zeekr,009,white,electric,Rakan Niaga
2026-05-04,window_van,Zeekr,009,black,electric,Rakan Niaga
2026-05-04,jip,Zeekr,7X,black,electric,Rakan Niaga
2026-05-04,jip,Zeekr,7X,black,electric,W.P. Kuala Lumpur
2026-05-04,jip,Zeekr,7X,white,electric,Rakan Niaga
2026-05-04,jip,Zeekr,7X,black,electric,Johor
2026-05-04,jip,Zeekr,7X,green,electric,Rakan Niaga
2026-05-05,jip,Zeekr,7X,green,electric,Rakan Niaga
2026-05-05,jip,Zeekr,7X,grey,electric,Selangor
2026-05-05,jip,Zeekr,7X,black,electric,Selangor
2026-05-05,jip,Zeekr,X,white,electric,Rakan Niaga
2026-05-05,jip,BMW,iX,black,electric,Rakan Niaga
2026-05-05,jip,BYD,Atto 2,white,electric,Rakan Niaga
2026-05-05,jip,BYD,Atto 3,grey,electric,Rakan Niaga
2026-05-05,jip,BYD,Atto 3,grey,electric,W.P. Kuala Lumpur
2026-05-05,jip,BYD,Atto 3,black,electric,Rakan Niaga
2026-05-05,jip,BYD,Atto 3,white,electric,Rakan Niaga
2026-05-05,jip,BYD,Atto 3,black,electric,W.P. Kuala Lumpur
2026-05-05,motokar,BYD,Seal 6,white,electric,Rakan Niaga
2026-05-05,motokar,BYD,Seal 6,blue,electric,Rakan Niaga
2026-05-05,motokar,BYD,Seal,grey,electric,Rakan Niaga
2026-05-05,jip,BYD,Sealion,black,electric,Rakan Niaga
2026-05-05,jip,BYD,Sealion,grey,electric,Johor
2026-05-05,jip,BYD,Sealion,grey,electric,Rakan Niaga
2026-05-05,window_van,Cam,EA4,white,electric,Sarawak
2026-05-05,jip,Chery,iCaur 03,grey,electric,Rakan Niaga
2026-05-05,jip,Chery,iCaur V23,green,electric,Rakan Niaga
2026-05-05,jip,Chery,iCaur V23,orange,electric,Rakan Niaga
2026-05-05,jip,Chery,iCaur V23,white,electric,Rakan Niaga
2026-05-05,jip,Chery,iCaur V23,silver,electric,Rakan Niaga
2026-05-05,jip,Chery,iCaur V23,white,electric,W.P. Kuala Lumpur
2026-05-05,jip,Chery,iCaur V23,black,electric,Johor
2026-05-05,jip,Chery,iCaur V23,black,electric,Rakan Niaga
2026-05-05,window_van,Denza,D9,blue,electric,Rakan Niaga
2026-05-05,motokar,Dong Feng,Box E3,purple,electric,Rakan Niaga
2026-05-05,motokar,Great Wall,Ora,beige,electric,Rakan Niaga
2026-05-05,motokar,Great Wall,Ora,blue,electric,Rakan Niaga
2026-05-05,jip,Leapmotor,B10,blue,electric,Rakan Niaga
2026-05-05,jip,Leapmotor,B10,white,electric,Rakan Niaga
2026-05-05,jip,MG,S5,silver,electric,Rakan Niaga
2026-05-05,jip,MG,S5,grey,electric,Rakan Niaga
2026-05-05,jip,MG,S5,gold,electric,Rakan Niaga
2026-05-05,motokar,MG,MG4,green,electric,Rakan Niaga
2026-05-05,jip,Mini,John Cooper Works,white,electric,W.P. Kuala Lumpur
2026-05-05,motokar,Perodua,QV-E,grey,electric,Rakan Niaga
2026-05-05,motokar,Porsche,Taycan,black,electric,Selangor
2026-05-05,motokar,Proton,e.MAS 5,white,electric,Rakan Niaga
2026-05-05,motokar,Proton,e.MAS 5,pink,electric,Rakan Niaga
2026-05-05,motokar,Proton,e.MAS 5,yellow,electric,Selangor
2026-05-05,motokar,Proton,e.MAS 5,yellow,electric,Rakan Niaga
2026-05-05,motokar,Proton,e.MAS 5,yellow,electric,W.P. Kuala Lumpur
2026-05-05,motokar,Proton,e.MAS 5,silver,electric,Rakan Niaga
2026-05-05,motokar,Proton,e.MAS 5,pink,electric,Melaka
2026-05-05,jip,Proton,e.MAS 7,silver,electric,Rakan Niaga
2026-05-05,jip,Proton,e.MAS 7,white,electric,Rakan Niaga
2026-05-05,jip,Proton,e.MAS 7,white,electric,W.P. Kuala Lumpur
2026-05-05,jip,Proton,e.MAS 7,white,electric,Kelantan
2026-05-05,jip,Proton,e.MAS 7,white,electric,Johor
2026-05-05,jip,Proton,e.MAS 7,pink,electric,Kelantan
2026-05-05,jip,Proton,e.MAS 7,black,electric,Selangor
2026-05-05,jip,Proton,e.MAS 7,black,electric,Rakan Niaga
2026-05-05,jip,Proton,e.MAS 7,pink,electric,Rakan Niaga
2026-05-05,motokar,Tesla,Model 3,blue,electric,W.P. Kuala Lumpur
2026-05-05,motokar,Tesla,Model 3,grey,electric,Johor
2026-05-05,motokar,Tesla,Model 3,grey,electric,Melaka
2026-05-05,motokar,Tesla,Model 3,grey,electric,Rakan Niaga
2026-05-05,motokar,Tesla,Model 3,white,electric,Rakan Niaga
2026-05-05,window_van,Weststar Maxus,MIFA 9,blue,electric,Kedah
2026-05-05,jip,Xpeng,G6,white,electric,Rakan Niaga
2026-05-05,jip,Xpeng,G6,grey,electric,Rakan Niaga
2026-05-05,jip,Xpeng,G6,purple,electric,Rakan Niaga
2026-05-05,window_van,Xpeng,X9,silver,electric,Rakan Niaga
2026-05-06,jip,BYD,Atto 2,grey,electric,Rakan Niaga
2026-05-06,jip,BYD,Atto 2,green,electric,Rakan Niaga
2026-05-06,jip,BYD,Atto 2,white,electric,Rakan Niaga
2026-05-06,jip,BYD,Atto 3,black,electric,Rakan Niaga
2026-05-06,jip,BYD,Atto 3,grey,electric,Rakan Niaga
2026-05-06,jip,BYD,Atto 3,white,electric,Rakan Niaga
2026-05-06,motokar_pelbagai_utiliti,BYD,M6,grey,electric,Rakan Niaga
2026-05-06,motokar_pelbagai_utiliti,BYD,M6,blue,electric,Rakan Niaga
2026-05-06,motokar,BYD,M6,white,electric,W.P. Kuala Lumpur
2026-05-06,motokar,BYD,Seal 6,grey,electric,Rakan Niaga
2026-05-06,motokar,BYD,Seal 6,white,electric,Pahang
2026-05-06,motokar,BYD,Seal 6,white,electric,Rakan Niaga
2026-05-06,motokar,BYD,Seal 6,blue,electric,Rakan Niaga
2026-05-06,motokar,BYD,Seal 6,yellow,electric,Rakan Niaga
2026-05-06,motokar,BYD,Seal 6,blue,electric,Johor
2026-05-06,motokar,BYD,Seal,grey,electric,Rakan Niaga
2026-05-06,motokar,BYD,Seal,white,electric,Rakan Niaga
2026-05-06,motokar,BYD,Seal,black,electric,Rakan Niaga
2026-05-06,jip,BYD,Sealion,grey,electric,Rakan Niaga
2026-05-06,jip,BYD,Sealion,white,electric,Rakan Niaga
2026-05-06,jip,BYD,Sealion,black,electric,W.P. Kuala Lumpur
2026-05-06,jip,BYD,Sealion,black,electric,Rakan Niaga
2026-05-06,jip,BYD,Sealion,grey,electric,Selangor
2026-05-06,jip,BYD,Sealion,white,electric,Melaka
2026-05-06,jip,Chery,iCaur 03,silver,electric,Rakan Niaga
2026-05-06,jip,Chery,iCaur 03,grey,electric,Rakan Niaga
2026-05-06,jip,Chery,iCaur V23,black,electric,Rakan Niaga
2026-05-06,jip,Chery,iCaur V23,white,electric,Rakan Niaga
2026-05-06,jip,Chery,iCaur V23,orange,electric,Rakan Niaga
2026-05-06,jip,Chery,iCaur V23,grey,electric,Rakan Niaga
2026-05-06,jip,Chery,iCaur V23,silver,electric,Rakan Niaga
2026-05-06,jip,Chery,iCaur V23,green,electric,Selangor
2026-05-06,jip,Chery,iCaur V23,green,electric,Rakan Niaga
2026-05-06,jip,Chery,iCaur V23,grey,electric,W.P. Kuala Lumpur
2026-05-06,window_van,Denza,D9,blue,electric,Rakan Niaga
2026-05-06,motokar,Dong Feng,Box E3,blue,electric,W.P. Kuala Lumpur
2026-05-06,motokar,Dong Feng,Box E3,purple,electric,Rakan Niaga
2026-05-06,jip,Honda,e:N1,grey,electric,Rakan Niaga
2026-05-06,jip,Leapmotor,B10,white,electric,Rakan Niaga
2026-05-06,jip,Leapmotor,B10,blue,electric,Rakan Niaga
2026-05-06,jip,Leapmotor,B10,black,electric,Rakan Niaga
2026-05-06,jip,Leapmotor,C10,white,electric,Rakan Niaga
2026-05-06,jip,MG,S5,gold,electric,Rakan Niaga
2026-05-06,jip,MG,S5,grey,electric,Rakan Niaga
2026-05-06,jip,Mini,Aceman,green,electric,Sabah
2026-05-06,motokar,Neta,V,green,electric,Rakan Niaga
2026-05-06,motokar,Neta,V,white,electric,Rakan Niaga
2026-05-06,motokar,Perodua,QV-E,blue,electric,Rakan Niaga
2026-05-06,motokar,Proton,e.MAS 5,pink,electric,Rakan Niaga
2026-05-06,motokar,Proton,e.MAS 5,silver,electric,W.P. Kuala Lumpur
2026-05-06,motokar,Proton,e.MAS 5,white,electric,Rakan Niaga
2026-05-06,motokar,Proton,e.MAS 5,yellow,electric,Rakan Niaga
2026-05-06,motokar,Proton,e.MAS 5,grey,electric,Rakan Niaga
2026-05-06,motokar,Proton,e.MAS 5,silver,electric,Rakan Niaga
2026-05-06,motokar,Proton,e.MAS 5,grey,electric,Melaka
2026-05-06,jip,Proton,e.MAS 7,silver,electric,Rakan Niaga
2026-05-06,jip,Proton,e.MAS 7,pink,electric,Rakan Niaga
2026-05-06,jip,Proton,e.MAS 7,grey,electric,Rakan Niaga
2026-05-06,jip,Proton,e.MAS 7,silver,electric,Pahang
2026-05-06,jip,Proton,e.MAS 7,green,electric,Rakan Niaga
2026-05-06,jip,Proton,e.MAS 7,white,electric,Rakan Niaga
2026-05-06,jip,Proton,e.MAS 7,black,electric,Rakan Niaga
2026-05-06,jip,Proton,e.MAS 7,silver,electric,Selangor
2026-05-06,jip,Smart,Brabus,beige,electric,Rakan Niaga
2026-05-06,motokar,Tesla,Model 3,white,electric,Selangor
2026-05-06,motokar,Tesla,Model 3,grey,electric,Rakan Niaga
2026-05-06,motokar,Tesla,Model 3,white,electric,Rakan Niaga
2026-05-06,jip,Xpeng,G6,black,electric,Rakan Niaga
2026-05-06,jip,Xpeng,G6,silver,electric,Selangor
2026-05-06,jip,Xpeng,G6,black,electric,Sarawak
2026-05-06,jip,Xpeng,G6,silver,electric,Rakan Niaga
2026-05-06,window_van,Xpeng,X9,white,electric,Rakan Niaga
2026-05-06,window_van,Zeekr,009,black,electric,W.P. Kuala Lumpur
2026-05-06,jip,Zeekr,7X,black,electric,W.P. Kuala Lumpur
2026-05-06,jip,Zeekr,7X,white,electric,W.P. Kuala Lumpur
2026-05-06,jip,Zeekr,7X,black,electric,Pulau Pinang
2026-05-06,jip,Zeekr,7X,blue,electric,W.P. Kuala Lumpur
2026-05-06,jip,Zeekr,7X,black,electric,Rakan Niaga
2026-05-06,jip,Zeekr,7X,grey,electric,Selangor
2026-05-06,jip,Zeekr,7X,grey,electric,Rakan Niaga
2026-05-07,motokar,BMW,i5,blue,electric,Rakan Niaga
2026-05-07,jip,BMW,iX,beige,electric,W.P. Kuala Lumpur
2026-05-07,jip,BYD,Atto 2,green,electric,Rakan Niaga
2026-05-07,jip,BYD,Atto 2,grey,electric,Rakan Niaga
2026-05-07,jip,BYD,Atto 2,white,electric,Rakan Niaga
2026-05-07,jip,BYD,Atto 3,grey,electric,Rakan Niaga
2026-05-07,jip,BYD,Atto 3,black,electric,Rakan Niaga
2026-05-07,motokar_pelbagai_utiliti,BYD,M6,grey,electric,Pahang
2026-05-07,motokar_pelbagai_utiliti,BYD,M6,white,electric,Rakan Niaga
2026-05-07,motokar_pelbagai_utiliti,BYD,M6,grey,electric,Rakan Niaga
2026-05-07,motokar,BYD,Seal 6,white,electric,Rakan Niaga
2026-05-07,motokar,BYD,Seal 6,green,electric,Rakan Niaga
2026-05-07,motokar,BYD,Seal 6,blue,electric,Rakan Niaga
2026-05-07,motokar,BYD,Seal 6,blue,electric,Sarawak
2026-05-07,motokar,BYD,Seal 6,white,electric,Pahang
2026-05-07,motokar,BYD,Seal 6,grey,electric,Rakan Niaga
2026-05-07,jip,BYD,Sealion,grey,electric,Rakan Niaga
2026-05-07,jip,BYD,Sealion,white,electric,Rakan Niaga
2026-05-07,jip,BYD,Sealion,black,electric,Rakan Niaga
2026-05-07,jip,Chery,iCaur 03,silver,electric,Rakan Niaga
2026-05-07,jip,Chery,iCaur V23,white,electric,Rakan Niaga
2026-05-07,jip,Chery,iCaur V23,black,electric,Pahang
2026-05-07,jip,Chery,iCaur V23,silver,electric,Rakan Niaga
2026-05-07,jip,Chery,iCaur V23,orange,electric,Rakan Niaga
2026-05-07,jip,Chery,iCaur V23,silver,electric,W.P. Kuala Lumpur
2026-05-07,jip,Chery,iCaur V23,black,electric,W.P. Kuala Lumpur
2026-05-07,jip,Chery,iCaur V23,grey,electric,Rakan Niaga
2026-05-07,jip,Chery,iCaur V23,white,electric,Johor
2026-05-07,jip,Chery,iCaur V23,black,electric,Rakan Niaga
2026-05-07,jip,Chery,iCaur V23,white,electric,Perak
2026-05-07,jip,Chery,iCaur V23,grey,electric,Selangor
2026-05-07,jip,Chery,iCaur V23,orange,electric,Pulau Pinang
2026-05-07,window_van,Denza,D9,white,electric,Rakan Niaga
2026-05-07,window_van,Denza,D9,black,electric,Rakan Niaga
2026-05-07,motokar,Great Wall,Ora,black,electric,Rakan Niaga
2026-05-07,motokar,Great Wall,Ora,grey,electric,Rakan Niaga
2026-05-07,jip,Leapmotor,B10,purple,electric,Johor
2026-05-07,jip,Leapmotor,B10,white,electric,Rakan Niaga
2026-05-07,jip,Leapmotor,B10,black,electric,Rakan Niaga
2026-05-07,jip,Leapmotor,B10,purple,electric,Rakan Niaga
2026-05-07,jip,Leapmotor,C10,grey,electric,Rakan Niaga
2026-05-07,jip,Leapmotor,C10,green,electric,Rakan Niaga
2026-05-07,jip,Leapmotor,C10,green,electric,W.P. Kuala Lumpur
2026-05-07,jip,Lotus,Eletre,black,electric,Sabah
2026-05-07,jip,MG,S5,gold,electric,Rakan Niaga
2026-05-07,jip,MG,S5,gold,electric,Perak
2026-05-07,motokar,MG,MG4,silver,electric,Rakan Niaga
2026-05-07,motokar,Neta,V,white,electric,Pahang
2026-05-07,jip,Porsche,Macan,grey,electric,Rakan Niaga
2026-05-07,motokar,Proton,e.MAS 5,grey,electric,Rakan Niaga
2026-05-07,motokar,Proton,e.MAS 5,pink,electric,Rakan Niaga
2026-05-07,motokar,Proton,e.MAS 5,white,electric,Rakan Niaga
2026-05-07,motokar,Proton,e.MAS 5,yellow,electric,Rakan Niaga
2026-05-07,jip,Proton,e.MAS 7,grey,electric,Rakan Niaga
2026-05-07,jip,Proton,e.MAS 7,white,electric,Rakan Niaga
2026-05-07,jip,Proton,e.MAS 7,pink,electric,Selangor
2026-05-07,jip,Proton,e.MAS 7,pink,electric,Rakan Niaga
2026-05-07,jip,Proton,e.MAS 7,pink,electric,Pahang
2026-05-07,jip,Proton,e.MAS 7,silver,electric,Rakan Niaga
2026-05-07,jip,Proton,e.MAS 7,black,electric,Rakan Niaga
2026-05-07,motokar,Tesla,Model 3,grey,electric,Rakan Niaga
2026-05-07,motokar,Tesla,Model 3,white,electric,Rakan Niaga
2026-05-07,motokar,TQ Wuling,Bingo,blue,electric,Rakan Niaga
2026-05-07,motokar,Volvo,ES90,grey,electric,W.P. Kuala Lumpur
2026-05-07,jip,Xpeng,G6,silver,electric,W.P. Kuala Lumpur
2026-05-07,jip,Xpeng,G6,black,electric,Rakan Niaga
2026-05-07,jip,Xpeng,G6,grey,electric,Rakan Niaga
2026-05-07,jip,Xpeng,G6,white,electric,Rakan Niaga
2026-05-07,window_van,Zeekr,009,white,electric,Rakan Niaga
2026-05-07,window_van,Zeekr,009,white,electric,W.P. Kuala Lumpur
2026-05-07,jip,Zeekr,7X,blue,electric,W.P. Kuala Lumpur
2026-05-07,jip,Zeekr,7X,white,electric,Rakan Niaga
2026-05-07,jip,Zeekr,7X,green,electric,W.P. Kuala Lumpur
2026-05-07,jip,Zeekr,7X,grey,electric,Rakan Niaga
2026-05-07,jip,Zeekr,7X,black,electric,W.P. Kuala Lumpur
2026-05-07,jip,Zeekr,7X,grey,electric,W.P. Kuala Lumpur
2026-05-07,jip,Zeekr,7X,black,electric,Rakan Niaga
2026-05-08,jip,BYD,Atto 2,white,electric,Rakan Niaga
2026-05-08,jip,BYD,Atto 2,grey,electric,Rakan Niaga
2026-05-08,jip,BYD,Atto 2,grey,electric,Sarawak
2026-05-08,jip,BYD,Atto 2,green,electric,Rakan Niaga
2026-05-08,jip,BYD,Atto 3,grey,electric,Rakan Niaga
2026-05-08,jip,BYD,Atto 3,white,electric,Rakan Niaga
2026-05-08,jip,BYD,Atto 3,black,electric,Rakan Niaga
2026-05-08,jip,BYD,Atto 3,grey,electric,W.P. Kuala Lumpur
2026-05-08,jip,BYD,Atto 3,grey,electric,Pahang
2026-05-08,motokar_pelbagai_utiliti,BYD,M6,grey,electric,Pahang
2026-05-08,motokar,BYD,M6,white,electric,Johor
2026-05-08,motokar,BYD,M6,grey,electric,Rakan Niaga
2026-05-08,motokar_pelbagai_utiliti,BYD,M6,grey,electric,Rakan Niaga
2026-05-08,motokar,BYD,Seal 6,blue,electric,Rakan Niaga
2026-05-08,motokar,BYD,Seal 6,white,electric,Rakan Niaga
2026-05-08,motokar,BYD,Seal 6,grey,electric,Rakan Niaga
2026-05-08,jip,BYD,Sealion,grey,electric,Rakan Niaga
2026-05-08,jip,Chery,iCaur 03,white,electric,Rakan Niaga
2026-05-08,jip,Chery,iCaur 03,green,electric,Rakan Niaga
2026-05-08,jip,Chery,iCaur 03,black,electric,Negeri Sembilan
2026-05-08,jip,Chery,iCaur V23,green,electric,Rakan Niaga
2026-05-08,jip,Chery,iCaur V23,black,electric,W.P. Kuala Lumpur
2026-05-08,jip,Chery,iCaur V23,black,electric,Rakan Niaga
2026-05-08,jip,Chery,iCaur V23,green,electric,Selangor
2026-05-08,jip,Chery,iCaur V23,white,electric,Pulau Pinang
2026-05-08,jip,Chery,iCaur V23,black,electric,Selangor
2026-05-08,jip,Chery,iCaur V23,orange,electric,Rakan Niaga
2026-05-08,jip,Chery,iCaur V23,white,electric,W.P. Kuala Lumpur
2026-05-08,window_van,Denza,D9,black,electric,Rakan Niaga
2026-05-08,motokar,Dong Feng,Box E3,purple,electric,Pahang
2026-05-08,motokar,Dong Feng,Box E3,blue,electric,Pahang
2026-05-08,jip,GAC Aion,Y Plus Standard,grey,electric,Rakan Niaga
2026-05-08,motokar,Great Wall,Ora,beige,electric,Rakan Niaga
2026-05-08,jip,Leapmotor,B10,blue,electric,Rakan Niaga
2026-05-08,jip,Leapmotor,B10,white,electric,Rakan Niaga
2026-05-08,jip,Leapmotor,B10,black,electric,Rakan Niaga
2026-05-08,jip,Leapmotor,B10,purple,electric,Rakan Niaga
2026-05-08,jip,Leapmotor,C10,green,electric,Rakan Niaga
2026-05-08,jip,Leapmotor,C10,grey,electric,Rakan Niaga
2026-05-08,jip,Leapmotor,C10,white,electric,Rakan Niaga
2026-05-08,jip,MG,S5,gold,electric,Rakan Niaga
2026-05-08,jip,MG,S5,beige,electric,Rakan Niaga
2026-05-08,jip,MG,S5,beige,electric,W.P. Kuala Lumpur
2026-05-08,jip,MG,S5,silver,electric,Rakan Niaga
2026-05-08,motokar,MG,MG4,white,electric,Rakan Niaga
2026-05-08,motokar,Mini,Cooper,green,electric,Rakan Niaga
2026-05-08,jip,Porsche,Macan,grey,electric,W.P. Kuala Lumpur
2026-05-08,motokar,Proton,e.MAS 5,white,electric,Rakan Niaga
2026-05-08,motokar,Proton,e.MAS 5,grey,electric,Rakan Niaga
2026-05-08,motokar,Proton,e.MAS 5,pink,electric,Rakan Niaga
2026-05-08,motokar,Proton,e.MAS 5,yellow,electric,Rakan Niaga
2026-05-08,motokar,Proton,e.MAS 5,grey,electric,Sarawak
2026-05-08,jip,Proton,e.MAS 7,grey,electric,Sabah
2026-05-08,jip,Proton,e.MAS 7,silver,electric,Rakan Niaga
2026-05-08,jip,Proton,e.MAS 7,black,electric,Rakan Niaga
2026-05-08,jip,Proton,e.MAS 7,pink,electric,Rakan Niaga
2026-05-08,jip,Proton,e.MAS 7,green,electric,Rakan Niaga
2026-05-08,jip,Proton,e.MAS 7,black,electric,Pulau Pinang
2026-05-08,jip,Proton,e.MAS 7,pink,electric,W.P. Kuala Lumpur
2026-05-08,jip,Proton,e.MAS 7,pink,electric,Perak
2026-05-08,motokar,TQ Wuling,Bingo,purple,electric,Rakan Niaga
2026-05-08,motokar,TQ Wuling,Bingo,white,electric,Rakan Niaga
2026-05-08,motokar,TQ Wuling,Bingo,blue,electric,Rakan Niaga
2026-05-08,jip,Volvo,EX30,blue,electric,Sarawak
2026-05-08,jip,Xpeng,G6,black,electric,Rakan Niaga
2026-05-08,jip,Xpeng,G6,white,electric,W.P. Kuala Lumpur
2026-05-08,jip,Xpeng,G6,purple,electric,Negeri Sembilan
2026-05-08,jip,Xpeng,G6,purple,electric,Rakan Niaga
2026-05-08,jip,Xpeng,G6,grey,electric,Rakan Niaga
2026-05-08,jip,Xpeng,G6,silver,electric,Rakan Niaga
2026-05-08,window_van,Xpeng,X9,silver,electric,Selangor
2026-05-08,window_van,Zeekr,009,white,electric,Rakan Niaga
2026-05-08,window_van,Zeekr,009,black,electric,W.P. Kuala Lumpur
2026-05-08,window_van,Zeekr,009,black,electric,Rakan Niaga
2026-05-08,jip,Zeekr,7X,white,electric,Rakan Niaga
2026-05-08,jip,Zeekr,7X,black,electric,W.P. Kuala Lumpur
2026-05-08,jip,Zeekr,7X,grey,electric,Rakan Niaga
2026-05-08,jip,Zeekr,7X,white,electric,Johor
2026-05-08,jip,Zeekr,7X,green,electric,Rakan Niaga
2026-05-08,jip,Zeekr,7X,blue,electric,Rakan Niaga
2026-05-08,jip,Zeekr,7X,grey,electric,W.P. Kuala Lumpur
2026-05-08,jip,Zeekr,7X,grey,electric,Selangor
2026-05-08,jip,Zeekr,7X,black,electric,Pahang
2026-05-09,jip,BYD,Atto 2,grey,electric,Rakan Niaga
2026-05-09,jip,BYD,Atto 3,grey,electric,Rakan Niaga
2026-05-09,jip,Chery,iCaur 03,grey,electric,Rakan Niaga
2026-05-09,jip,Chery,iCaur 03,white,electric,Rakan Niaga
2026-05-09,jip,Chery,iCaur V23,black,electric,Rakan Niaga
2026-05-09,jip,Chery,iCaur V23,grey,electric,Rakan Niaga
2026-05-09,jip,Chery,iCaur V23,silver,electric,Rakan Niaga
2026-05-09,jip,Chery,iCaur V23,orange,electric,Rakan Niaga
2026-05-09,motokar,Dong Feng,Box E3,white,electric,Rakan Niaga
2026-05-09,jip,GAC Aion,Y Plus Standard,grey,electric,Rakan Niaga
2026-05-09,jip,MG,S5,gold,electric,Rakan Niaga
2026-05-09,motokar,Perodua,QV-E,blue,electric,Rakan Niaga
2026-05-09,motokar,Proton,e.MAS 5,white,electric,Rakan Niaga
2026-05-09,motokar,Proton,e.MAS 5,yellow,electric,Rakan Niaga
2026-05-09,motokar,Proton,e.MAS 5,pink,electric,Rakan Niaga
2026-05-09,jip,Proton,e.MAS 7,silver,electric,Rakan Niaga
2026-05-09,jip,Zeekr,7X,black,electric,Rakan Niaga
2026-05-09,jip,Zeekr,7X,grey,electric,Rakan Niaga
2026-05-09,jip,Zeekr,7X,green,electric,Rakan Niaga
2026-05-10,jip,BYD,Atto 3,black,electric,Rakan Niaga
2026-05-10,motokar_pelbagai_utiliti,BYD,M6,grey,electric,Kedah
2026-05-10,jip,BYD,Sealion,white,electric,Kelantan
2026-05-10,jip,Chery,iCaur V23,grey,electric,Rakan Niaga
2026-05-10,motokar,Dong Feng,Box E3,purple,electric,Terengganu
2026-05-10,motokar,Dong Feng,Box E3,purple,electric,Rakan Niaga
2026-05-10,jip,Honda,e:N1,grey,electric,Kelantan
2026-05-10,jip,MG,S5,beige,electric,Rakan Niaga
2026-05-10,jip,Smart,Brabus,beige,electric,Rakan Niaga
2026-05-11,motokar,BMW,i4,white,electric,Rakan Niaga
2026-05-11,jip,BYD,Atto 2,white,electric,Rakan Niaga
2026-05-11,jip,BYD,Atto 2,grey,electric,Melaka
2026-05-11,jip,BYD,Atto 2,grey,electric,Rakan Niaga
2026-05-11,jip,BYD,Atto 2,green,electric,Rakan Niaga
2026-05-11,jip,BYD,Atto 2,grey,electric,W.P. Kuala Lumpur
2026-05-11,jip,BYD,Atto 3,white,electric,Rakan Niaga
2026-05-11,jip,BYD,Atto 3,black,electric,Rakan Niaga
2026-05-11,motokar,BYD,Seal 6,white,electric,Rakan Niaga
2026-05-11,motokar,BYD,Seal 6,blue,electric,Rakan Niaga
2026-05-11,motokar,BYD,Seal,black,electric,W.P. Kuala Lumpur
2026-05-11,jip,BYD,Sealion,grey,electric,Johor
2026-05-11,jip,BYD,Sealion,white,electric,Rakan Niaga
2026-05-11,jip,BYD,Sealion,grey,electric,Pulau Pinang
2026-05-11,jip,BYD,Sealion,grey,electric,Rakan Niaga
2026-05-11,jip,Chery,iCaur 03,silver,electric,W.P. Kuala Lumpur
2026-05-11,jip,Chery,iCaur 03,black,electric,Melaka
2026-05-11,jip,Chery,iCaur 03,black,electric,Rakan Niaga
2026-05-11,jip,Chery,iCaur 03,green,electric,Rakan Niaga
2026-05-11,jip,Chery,iCaur 03,white,electric,Rakan Niaga
2026-05-11,jip,Chery,iCaur 03,grey,electric,Rakan Niaga
2026-05-11,jip,Chery,iCaur 03,grey,electric,W.P. Kuala Lumpur
2026-05-11,jip,Chery,iCaur V23,black,electric,W.P. Kuala Lumpur
2026-05-11,jip,Chery,iCaur V23,orange,electric,Rakan Niaga
2026-05-11,jip,Chery,iCaur V23,black,electric,Rakan Niaga
2026-05-11,jip,Chery,iCaur V23,grey,electric,Rakan Niaga
2026-05-11,jip,Chery,Omoda 5,white,electric,Rakan Niaga
2026-05-11,window_van,Denza,D9,white,electric,Rakan Niaga
2026-05-11,window_van,Denza,D9,blue,electric,W.P. Kuala Lumpur
2026-05-11,motokar,Dong Feng,Box E3,white,electric,Rakan Niaga
2026-05-11,motokar,Dong Feng,Box E3,purple,electric,Rakan Niaga
2026-05-11,jip,Leapmotor,B10,grey,electric,W.P. Kuala Lumpur
2026-05-11,jip,Leapmotor,B10,grey,electric,Selangor
2026-05-11,jip,Leapmotor,B10,white,electric,Rakan Niaga
2026-05-11,jip,Leapmotor,C10,grey,electric,Rakan Niaga
2026-05-11,jip,Leapmotor,C10,white,electric,Rakan Niaga
2026-05-11,jip,MG,S5,gold,electric,Negeri Sembilan
2026-05-11,motokar,MG,MG4,orange,electric,Rakan Niaga
2026-05-11,motokar,Mini,Cooper,yellow,electric,Perak
2026-05-11,motokar,Perodua,QV-E,grey,electric,Rakan Niaga
2026-05-11,motokar,Proton,e.MAS 5,white,electric,Rakan Niaga
2026-05-11,motokar,Proton,e.MAS 5,yellow,electric,Rakan Niaga
2026-05-11,motokar,Proton,e.MAS 5,pink,electric,Rakan Niaga
2026-05-11,jip,Proton,e.MAS 7,pink,electric,Perlis
2026-05-11,jip,Proton,e.MAS 7,grey,electric,Rakan Niaga
2026-05-11,jip,Proton,e.MAS 7,black,electric,Rakan Niaga
2026-05-11,jip,Proton,e.MAS 7,green,electric,Rakan Niaga
2026-05-11,jip,Proton,e.MAS 7,pink,electric,Selangor
2026-05-11,jip,Proton,e.MAS 7,silver,electric,Rakan Niaga
2026-05-11,jip,Proton,e.MAS 7,white,electric,Rakan Niaga
2026-05-11,jip,Proton,e.MAS 7,silver,electric,W.P. Kuala Lumpur
2026-05-11,jip,Proton,e.MAS 7,pink,electric,Rakan Niaga
2026-05-11,motokar,Tesla,Model 3,grey,electric,Rakan Niaga
2026-05-11,motokar,Tesla,Model 3,grey,electric,Johor
2026-05-11,motokar,Tesla,Model 3,white,electric,W.P. Kuala Lumpur
2026-05-11,motokar,Tesla,Model Y,grey,electric,W.P. Kuala Lumpur
2026-05-11,jip,Toyota,bZ4X,silver,electric,Rakan Niaga
2026-05-11,jip,Volvo,EC40,beige,electric,Pulau Pinang
2026-05-11,jip,Volvo,EX30,grey,electric,Rakan Niaga
2026-05-11,jip,Xpeng,G6,black,electric,W.P. Kuala Lumpur
2026-05-11,jip,Xpeng,G6,grey,electric,Rakan Niaga
2026-05-11,jip,Xpeng,G6,silver,electric,Rakan Niaga
2026-05-11,jip,Xpeng,G6,white,electric,Rakan Niaga
2026-05-11,window_van,Xpeng,X9,white,electric,W.P. Kuala Lumpur
2026-05-11,window_van,Zeekr,009,white,electric,Selangor
2026-05-11,window_van,Zeekr,009,white,electric,W.P. Kuala Lumpur
2026-05-11,jip,Zeekr,7X,black,electric,Rakan Niaga
2026-05-11,jip,Zeekr,7X,white,electric,Rakan Niaga
2026-05-11,jip,Zeekr,7X,blue,electric,Johor
2026-05-11,jip,Zeekr,7X,grey,electric,Selangor
2026-05-11,jip,Zeekr,7X,grey,electric,Rakan Niaga
2026-05-11,jip,Zeekr,7X,blue,electric,Rakan Niaga
2026-05-11,jip,Zeekr,7X,green,electric,Rakan Niaga
2026-05-12,motokar,BMW,i4,white,electric,W.P. Kuala Lumpur
2026-05-12,motokar,BMW,i5,black,electric,Rakan Niaga
2026-05-12,jip,BMW,iX1,black,electric,Perak
2026-05-12,jip,BMW,iX2,grey,electric,W.P. Kuala Lumpur
2026-05-12,jip,BYD,Atto 2,green,electric,Rakan Niaga
2026-05-12,jip,BYD,Atto 2,grey,electric,Rakan Niaga
2026-05-12,jip,BYD,Atto 2,white,electric,Rakan Niaga
2026-05-12,jip,BYD,Atto 3,black,electric,W.P. Kuala Lumpur
2026-05-12,jip,BYD,Atto 3,grey,electric,Rakan Niaga
2026-05-12,jip,BYD,Atto 3,black,electric,Rakan Niaga
2026-05-12,motokar,BYD,M6,white,electric,Rakan Niaga
2026-05-12,motokar,BYD,Seal 6,white,electric,Rakan Niaga
2026-05-12,motokar,BYD,Seal 6,blue,electric,Rakan Niaga
2026-05-12,motokar,BYD,Seal,white,electric,Rakan Niaga
2026-05-12,jip,BYD,Sealion,white,electric,Rakan Niaga
2026-05-12,jip,BYD,Sealion,grey,electric,Rakan Niaga
2026-05-12,jip,BYD,Sealion,grey,electric,Kedah
2026-05-12,jip,BYD,Sealion,black,electric,Rakan Niaga
2026-05-12,jip,BYD,Sealion,white,electric,Sabah
2026-05-12,jip,BYD,Sealion,white,electric,Pahang
2026-05-12,jip,Chery,iCaur 03,green,electric,Rakan Niaga
2026-05-12,jip,Chery,iCaur 03,silver,electric,Melaka
2026-05-12,jip,Chery,iCaur 03,white,electric,Rakan Niaga
2026-05-12,jip,Chery,iCaur 03,grey,electric,Rakan Niaga
2026-05-12,jip,Chery,iCaur V23,black,electric,Rakan Niaga
2026-05-12,jip,Chery,iCaur V23,black,electric,W.P. Kuala Lumpur
2026-05-12,jip,Chery,iCaur V23,silver,electric,Rakan Niaga
2026-05-12,jip,Chery,iCaur V23,green,electric,Johor
2026-05-12,jip,Chery,iCaur V23,orange,electric,W.P. Kuala Lumpur
2026-05-12,jip,Chery,iCaur V23,green,electric,Rakan Niaga
2026-05-12,motokar,Dong Feng,Box E3,blue,electric,Rakan Niaga
2026-05-12,motokar,Dong Feng,Box E3,white,electric,Rakan Niaga
2026-05-12,jip,GAC Aion,Y Plus Premium,white,electric,Rakan Niaga
2026-05-12,motokar,Great Wall,Ora,grey,electric,Rakan Niaga
2026-05-12,motokar,Great Wall,Ora,black,electric,Rakan Niaga
2026-05-12,motokar,Great Wall,Ora,black,electric,W.P. Kuala Lumpur
2026-05-12,jip,Honda,e:N1,white,electric,Rakan Niaga
2026-05-12,jip,Leapmotor,B10,white,electric,Rakan Niaga
2026-05-12,jip,Leapmotor,B10,grey,electric,Rakan Niaga
2026-05-12,jip,Leapmotor,B10,grey,electric,Pulau Pinang
2026-05-12,jip,Leapmotor,B10,white,electric,W.P. Kuala Lumpur
2026-05-12,jip,Leapmotor,C10,grey,electric,Rakan Niaga
2026-05-12,jip,MG,S5,gold,electric,Rakan Niaga
2026-05-12,jip,MG,S5,grey,electric,Rakan Niaga
2026-05-12,jip,Mini,Countryman,grey,electric,Perak
2026-05-12,jip,Mini,Countryman,green,electric,Negeri Sembilan
2026-05-12,jip,Neta,X,white,electric,Rakan Niaga
2026-05-12,motokar,Proton,e.MAS 5,white,electric,Negeri Sembilan
2026-05-12,motokar,Proton,e.MAS 5,white,electric,Rakan Niaga
2026-05-12,motokar,Proton,e.MAS 5,yellow,electric,Rakan Niaga
2026-05-12,motokar,Proton,e.MAS 5,silver,electric,Sarawak
2026-05-12,motokar,Proton,e.MAS 5,grey,electric,Rakan Niaga
2026-05-12,jip,Proton,e.MAS 7,grey,electric,Rakan Niaga
2026-05-12,jip,Proton,e.MAS 7,black,electric,Rakan Niaga
2026-05-12,jip,Proton,e.MAS 7,green,electric,Rakan Niaga
2026-05-12,jip,Proton,e.MAS 7,silver,electric,Rakan Niaga
2026-05-12,jip,Proton,e.MAS 7,pink,electric,Rakan Niaga
2026-05-12,jip,Proton,e.MAS 7,white,electric,Rakan Niaga
2026-05-12,motokar,Tesla,Model 3,grey,electric,Rakan Niaga
2026-05-12,motokar,Tesla,Model Y,grey,electric,W.P. Kuala Lumpur
2026-05-12,motokar,TQ Wuling,Bingo,white,electric,Rakan Niaga
2026-05-12,motokar,TQ Wuling,Bingo,purple,electric,Rakan Niaga
2026-05-12,motokar,TQ Wuling,Bingo,blue,electric,Rakan Niaga
2026-05-12,jip,Xpeng,G6,silver,electric,Rakan Niaga
2026-05-12,window_van,Xpeng,X9,silver,electric,Rakan Niaga
2026-05-12,window_van,Zeekr,009,white,electric,Pulau Pinang
2026-05-12,window_van,Zeekr,009,black,electric,Perak
2026-05-12,jip,Zeekr,7X,black,electric,Rakan Niaga
2026-05-12,jip,Zeekr,7X,grey,electric,Rakan Niaga
2026-05-12,jip,Zeekr,7X,green,electric,W.P. Kuala Lumpur
2026-05-12,jip,Zeekr,7X,blue,electric,Pulau Pinang
2026-05-12,jip,Zeekr,7X,white,electric,Johor
2026-05-12,jip,Zeekr,7X,black,electric,W.P. Kuala Lumpur
2026-05-12,jip,Zeekr,7X,grey,electric,W.P. Kuala Lumpur
2026-05-12,jip,Zeekr,7X,white,electric,Rakan Niaga
2026-05-12,jip,Zeekr,7X,green,electric,Rakan Niaga
2026-05-12,jip,Zeekr,X,white,electric,Rakan Niaga
2026-05-13,jip,BMW,iX1,grey,electric,Rakan Niaga
2026-05-13,jip,BMW,iX1,grey,electric,Perak
2026-05-13,jip,BYD,Atto 2,green,electric,Rakan Niaga
2026-05-13,jip,BYD,Atto 2,grey,electric,Rakan Niaga
2026-05-13,jip,BYD,Atto 3,grey,electric,Selangor
2026-05-13,jip,BYD,Atto 3,white,electric,Rakan Niaga
2026-05-13,jip,BYD,Atto 3,black,electric,Rakan Niaga
2026-05-13,motokar,BYD,M6,blue,electric,Rakan Niaga
2026-05-13,motokar,BYD,M6,white,electric,Rakan Niaga
2026-05-13,motokar_pelbagai_utiliti,BYD,M6,white,electric,Rakan Niaga
2026-05-13,motokar_pelbagai_utiliti,BYD,M6,black,electric,Rakan Niaga
2026-05-13,motokar_pelbagai_utiliti,BYD,M6,grey,electric,Rakan Niaga
2026-05-13,motokar,BYD,Seal 6,grey,electric,Rakan Niaga
2026-05-13,motokar,BYD,Seal 6,white,electric,Rakan Niaga
2026-05-13,motokar,BYD,Seal 6,white,electric,Pahang
2026-05-13,motokar,BYD,Seal,white,electric,Rakan Niaga
2026-05-13,jip,BYD,Sealion,black,electric,W.P. Kuala Lumpur
2026-05-13,jip,BYD,Sealion,black,electric,Pahang
2026-05-13,jip,BYD,Sealion,white,electric,Rakan Niaga
2026-05-13,jip,BYD,Sealion,grey,electric,Rakan Niaga
2026-05-13,jip,BYD,Sealion,black,electric,Rakan Niaga
2026-05-13,jip,Chery,iCaur 03,grey,electric,Selangor
2026-05-13,jip,Chery,iCaur 03,white,electric,Selangor
2026-05-13,jip,Chery,iCaur 03,white,electric,W.P. Kuala Lumpur
2026-05-13,jip,Chery,iCaur V23,green,electric,Rakan Niaga
2026-05-13,jip,Chery,iCaur V23,white,electric,Rakan Niaga
2026-05-13,jip,Chery,iCaur V23,orange,electric,Rakan Niaga
2026-05-13,jip,Chery,iCaur V23,grey,electric,Melaka
2026-05-13,jip,Chery,iCaur V23,white,electric,Johor
2026-05-13,jip,Chery,iCaur V23,black,electric,Johor
2026-05-13,jip,Chery,iCaur V23,white,electric,W.P. Kuala Lumpur
2026-05-13,window_van,Denza,D9,blue,electric,W.P. Kuala Lumpur
2026-05-13,motokar,Dong Feng,007,grey,electric,Rakan Niaga
2026-05-13,motokar,Dong Feng,007,white,electric,W.P. Kuala Lumpur
2026-05-13,motokar,Dong Feng,Box E3,white,electric,Perak
2026-05-13,motokar,Dong Feng,Box E3,blue,electric,Rakan Niaga
2026-05-13,jip,GAC Aion,Y Plus Premium,white,electric,Rakan Niaga
2026-05-13,motokar,Great Wall,Ora,grey,electric,Rakan Niaga
2026-05-13,motokar,Great Wall,Ora,blue,electric,Rakan Niaga
2026-05-13,jip,Honda,e:N1,white,electric,Rakan Niaga
2026-05-13,jip,Leapmotor,B10,grey,electric,Rakan Niaga
2026-05-13,jip,Leapmotor,B10,blue,electric,Rakan Niaga
2026-05-13,jip,Leapmotor,B10,purple,electric,Rakan Niaga
2026-05-13,jip,Leapmotor,C10,green,electric,Rakan Niaga
2026-05-13,jip,Leapmotor,C10,grey,electric,Rakan Niaga
2026-05-13,jip,MG,S5,gold,electric,Rakan Niaga
2026-05-13,jip,MG,S5,silver,electric,Rakan Niaga
2026-05-13,jip,MG,S5,beige,electric,Rakan Niaga
2026-05-13,motokar,MG,MG4,blue,electric,W.P. Kuala Lumpur
2026-05-13,jip,Mini,Aceman,orange,electric,Rakan Niaga
2026-05-13,motokar,Mini,John Cooper Works,black,electric,Rakan Niaga
2026-05-13,motokar,Proton,e.MAS 5,yellow,electric,W.P. Kuala Lumpur
2026-05-13,motokar,Proton,e.MAS 5,white,electric,Sabah
2026-05-13,motokar,Proton,e.MAS 5,grey,electric,Rakan Niaga
2026-05-13,motokar,Proton,e.MAS 5,yellow,electric,Rakan Niaga
2026-05-13,motokar,Proton,e.MAS 5,silver,electric,Rakan Niaga
2026-05-13,motokar,Proton,e.MAS 5,pink,electric,Rakan Niaga
2026-05-13,motokar,Proton,e.MAS 5,white,electric,Sarawak
2026-05-13,motokar,Proton,e.MAS 5,white,electric,Rakan Niaga
2026-05-13,jip,Proton,e.MAS 7,black,electric,Rakan Niaga
2026-05-13,jip,Proton,e.MAS 7,grey,electric,Johor
2026-05-13,jip,Proton,e.MAS 7,silver,electric,Rakan Niaga
2026-05-13,jip,Proton,e.MAS 7,pink,electric,Rakan Niaga
2026-05-13,jip,Proton,e.MAS 7,white,electric,Rakan Niaga
2026-05-13,jip,Proton,e.MAS 7,black,electric,W.P. Kuala Lumpur
2026-05-13,jip,Proton,e.MAS 7,grey,electric,Rakan Niaga
2026-05-13,jip,Proton,e.MAS 7,green,electric,Rakan Niaga
2026-05-13,jip,Proton,e.MAS 7,white,electric,Sabah
2026-05-13,jip,Proton,e.MAS 7,black,electric,Pulau Pinang
2026-05-13,jip,Proton,e.MAS 7,silver,electric,Negeri Sembilan
2026-05-13,jip,Proton,e.MAS 7,green,electric,Sarawak
2026-05-13,motokar,Tesla,Model 3,grey,electric,Rakan Niaga
2026-05-13,motokar,Tesla,Model 3,white,electric,Rakan Niaga
2026-05-13,motokar,Tesla,Model 3,black,electric,Rakan Niaga
2026-05-13,motokar,Tesla,Model 3,red,electric,Rakan Niaga
2026-05-13,motokar,Tesla,Model Y,white,electric,Rakan Niaga
2026-05-13,motokar,Tesla,Model Y,black,electric,Rakan Niaga
2026-05-13,motokar,Tesla,Model Y,silver,electric,Rakan Niaga
2026-05-13,motokar,Tesla,Model Y,grey,electric,Rakan Niaga
2026-05-13,motokar,Tesla,Model Y,blue,electric,Rakan Niaga
2026-05-13,motokar,TQ Wuling,Bingo,blue,electric,Melaka
2026-05-13,motokar,TQ Wuling,Bingo,white,electric,Rakan Niaga
2026-05-13,jip,Xpeng,G6,white,electric,Rakan Niaga
2026-05-13,jip,Xpeng,G6,black,electric,Rakan Niaga
2026-05-13,jip,Xpeng,G6,grey,electric,Rakan Niaga
2026-05-13,jip,Xpeng,G6,purple,electric,Rakan Niaga
2026-05-13,jip,Xpeng,G6,purple,electric,Selangor
2026-05-13,jip,Xpeng,G6,silver,electric,Rakan Niaga
2026-05-13,jip,Xpeng,G6,black,electric,W.P. Kuala Lumpur
2026-05-13,jip,Xpeng,G6,grey,electric,Selangor
2026-05-13,window_van,Xpeng,X9,black,electric,W.P. Kuala Lumpur
2026-05-13,window_van,Xpeng,X9,white,electric,Selangor
2026-05-13,window_van,Xpeng,X9,grey,electric,Rakan Niaga
2026-05-13,window_van,Xpeng,X9,white,electric,W.P. Kuala Lumpur
2026-05-13,window_van,Zeekr,009,black,electric,Rakan Niaga
2026-05-13,window_van,Zeekr,009,black,electric,W.P. Kuala Lumpur
2026-05-13,window_van,Zeekr,009,black,electric,Sabah
2026-05-13,jip,Zeekr,7X,green,electric,Rakan Niaga
2026-05-13,jip,Zeekr,7X,green,electric,Perak
2026-05-13,jip,Zeekr,7X,grey,electric,Rakan Niaga
2026-05-13,jip,Zeekr,7X,black,electric,W.P. Kuala Lumpur
2026-05-13,jip,Zeekr,7X,grey,electric,Pulau Pinang
2026-05-13,jip,Zeekr,7X,green,electric,Selangor
2026-05-13,jip,Zeekr,7X,white,electric,W.P. Kuala Lumpur
2026-05-14,jip,BMW,iX1,black,electric,Rakan Niaga
2026-05-14,jip,BMW,iX1,white,electric,Perak
2026-05-14,jip,BYD,Atto 2,grey,electric,Pahang
2026-05-14,jip,BYD,Atto 2,grey,electric,Rakan Niaga
2026-05-14,jip,BYD,Atto 2,white,electric,Kedah
2026-05-14,jip,BYD,Atto 2,green,electric,Rakan Niaga
2026-05-14,jip,BYD,Atto 3,grey,electric,Rakan Niaga
2026-05-14,jip,BYD,Atto 3,white,electric,Rakan Niaga
2026-05-14,jip,BYD,Atto 3,black,electric,Rakan Niaga
2026-05-14,motokar_pelbagai_utiliti,BYD,M6,white,electric,Johor
2026-05-14,motokar,BYD,Seal 6,blue,electric,Rakan Niaga
2026-05-14,motokar,BYD,Seal 6,grey,electric,Rakan Niaga
2026-05-14,motokar,BYD,Seal 6,white,electric,Rakan Niaga
2026-05-14,motokar,BYD,Seal 6,yellow,electric,Rakan Niaga
2026-05-14,jip,BYD,Sealion,grey,electric,Rakan Niaga
2026-05-14,jip,BYD,Sealion,black,electric,Rakan Niaga
2026-05-14,jip,BYD,Sealion,white,electric,Rakan Niaga
2026-05-14,jip,BYD,Sealion,white,electric,Kedah
2026-05-14,jip,BYD,Sealion,grey,electric,W.P. Kuala Lumpur
2026-05-14,jip,Chery,iCaur 03,white,electric,Kedah
2026-05-14,jip,Chery,iCaur 03,silver,electric,Rakan Niaga
2026-05-14,jip,Chery,iCaur 03,white,electric,Rakan Niaga
2026-05-14,jip,Chery,iCaur 03,green,electric,Rakan Niaga
2026-05-14,jip,Chery,iCaur 03,black,electric,Johor
2026-05-14,jip,Chery,iCaur 03,black,electric,Rakan Niaga
2026-05-14,jip,Chery,iCaur V23,orange,electric,Rakan Niaga
2026-05-14,jip,Chery,iCaur V23,green,electric,Rakan Niaga
2026-05-14,jip,Chery,iCaur V23,green,electric,W.P. Kuala Lumpur
2026-05-14,jip,Chery,iCaur V23,white,electric,Selangor
2026-05-14,jip,Chery,iCaur V23,white,electric,Johor
2026-05-14,jip,Chery,iCaur V23,white,electric,Rakan Niaga
2026-05-14,jip,Chery,iCaur V23,black,electric,Negeri Sembilan
2026-05-14,jip,Chery,iCaur V23,black,electric,Rakan Niaga
2026-05-14,jip,Chery,iCaur V23,grey,electric,Johor
2026-05-14,jip,Chery,iCaur V23,silver,electric,Rakan Niaga
2026-05-14,jip,Chery,iCaur V23,grey,electric,Rakan Niaga
2026-05-14,jip,Chery,iCaur V23,green,electric,Johor
2026-05-14,jip,Chery,iCaur V23,black,electric,W.P. Kuala Lumpur
2026-05-14,window_van,Denza,D9,blue,electric,Rakan Niaga
2026-05-14,motokar,Dong Feng,Box E3,blue,electric,Rakan Niaga
2026-05-14,motokar,Dong Feng,Box E3,silver,electric,Rakan Niaga
2026-05-14,motokar,Dong Feng,Box E3,purple,electric,Pahang
2026-05-14,motokar,Dong Feng,Box E3,white,electric,Rakan Niaga
2026-05-14,motokar,Great Wall,Ora,grey,electric,Johor
2026-05-14,motokar,Hycann,Z03,black,electric,Rakan Niaga
2026-05-14,motokar,Hycann,Z03,white,electric,Rakan Niaga
2026-05-14,jip,Leapmotor,B10,black,electric,Rakan Niaga
2026-05-14,jip,Leapmotor,B10,purple,electric,Rakan Niaga
2026-05-14,jip,Leapmotor,B10,white,electric,W.P. Kuala Lumpur
2026-05-14,jip,Leapmotor,B10,grey,electric,Rakan Niaga
2026-05-14,jip,Leapmotor,C10,white,electric,Rakan Niaga
2026-05-14,jip,Leapmotor,C10,green,electric,Rakan Niaga
2026-05-14,jip,Lotus,Eletre,yellow,electric,Rakan Niaga
2026-05-14,jip,Lotus,Eletre,black,electric,Rakan Niaga
2026-05-14,jip,MG,S5,gold,electric,Rakan Niaga
2026-05-14,jip,MG,S5,grey,electric,Perak
2026-05-14,motokar,MG,MG4,black,electric,Rakan Niaga
2026-05-14,motokar,Mini,Cooper,blue,electric,Rakan Niaga
2026-05-14,motokar,Mini,John Cooper Works,black,electric,Rakan Niaga
2026-05-14,motokar,Mini,John Cooper Works,red,electric,Pulau Pinang
2026-05-14,jip,Porsche,Macan,white,electric,Rakan Niaga
2026-05-14,motokar,Porsche,Taycan,blue,electric,W.P. Kuala Lumpur
2026-05-14,motokar,Proton,e.MAS 5,grey,electric,Selangor
2026-05-14,motokar,Proton,e.MAS 5,yellow,electric,Rakan Niaga
2026-05-14,motokar,Proton,e.MAS 5,white,electric,Rakan Niaga
2026-05-14,motokar,Proton,e.MAS 5,grey,electric,Rakan Niaga
2026-05-14,motokar,Proton,e.MAS 5,pink,electric,Rakan Niaga
2026-05-14,jip,Proton,e.MAS 7,silver,electric,Rakan Niaga
2026-05-14,jip,Proton,e.MAS 7,pink,electric,Rakan Niaga
2026-05-14,jip,Proton,e.MAS 7,green,electric,Rakan Niaga
2026-05-14,jip,Proton,e.MAS 7,black,electric,Sarawak
2026-05-14,jip,Proton,e.MAS 7,black,electric,Rakan Niaga
2026-05-14,jip,Proton,e.MAS 7,grey,electric,Rakan Niaga
2026-05-14,jip,Proton,e.MAS 7,white,electric,Rakan Niaga
2026-05-14,jip,Smart,Brabus,white,electric,Selangor
2026-05-14,motokar,Tesla,Model 3,grey,electric,Rakan Niaga
2026-05-14,motokar,Tesla,Model 3,black,electric,Rakan Niaga
2026-05-14,motokar,Tesla,Model Y,white,electric,Rakan Niaga
2026-05-14,motokar,Tesla,Model Y,white,electric,W.P. Kuala Lumpur
2026-05-14,motokar,Tesla,Model Y,grey,electric,Rakan Niaga
2026-05-14,motokar,TQ Wuling,Bingo,purple,electric,Rakan Niaga
2026-05-14,motokar,TQ Wuling,Bingo,white,electric,Rakan Niaga
2026-05-14,motokar,TQ Wuling,Bingo,blue,electric,Johor
2026-05-14,jip,Xpeng,G6,silver,electric,Rakan Niaga
2026-05-14,jip,Xpeng,G6,black,electric,Rakan Niaga
2026-05-14,jip,Xpeng,G6,purple,electric,Rakan Niaga
2026-05-14,jip,Xpeng,G6,white,electric,Rakan Niaga
2026-05-14,jip,Xpeng,G6,grey,electric,Rakan Niaga
2026-05-14,jip,Xpeng,G6,black,electric,Selangor
2026-05-14,window_van,Xpeng,X9,silver,electric,Rakan Niaga
2026-05-14,window_van,Xpeng,X9,white,electric,Rakan Niaga
2026-05-14,window_van,Xpeng,X9,black,electric,Rakan Niaga
2026-05-14,window_van,Zeekr,009,black,electric,Rakan Niaga
2026-05-14,window_van,Zeekr,009,black,electric,W.P. Kuala Lumpur
2026-05-14,window_van,Zeekr,009,white,electric,Pulau Pinang
2026-05-14,window_van,Zeekr,009,white,electric,W.P. Kuala Lumpur
2026-05-14,window_van,Zeekr,009,white,electric,Rakan Niaga
2026-05-14,jip,Zeekr,7X,green,electric,Rakan Niaga
2026-05-14,jip,Zeekr,7X,white,electric,Selangor
2026-05-14,jip,Zeekr,7X,white,electric,Rakan Niaga
2026-05-14,jip,Zeekr,7X,green,electric,W.P. Kuala Lumpur
2026-05-14,jip,Zeekr,7X,blue,electric,Rakan Niaga
2026-05-14,jip,Zeekr,7X,grey,electric,Rakan Niaga
2026-05-14,jip,Zeekr,7X,grey,electric,W.P. Kuala Lumpur
2026-05-15,motokar,BMW,i4,green,electric,Rakan Niaga
2026-05-15,jip,BMW,iX1,grey,electric,Rakan Niaga
2026-05-15,jip,BMW,iX1,black,electric,Rakan Niaga
2026-05-15,jip,BMW,iX2,grey,electric,Rakan Niaga
2026-05-15,jip,BYD,Atto 2,grey,electric,Rakan Niaga
2026-05-15,jip,BYD,Atto 2,white,electric,W.P. Kuala Lumpur
2026-05-15,jip,BYD,Atto 2,white,electric,Rakan Niaga
2026-05-15,jip,BYD,Atto 2,green,electric,Rakan Niaga
2026-05-15,jip,BYD,Atto 3,grey,electric,Rakan Niaga
2026-05-15,jip,BYD,Atto 3,black,electric,Pahang
2026-05-15,jip,BYD,Atto 3,black,electric,Rakan Niaga
2026-05-15,motokar,BYD,M6,grey,electric,Rakan Niaga
2026-05-15,motokar_pelbagai_utiliti,BYD,M6,white,electric,Rakan Niaga
2026-05-15,motokar_pelbagai_utiliti,BYD,M6,grey,electric,Rakan Niaga
2026-05-15,motokar,BYD,Seal 6,white,electric,Rakan Niaga
2026-05-15,motokar,BYD,Seal 6,yellow,electric,Rakan Niaga
2026-05-15,motokar,BYD,Seal 6,grey,electric,Rakan Niaga
2026-05-15,jip,BYD,Sealion,black,electric,Rakan Niaga
2026-05-15,jip,BYD,Sealion,grey,electric,Rakan Niaga
2026-05-15,jip,BYD,Sealion,black,electric,W.P. Kuala Lumpur
2026-05-15,jip,Chery,iCaur 03,silver,electric,Rakan Niaga
2026-05-15,jip,Chery,iCaur 03,silver,electric,Selangor
2026-05-15,jip,Chery,iCaur 03,white,electric,Rakan Niaga
2026-05-15,jip,Chery,iCaur 03,grey,electric,W.P. Kuala Lumpur
2026-05-15,jip,Chery,iCaur V23,green,electric,Rakan Niaga
2026-05-15,jip,Chery,iCaur V23,black,electric,Pahang
2026-05-15,jip,Chery,iCaur V23,silver,electric,Rakan Niaga
2026-05-15,jip,Chery,iCaur V23,green,electric,Sabah
2026-05-15,jip,Chery,iCaur V23,grey,electric,Rakan Niaga
2026-05-15,jip,Chery,iCaur V23,white,electric,Rakan Niaga
2026-05-15,jip,Chery,iCaur V23,grey,electric,W.P. Kuala Lumpur
2026-05-15,jip,Chery,iCaur V23,orange,electric,Rakan Niaga
2026-05-15,jip,Chery,iCaur V23,black,electric,Johor
2026-05-15,jip,Chery,iCaur V23,white,electric,Sabah
2026-05-15,jip,Chery,Omoda 5,white,electric,Rakan Niaga
2026-05-15,window_van,Denza,D9,white,electric,Rakan Niaga
2026-05-15,motokar,Dong Feng,Box E3,white,electric,W.P. Kuala Lumpur
2026-05-15,motokar,Dong Feng,Box E3,purple,electric,Rakan Niaga
2026-05-15,motokar,Dong Feng,Box E3,white,electric,Rakan Niaga
2026-05-15,motokar,Great Wall,Ora,grey,electric,Johor
2026-05-15,motokar,Great Wall,Ora,black,electric,Rakan Niaga
2026-05-15,motokar,Great Wall,Ora,grey,electric,Rakan Niaga
2026-05-15,motokar,Great Wall,Ora,blue,electric,Rakan Niaga
2026-05-15,motokar,Great Wall,Ora,beige,electric,Rakan Niaga
2026-05-15,jip,Leapmotor,B10,grey,electric,Rakan Niaga
2026-05-15,jip,Leapmotor,B10,blue,electric,Rakan Niaga
2026-05-15,jip,Leapmotor,B10,black,electric,Rakan Niaga
2026-05-15,jip,Leapmotor,C10,white,electric,W.P. Kuala Lumpur
2026-05-15,jip,Leapmotor,C10,grey,electric,Rakan Niaga
2026-05-15,jip,Leapmotor,C10,grey,electric,Negeri Sembilan
2026-05-15,jip,Leapmotor,C10,grey,electric,W.P. Kuala Lumpur
2026-05-15,jip,Leapmotor,C10,white,electric,Rakan Niaga
2026-05-15,jip,Leapmotor,C10,green,electric,W.P. Kuala Lumpur
2026-05-15,jip,Leapmotor,C10,green,electric,Rakan Niaga
2026-05-15,jip,MG,S5,grey,electric,Rakan Niaga
2026-05-15,jip,MG,S5,gold,electric,Rakan Niaga
2026-05-15,motokar,MG,MG4,grey,electric,Rakan Niaga
2026-05-15,motokar,MG,MG4,black,electric,Rakan Niaga
2026-05-15,motokar,Mini,Cooper,green,electric,Rakan Niaga
2026-05-15,motokar,Mini,John Cooper Works,red,electric,Selangor
2026-05-15,motokar,Mini,John Cooper Works,red,electric,W.P. Kuala Lumpur
2026-05-15,jip,Neta,X,white,electric,Rakan Niaga
2026-05-15,motokar,Perodua,QV-E,blue,electric,Rakan Niaga
2026-05-15,motokar,Perodua,QV-E,grey,electric,Rakan Niaga
2026-05-15,jip,Porsche,Macan,purple,electric,W.P. Kuala Lumpur
2026-05-15,jip,Porsche,Macan,black,electric,Selangor
2026-05-15,jip,Porsche,Macan,grey,electric,Pulau Pinang
2026-05-15,jip,Porsche,Macan,purple,electric,Johor
2026-05-15,motokar,Porsche,Taycan,white,electric,Johor
2026-05-15,motokar,Proton,e.MAS 5,white,electric,Perak
2026-05-15,motokar,Proton,e.MAS 5,yellow,electric,Rakan Niaga
2026-05-15,motokar,Proton,e.MAS 5,grey,electric,Sabah
2026-05-15,motokar,Proton,e.MAS 5,pink,electric,Rakan Niaga
2026-05-15,motokar,Proton,e.MAS 5,grey,electric,Rakan Niaga
2026-05-15,jip,Proton,e.MAS 7,silver,electric,Rakan Niaga
2026-05-15,jip,Proton,e.MAS 7,black,electric,Rakan Niaga
2026-05-15,jip,Proton,e.MAS 7,grey,electric,Rakan Niaga
2026-05-15,jip,Proton,e.MAS 7,pink,electric,Rakan Niaga
2026-05-15,jip,Proton,e.MAS 7,green,electric,Rakan Niaga
2026-05-15,jip,Proton,e.MAS 7,white,electric,Rakan Niaga
2026-05-15,jip,Proton,e.MAS 7,white,electric,Johor
2026-05-15,jip,Proton,e.MAS 7,black,electric,Johor
2026-05-15,jip,Proton,e.MAS 7,black,electric,Selangor
2026-05-15,motokar,Tesla,Model 3,black,electric,Rakan Niaga
2026-05-15,motokar,Tesla,Model 3,grey,electric,Rakan Niaga
2026-05-15,motokar,Tesla,Model 3,white,electric,Rakan Niaga
2026-05-15,motokar,Tesla,Model 3,white,electric,Selangor
2026-05-15,motokar,Tesla,Model Y,blue,electric,Rakan Niaga
2026-05-15,motokar,Tesla,Model Y,white,electric,Rakan Niaga
2026-05-15,motokar,Tesla,Model Y,grey,electric,W.P. Kuala Lumpur
2026-05-15,motokar,Tesla,Model Y,black,electric,Rakan Niaga
2026-05-15,motokar,Tesla,Model Y,white,electric,W.P. Kuala Lumpur
2026-05-15,motokar,Tesla,Model Y,silver,electric,Rakan Niaga
2026-05-15,motokar,Tesla,Model Y,silver,electric,Perak
2026-05-15,motokar,TQ Wuling,Bingo,blue,electric,Rakan Niaga
2026-05-15,motokar,TQ Wuling,Bingo,blue,electric,W.P. Kuala Lumpur
2026-05-15,motokar,TQ Wuling,Bingo,purple,electric,Rakan Niaga
2026-05-15,jip,Volvo,EC40,silver,electric,Selangor
2026-05-15,jip,Volvo,EX30,blue,electric,Rakan Niaga
2026-05-15,jip,Xpeng,G6,purple,electric,Rakan Niaga
2026-05-15,jip,Xpeng,G6,grey,electric,Selangor
2026-05-15,window_van,Xpeng,X9,black,electric,Rakan Niaga
2026-05-15,window_van,Xpeng,X9,silver,electric,W.P. Kuala Lumpur
2026-05-15,window_van,Xpeng,X9,white,electric,W.P. Kuala Lumpur
2026-05-15,window_van,Zeekr,009,black,electric,Selangor
2026-05-15,window_van,Zeekr,009,black,electric,W.P. Kuala Lumpur
2026-05-15,jip,Zeekr,7X,green,electric,Rakan Niaga
2026-05-15,jip,Zeekr,7X,black,electric,W.P. Kuala Lumpur
2026-05-15,jip,Zeekr,7X,grey,electric,Rakan Niaga
2026-05-15,jip,Zeekr,7X,black,electric,Selangor
2026-05-15,jip,Zeekr,7X,white,electric,Johor
2026-05-15,jip,Zeekr,7X,white,electric,Rakan Niaga
2026-05-15,jip,Zeekr,7X,grey,electric,W.P. Kuala Lumpur
2026-05-15,jip,Zeekr,7X,green,electric,W.P. Kuala Lumpur
2026-05-16,motokar_pelbagai_utiliti,BYD,M6,blue,electric,Rakan Niaga
2026-05-16,motokar,BYD,Seal 6,white,electric,Rakan Niaga
2026-05-16,jip,BYD,Sealion,white,electric,Rakan Niaga
2026-05-16,jip,BYD,Sealion,grey,electric,Rakan Niaga
2026-05-16,jip,BYD,Sealion,black,electric,Rakan Niaga
2026-05-16,jip,Leapmotor,B10,black,electric,Rakan Niaga
2026-05-16,jip,MG,S5,gold,electric,Rakan Niaga
2026-05-16,jip,MG,S5,beige,electric,Rakan Niaga
2026-05-16,motokar,MG,MG4,blue,electric,Rakan Niaga
2026-05-16,motokar,Proton,e.MAS 5,yellow,electric,Rakan Niaga
2026-05-16,jip,Proton,e.MAS 7,silver,electric,Rakan Niaga
2026-05-16,jip,Proton,e.MAS 7,black,electric,Rakan Niaga
2026-05-16,jip,Proton,e.MAS 7,white,electric,Rakan Niaga
2026-05-16,jip,Proton,e.MAS 7,pink,electric,Rakan Niaga
2026-05-16,jip,Proton,e.MAS 7,grey,electric,Rakan Niaga
2026-05-16,jip,Proton,e.MAS 7,green,electric,Rakan Niaga
2026-05-17,motokar,BYD,Seal 6,blue,electric,Rakan Niaga
2026-05-17,motokar,Dong Feng,Box E3,white,electric,Kedah
2026-05-17,jip,MG,S5,gold,electric,Rakan Niaga
2026-05-17,motokar,MG,MG4,blue,electric,Rakan Niaga
2026-05-17,motokar,Proton,e.MAS 5,pink,electric,Kedah
2026-05-17,jip,Proton,e.MAS 7,pink,electric,Rakan Niaga
2026-05-17,jip,Proton,e.MAS 7,black,electric,Terengganu
2026-05-18,jip,BMW,iX1,grey,electric,Perak
2026-05-18,jip,BYD,Atto 2,green,electric,Johor
2026-05-18,jip,BYD,Atto 2,white,electric,Pulau Pinang
2026-05-18,jip,BYD,Atto 2,green,electric,Rakan Niaga
2026-05-18,jip,BYD,Atto 2,grey,electric,Rakan Niaga
2026-05-18,jip,BYD,Atto 2,white,electric,Rakan Niaga
2026-05-18,jip,BYD,Atto 2,grey,electric,Pulau Pinang
2026-05-18,jip,BYD,Atto 2,grey,electric,Selangor
2026-05-18,jip,BYD,Atto 3,grey,electric,Rakan Niaga
2026-05-18,jip,BYD,Atto 3,black,electric,Rakan Niaga
2026-05-18,jip,BYD,Atto 3,grey,electric,Selangor
2026-05-18,motokar_pelbagai_utiliti,BYD,M6,blue,electric,Rakan Niaga
2026-05-18,motokar,BYD,M6,black,electric,Rakan Niaga
2026-05-18,motokar_pelbagai_utiliti,BYD,M6,grey,electric,Rakan Niaga
2026-05-18,motokar_pelbagai_utiliti,BYD,M6,white,electric,Rakan Niaga
2026-05-18,motokar,BYD,Seal 6,white,electric,Rakan Niaga
2026-05-18,motokar,BYD,Seal 6,white,electric,Pahang
2026-05-18,motokar,BYD,Seal 6,green,electric,Rakan Niaga
2026-05-18,jip,BYD,Sealion,black,electric,W.P. Kuala Lumpur
2026-05-18,jip,BYD,Sealion,black,electric,Rakan Niaga
2026-05-18,jip,BYD,Sealion,grey,electric,Rakan Niaga
2026-05-18,jip,BYD,Sealion,white,electric,Rakan Niaga
2026-05-18,jip,Chery,iCAUR 03 iWD,grey,electric,Rakan Niaga
2026-05-18,jip,Chery,iCaur 03,silver,electric,Rakan Niaga
2026-05-18,jip,Chery,iCaur 03,silver,electric,W.P. Kuala Lumpur
2026-05-18,jip,Chery,iCaur 03,white,electric,Rakan Niaga
2026-05-18,jip,Chery,iCaur V23,silver,electric,Rakan Niaga
2026-05-18,jip,Chery,iCaur V23,green,electric,Johor
2026-05-18,jip,Chery,iCaur V23,orange,electric,Rakan Niaga
2026-05-18,jip,Chery,iCaur V23,white,electric,Pulau Pinang
2026-05-18,jip,Chery,iCaur V23,white,electric,Kelantan
2026-05-18,jip,Chery,iCaur V23,black,electric,Rakan Niaga
2026-05-18,jip,Chery,iCaur V23,silver,electric,W.P. Kuala Lumpur
2026-05-18,jip,Chery,iCaur V23,silver,electric,Selangor
2026-05-18,jip,Chery,iCaur V23,grey,electric,Rakan Niaga
2026-05-18,jip,Chery,iCaur V23,green,electric,Rakan Niaga
2026-05-18,jip,Chery,iCaur V23,grey,electric,W.P. Kuala Lumpur
2026-05-18,motokar,Dong Feng,Box E3,purple,electric,Rakan Niaga
2026-05-18,motokar,Dong Feng,Box E3,green,electric,Rakan Niaga
2026-05-18,motokar,Dong Feng,Box E3,blue,electric,Rakan Niaga
2026-05-18,motokar,Dong Feng,Box E3,silver,electric,Pulau Pinang
2026-05-18,motokar,Dong Feng,Vigo,yellow,electric,Rakan Niaga
2026-05-18,motokar,Dong Feng,Vigo,orange,electric,Rakan Niaga
2026-05-18,jip,GAC Aion,Y Plus Premium,white,electric,Rakan Niaga
2026-05-18,jip,GAC Aion,Y Plus Standard,grey,electric,Rakan Niaga
2026-05-18,motokar,Great Wall,Ora,green,electric,Rakan Niaga
2026-05-18,motokar,Great Wall,Ora,beige,electric,Rakan Niaga
2026-05-18,jip,Leapmotor,B10,purple,electric,Rakan Niaga
2026-05-18,jip,Leapmotor,B10,blue,electric,Rakan Niaga
2026-05-18,jip,Leapmotor,B10,grey,electric,Rakan Niaga
2026-05-18,jip,Leapmotor,B10,black,electric,Rakan Niaga
2026-05-18,jip,Leapmotor,C10,green,electric,Rakan Niaga
2026-05-18,jip,Leapmotor,C10,grey,electric,Rakan Niaga
2026-05-18,motokar,Mercedes Benz,EQS,blue,electric,Rakan Niaga
2026-05-18,jip,MG,S5,silver,electric,Rakan Niaga
2026-05-18,jip,MG,S5,grey,electric,Johor
2026-05-18,jip,MG,S5,gold,electric,Rakan Niaga
2026-05-18,jip,MG,S5,grey,electric,Rakan Niaga
2026-05-18,motokar,Proton,e.MAS 5,grey,electric,Rakan Niaga
2026-05-18,motokar,Proton,e.MAS 5,white,electric,Rakan Niaga
2026-05-18,motokar,Proton,e.MAS 5,grey,electric,Sabah
2026-05-18,motokar,Proton,e.MAS 5,yellow,electric,Pulau Pinang
2026-05-18,motokar,Proton,e.MAS 5,grey,electric,Kelantan
2026-05-18,motokar,Proton,e.MAS 5,silver,electric,Rakan Niaga
2026-05-18,jip,Proton,e.MAS 7,silver,electric,Rakan Niaga
2026-05-18,jip,Proton,e.MAS 7,black,electric,Rakan Niaga
2026-05-18,jip,Proton,e.MAS 7,white,electric,Rakan Niaga
2026-05-18,jip,Proton,e.MAS 7,grey,electric,Johor
2026-05-18,jip,Proton,e.MAS 7,pink,electric,Rakan Niaga
2026-05-18,jip,Proton,e.MAS 7,pink,electric,W.P. Kuala Lumpur
2026-05-18,jip,Proton,e.MAS 7,green,electric,Rakan Niaga
2026-05-18,jip,Proton,e.MAS 7,grey,electric,Rakan Niaga
2026-05-18,jip,Proton,e.MAS 7,pink,electric,Sarawak
2026-05-18,motokar,Tesla,Model 3,grey,electric,Rakan Niaga
2026-05-18,motokar,Tesla,Model 3,white,electric,Rakan Niaga
2026-05-18,motokar,Tesla,Model 3,grey,electric,W.P. Kuala Lumpur
2026-05-18,motokar,Tesla,Model Y,white,electric,Rakan Niaga
2026-05-18,motokar,Tesla,Model Y,white,electric,Johor
2026-05-18,motokar,Tesla,Model Y,white,electric,W.P. Kuala Lumpur
2026-05-18,motokar,Tesla,Model Y,red,electric,Rakan Niaga
2026-05-18,motokar,Tesla,Model Y,black,electric,Rakan Niaga
2026-05-18,motokar,Tesla,Model Y,silver,electric,W.P. Kuala Lumpur
2026-05-18,motokar,Tesla,Model Y,grey,electric,Rakan Niaga
2026-05-18,motokar,Tesla,Model Y,black,electric,Johor
2026-05-18,jip,Toyota,bZ4X,black,electric,Rakan Niaga
2026-05-18,motokar,TQ Wuling,Bingo,white,electric,Rakan Niaga
2026-05-18,jip,Volvo,EC40,gold,electric,Johor
2026-05-18,jip,Xpeng,G6,silver,electric,Rakan Niaga
2026-05-18,window_van,Zeekr,009,white,electric,Rakan Niaga
2026-05-18,jip,Zeekr,7X,blue,electric,Rakan Niaga
2026-05-18,jip,Zeekr,7X,green,electric,W.P. Kuala Lumpur
2026-05-18,jip,Zeekr,7X,green,electric,Selangor
2026-05-18,jip,Zeekr,7X,green,electric,Pulau Pinang
2026-05-18,jip,Zeekr,7X,green,electric,Rakan Niaga
2026-05-18,jip,Zeekr,7X,black,electric,Rakan Niaga
2026-05-18,jip,Zeekr,7X,grey,electric,Rakan Niaga
2026-05-18,jip,Zeekr,7X,black,electric,Selangor
2026-05-18,jip,Zeekr,7X,white,electric,Selangor
2026-05-19,motokar,BMW,i4,green,electric,Pulau Pinang
2026-05-19,motokar,BMW,i4,white,electric,Perak
2026-05-19,motokar,BMW,i5,white,electric,Kedah
2026-05-19,jip,BMW,iX1,white,electric,Rakan Niaga
2026-05-19,jip,BYD,Atto 2,grey,electric,Rakan Niaga
2026-05-19,jip,BYD,Atto 2,grey,electric,W.P. Kuala Lumpur
2026-05-19,jip,BYD,Atto 2,green,electric,Rakan Niaga
2026-05-19,jip,BYD,Atto 2,white,electric,Rakan Niaga
2026-05-19,jip,BYD,Atto 3,white,electric,Rakan Niaga
2026-05-19,motokar_pelbagai_utiliti,BYD,M6,blue,electric,Rakan Niaga
2026-05-19,motokar_pelbagai_utiliti,BYD,M6,grey,electric,Rakan Niaga
2026-05-19,motokar,BYD,M6,blue,electric,Rakan Niaga
2026-05-19,motokar,BYD,Seal 6,yellow,electric,Rakan Niaga
2026-05-19,motokar,BYD,Seal 6,white,electric,Rakan Niaga
2026-05-19,motokar,BYD,Seal 6,blue,electric,Rakan Niaga
2026-05-19,motokar,BYD,Seal 6,white,electric,W.P. Kuala Lumpur
2026-05-19,motokar,BYD,Seal 6,grey,electric,Rakan Niaga
2026-05-19,motokar,BYD,Seal 6,white,electric,Pahang
2026-05-19,jip,BYD,Sealion,grey,electric,Rakan Niaga
2026-05-19,jip,BYD,Sealion,black,electric,Rakan Niaga
2026-05-19,jip,BYD,Sealion,black,electric,W.P. Kuala Lumpur
2026-05-19,jip,BYD,Sealion,white,electric,Rakan Niaga
2026-05-19,jip,BYD,Sealion,grey,electric,Johor
2026-05-19,jip,BYD,Sealion,grey,electric,W.P. Kuala Lumpur
2026-05-19,jip,Chery,iCaur 03,white,electric,Rakan Niaga
2026-05-19,jip,Chery,iCaur 03,silver,electric,Rakan Niaga
2026-05-19,jip,Chery,iCaur 03,grey,electric,Pahang
2026-05-19,jip,Chery,iCaur V23,orange,electric,Rakan Niaga
2026-05-19,jip,Chery,iCaur V23,silver,electric,Rakan Niaga
2026-05-19,jip,Chery,iCaur V23,grey,electric,Rakan Niaga
2026-05-19,jip,Chery,iCaur V23,black,electric,Selangor
2026-05-19,jip,Chery,iCaur V23,green,electric,Rakan Niaga
2026-05-19,jip,Chery,iCaur V23,white,electric,Selangor
2026-05-19,jip,Chery,iCaur V23,black,electric,Rakan Niaga
2026-05-19,jip,Chery,iCaur V23,white,electric,Rakan Niaga
2026-05-19,jip,Chery,iCaur V23,silver,electric,Selangor
2026-05-19,jip,Chery,iCaur V23,silver,electric,W.P. Kuala Lumpur
2026-05-19,jip,Chery,iCaur V23,grey,electric,W.P. Kuala Lumpur
2026-05-19,jip,Chery,Omoda 5,black,electric,Rakan Niaga
2026-05-19,window_van,Denza,D9,black,electric,W.P. Kuala Lumpur
2026-05-19,window_van,Denza,D9,blue,electric,Rakan Niaga
2026-05-19,motokar,Dong Feng,Box E3,white,electric,Pahang
2026-05-19,motokar,Dong Feng,Box E3,green,electric,Rakan Niaga
2026-05-19,motokar,Great Wall,Ora,blue,electric,W.P. Kuala Lumpur
2026-05-19,motokar,Great Wall,Ora,beige,electric,Johor
2026-05-19,jip,Honda,e:N1,grey,electric,W.P. Kuala Lumpur
2026-05-19,jip,Leapmotor,B10,black,electric,Rakan Niaga
2026-05-19,jip,Leapmotor,B10,blue,electric,Rakan Niaga
2026-05-19,jip,Leapmotor,B10,white,electric,Rakan Niaga
2026-05-19,jip,Leapmotor,C10,green,electric,Rakan Niaga
2026-05-19,jip,Leapmotor,C10,white,electric,W.P. Kuala Lumpur
2026-05-19,jip,Leapmotor,C10,green,electric,Selangor
2026-05-19,motokar,Lotus,Emeya,orange,electric,W.P. Kuala Lumpur
2026-05-19,jip,MG,S5,beige,electric,Rakan Niaga
2026-05-19,jip,MG,S5,grey,electric,Rakan Niaga
2026-05-19,jip,MG,S5,gold,electric,Rakan Niaga
2026-05-19,motokar,MG,MG4,blue,electric,Rakan Niaga
2026-05-19,jip,Mini,John Cooper Works,black,electric,W.P. Kuala Lumpur
2026-05-19,motokar,Mini,John Cooper Works,red,electric,Kedah
2026-05-19,jip,Neta,X,white,electric,Rakan Niaga
2026-05-19,jip,Porsche,Macan,blue,electric,Rakan Niaga
2026-05-19,jip,Porsche,Macan,purple,electric,Rakan Niaga
2026-05-19,motokar,Proton,e.MAS 5,yellow,electric,Rakan Niaga
2026-05-19,motokar,Proton,e.MAS 5,white,electric,Rakan Niaga
2026-05-19,motokar,Proton,e.MAS 5,pink,electric,Rakan Niaga
2026-05-19,jip,Proton,e.MAS 7,green,electric,Rakan Niaga
2026-05-19,jip,Proton,e.MAS 7,white,electric,Rakan Niaga
2026-05-19,jip,Proton,e.MAS 7,black,electric,Rakan Niaga
2026-05-19,jip,Proton,e.MAS 7,grey,electric,Rakan Niaga
2026-05-19,jip,Proton,e.MAS 7,pink,electric,Rakan Niaga
2026-05-19,jip,Proton,e.MAS 7,silver,electric,Rakan Niaga
2026-05-19,jip,Smart,Brabus,grey,electric,W.P. Kuala Lumpur
2026-05-19,motokar,Tesla,Model 3,grey,electric,Selangor
2026-05-19,motokar,Tesla,Model 3,white,electric,Rakan Niaga
2026-05-19,motokar,Tesla,Model 3,grey,electric,Rakan Niaga
2026-05-19,motokar,Tesla,Model 3,black,electric,Rakan Niaga
2026-05-19,motokar,Tesla,Model 3,blue,electric,W.P. Kuala Lumpur
2026-05-19,motokar,Tesla,Model Y,white,electric,Rakan Niaga
2026-05-19,motokar,Tesla,Model Y,grey,electric,Rakan Niaga
2026-05-19,motokar,Tesla,Model Y,black,electric,Rakan Niaga
2026-05-19,motokar,Tesla,Model Y,silver,electric,Pulau Pinang
2026-05-19,motokar,Tesla,Model Y,black,electric,W.P. Kuala Lumpur
2026-05-19,motokar,Tesla,Model Y,grey,electric,Selangor
2026-05-19,motokar,Tesla,Model Y,white,electric,Johor
2026-05-19,motokar,Tesla,Model Y,red,electric,Rakan Niaga
2026-05-19,motokar,Tesla,Model Y,blue,electric,Rakan Niaga
2026-05-19,motokar,TQ Wuling,Bingo,blue,electric,Johor
2026-05-19,motokar,TQ Wuling,Bingo,purple,electric,Rakan Niaga
2026-05-19,jip,Xpeng,G6,black,electric,Rakan Niaga
2026-05-19,jip,Xpeng,G6,white,electric,Rakan Niaga
2026-05-19,jip,Xpeng,G6,grey,electric,Rakan Niaga
2026-05-19,window_van,Xpeng,X9,black,electric,Rakan Niaga
2026-05-19,window_van,Zeekr,009,green,electric,Johor
2026-05-19,jip,Zeekr,7X,black,electric,Rakan Niaga
2026-05-19,jip,Zeekr,7X,blue,electric,Rakan Niaga
2026-05-19,jip,Zeekr,7X,grey,electric,W.P. Kuala Lumpur
2026-05-19,jip,Zeekr,7X,white,electric,Rakan Niaga
2026-05-19,jip,Zeekr,7X,black,electric,W.P. Kuala Lumpur
2026-05-19,jip,Zeekr,7X,green,electric,Rakan Niaga
2026-05-19,jip,Zeekr,7X,green,electric,W.P. Kuala Lumpur
2026-05-19,jip,Zeekr,7X,grey,electric,Rakan Niaga
2026-05-20,motokar,BMW,i4,red,electric,Selangor
2026-05-20,motokar,BMW,i4,white,electric,Rakan Niaga
2026-05-20,jip,BYD,Atto 2,white,electric,Rakan Niaga
2026-05-20,jip,BYD,Atto 2,grey,electric,Rakan Niaga
2026-05-20,jip,BYD,Atto 2,green,electric,Rakan Niaga
2026-05-20,jip,BYD,Atto 3,white,electric,Rakan Niaga
2026-05-20,jip,BYD,Atto 3,black,electric,Rakan Niaga
2026-05-20,motokar,BYD,M6,blue,electric,Rakan Niaga
2026-05-20,motokar,BYD,M6,grey,electric,Rakan Niaga
2026-05-20,motokar_pelbagai_utiliti,BYD,M6,grey,electric,Rakan Niaga
2026-05-20,motokar_pelbagai_utiliti,BYD,M6,blue,electric,Rakan Niaga
2026-05-20,motokar,BYD,Seal 6,white,electric,Rakan Niaga
2026-05-20,motokar,BYD,Seal 6,green,electric,Rakan Niaga
2026-05-20,motokar,BYD,Seal 6,grey,electric,Rakan Niaga
2026-05-20,motokar,BYD,Seal 6,blue,electric,Rakan Niaga
2026-05-20,motokar,BYD,Seal,white,electric,W.P. Kuala Lumpur
2026-05-20,jip,BYD,Sealion,white,electric,Rakan Niaga
2026-05-20,jip,BYD,Sealion,grey,electric,Rakan Niaga
2026-05-20,jip,BYD,Sealion,black,electric,W.P. Kuala Lumpur
2026-05-20,jip,BYD,Sealion,white,electric,W.P. Kuala Lumpur
2026-05-20,jip,BYD,Sealion,grey,electric,Melaka
2026-05-20,jip,Chery,iCaur 03,white,electric,Rakan Niaga
2026-05-20,jip,Chery,iCaur 03,black,electric,Rakan Niaga
2026-05-20,jip,Chery,iCaur 03,grey,electric,Rakan Niaga
2026-05-20,jip,Chery,iCaur V23,black,electric,W.P. Kuala Lumpur
2026-05-20,jip,Chery,iCaur V23,white,electric,Rakan Niaga
2026-05-20,jip,Chery,iCaur V23,black,electric,Rakan Niaga
2026-05-20,jip,Chery,iCaur V23,orange,electric,W.P. Kuala Lumpur
2026-05-20,jip,Chery,iCaur V23,grey,electric,Rakan Niaga
2026-05-20,jip,Chery,iCaur V23,white,electric,W.P. Kuala Lumpur
2026-05-20,jip,Chery,iCaur V23,silver,electric,Rakan Niaga
2026-05-20,jip,Chery,iCaur V23,orange,electric,Rakan Niaga
2026-05-20,jip,Chery,iCaur V23,white,electric,Pulau Pinang
2026-05-20,jip,Chery,iCaur V23,orange,electric,Pulau Pinang
2026-05-20,jip,Chery,iCaur V23,grey,electric,Pahang
2026-05-20,jip,Chery,iCaur V23,orange,electric,Johor
2026-05-20,jip,Chery,Omoda 5,white,electric,Rakan Niaga
2026-05-20,window_van,Denza,D9,blue,electric,Rakan Niaga
2026-05-20,window_van,Denza,D9,black,electric,Selangor
2026-05-20,motokar,Dong Feng,Box E3,silver,electric,Rakan Niaga
2026-05-20,motokar,Dong Feng,Box E3,green,electric,Rakan Niaga
2026-05-20,motokar,Great Wall,Ora,grey,electric,Rakan Niaga
2026-05-20,motokar,Great Wall,Ora,beige,electric,Rakan Niaga
2026-05-20,jip,Leapmotor,B10,black,electric,Rakan Niaga
2026-05-20,jip,Leapmotor,B10,grey,electric,Rakan Niaga
2026-05-20,jip,Leapmotor,B10,purple,electric,Rakan Niaga
2026-05-20,jip,Leapmotor,C10,green,electric,Rakan Niaga
2026-05-20,jip,Leapmotor,C10,grey,electric,Rakan Niaga
2026-05-20,motokar,Lotus,Emeya,orange,electric,Selangor
2026-05-20,jip,MG,S5,grey,electric,Rakan Niaga
2026-05-20,jip,MG,S5,gold,electric,Pulau Pinang
2026-05-20,motokar,MG,MG4,white,electric,Rakan Niaga
2026-05-20,motokar,MG,MG4,blue,electric,Rakan Niaga
2026-05-20,jip,Mini,Aceman,blue,electric,Rakan Niaga
2026-05-20,motokar,Proton,e.MAS 5,pink,electric,W.P. Kuala Lumpur
2026-05-20,motokar,Proton,e.MAS 5,yellow,electric,Rakan Niaga
2026-05-20,motokar,Proton,e.MAS 5,grey,electric,Rakan Niaga
2026-05-20,motokar,Proton,e.MAS 5,pink,electric,Rakan Niaga
2026-05-20,motokar,Proton,e.MAS 5,white,electric,Rakan Niaga
2026-05-20,jip,Proton,e.MAS 7,white,electric,Rakan Niaga
2026-05-20,jip,Proton,e.MAS 7,pink,electric,Rakan Niaga
2026-05-20,jip,Proton,e.MAS 7,black,electric,Rakan Niaga
2026-05-20,jip,Proton,e.MAS 7,grey,electric,Rakan Niaga
2026-05-20,jip,Proton,e.MAS 7,green,electric,Rakan Niaga
2026-05-20,jip,Proton,e.MAS 7,grey,electric,W.P. Kuala Lumpur
2026-05-20,jip,Proton,e.MAS 7,grey,electric,Selangor
2026-05-20,jip,Proton,e.MAS 7,green,electric,Pulau Pinang
2026-05-20,jip,Proton,e.MAS 7,pink,electric,Selangor
2026-05-20,jip,Proton,e.MAS 7,silver,electric,Rakan Niaga
2026-05-20,jip,Proton,e.MAS 7,black,electric,Selangor
2026-05-20,jip,Proton,e.MAS 7,black,electric,Pulau Pinang
2026-05-20,jip,Proton,e.MAS 7,pink,electric,W.P. Kuala Lumpur
2026-05-20,jip,Smart,Brabus,black,electric,Rakan Niaga
2026-05-20,motokar,Tesla,Model 3,red,electric,Rakan Niaga
2026-05-20,motokar,Tesla,Model 3,white,electric,Rakan Niaga
2026-05-20,motokar,Tesla,Model 3,grey,electric,Rakan Niaga
2026-05-20,motokar,Tesla,Model 3,black,electric,Rakan Niaga
2026-05-20,motokar,Tesla,Model 3,blue,electric,Rakan Niaga
2026-05-20,motokar,Tesla,Model 3,black,electric,Selangor
2026-05-20,motokar,Tesla,Model Y,silver,electric,W.P. Kuala Lumpur
2026-05-20,motokar,Tesla,Model Y,white,electric,Rakan Niaga
2026-05-20,motokar,TQ Wuling,Bingo,blue,electric,Rakan Niaga
2026-05-20,motokar,TQ Wuling,Bingo,white,electric,Rakan Niaga
2026-05-20,motokar,TQ Wuling,Bingo,purple,electric,Rakan Niaga
2026-05-20,motokar,Volvo,ES90,grey,electric,Rakan Niaga
2026-05-20,motokar,Volvo,ES90,white,electric,Rakan Niaga
2026-05-20,window_van,Weststar Maxus,MIFA 9,black,electric,Johor
2026-05-20,jip,Xpeng,G6,white,electric,Rakan Niaga
2026-05-20,jip,Xpeng,G6,purple,electric,Rakan Niaga
2026-05-20,jip,Xpeng,G6,black,electric,W.P. Kuala Lumpur
2026-05-20,jip,Xpeng,G6,black,electric,Rakan Niaga
2026-05-20,jip,Xpeng,G6,silver,electric,Rakan Niaga
2026-05-20,window_van,Xpeng,X9,silver,electric,Rakan Niaga
2026-05-20,window_van,Zeekr,009,green,electric,Rakan Niaga
2026-05-20,jip,Zeekr,7X,grey,electric,W.P. Kuala Lumpur
2026-05-20,jip,Zeekr,7X,grey,electric,Rakan Niaga
2026-05-20,jip,Zeekr,7X,blue,electric,Rakan Niaga
2026-05-20,jip,Zeekr,7X,green,electric,Rakan Niaga
2026-05-20,jip,Zeekr,7X,green,electric,Selangor
2026-05-20,jip,Zeekr,7X,blue,electric,Perak
2026-05-20,jip,Zeekr,7X,white,electric,Rakan Niaga
2026-05-20,jip,Zeekr,7X,black,electric,Rakan Niaga
2026-05-20,jip,Zeekr,7X,green,electric,W.P. Kuala Lumpur
2026-05-20,jip,Zeekr,7X,grey,electric,Selangor
2026-05-21,motokar,BMW,i4,green,electric,Rakan Niaga
2026-05-21,jip,BMW,iX1,white,electric,Rakan Niaga
2026-05-21,jip,BMW,iX2,white,electric,Sabah
2026-05-21,jip,BMW,iX2,green,electric,Rakan Niaga
2026-05-21,jip,BYD,Atto 2,white,electric,Rakan Niaga
2026-05-21,jip,BYD,Atto 2,green,electric,Rakan Niaga
2026-05-21,jip,BYD,Atto 2,grey,electric,Rakan Niaga
2026-05-21,jip,BYD,Atto 2,green,electric,Johor
2026-05-21,jip,BYD,Atto 3,grey,electric,Rakan Niaga
2026-05-21,jip,BYD,Atto 3,black,electric,Rakan Niaga
2026-05-21,motokar_pelbagai_utiliti,BYD,M6,blue,electric,Rakan Niaga
2026-05-21,motokar,BYD,M6,grey,electric,Perak
2026-05-21,motokar,BYD,M6,blue,electric,Rakan Niaga
2026-05-21,motokar,BYD,Seal 6,blue,electric,Rakan Niaga
2026-05-21,motokar,BYD,Seal 6,green,electric,Rakan Niaga
2026-05-21,motokar,BYD,Seal 6,blue,electric,Johor
2026-05-21,motokar,BYD,Seal 6,white,electric,Rakan Niaga
2026-05-21,motokar,BYD,Seal 6,yellow,electric,Rakan Niaga
2026-05-21,motokar,BYD,Seal 6,grey,electric,Rakan Niaga
2026-05-21,motokar,BYD,Seal,black,electric,W.P. Kuala Lumpur
2026-05-21,motokar,BYD,Seal,grey,electric,Rakan Niaga
2026-05-21,jip,BYD,Sealion,grey,electric,Rakan Niaga
2026-05-21,jip,BYD,Sealion,white,electric,Rakan Niaga
2026-05-21,jip,BYD,Sealion,grey,electric,W.P. Kuala Lumpur
2026-05-21,jip,BYD,Sealion,black,electric,Rakan Niaga
2026-05-21,jip,BYD,Sealion,grey,electric,Selangor
2026-05-21,jip,Chery,iCaur 03,green,electric,Rakan Niaga
2026-05-21,jip,Chery,iCaur 03,white,electric,Rakan Niaga
2026-05-21,jip,Chery,iCaur V23,grey,electric,Rakan Niaga
2026-05-21,jip,Chery,iCaur V23,orange,electric,W.P. Kuala Lumpur
2026-05-21,jip,Chery,iCaur V23,grey,electric,W.P. Kuala Lumpur
2026-05-21,jip,Chery,iCaur V23,white,electric,Rakan Niaga
2026-05-21,jip,Chery,iCaur V23,orange,electric,Rakan Niaga
2026-05-21,jip,Chery,iCaur V23,orange,electric,Johor
2026-05-21,jip,Chery,iCaur V23,green,electric,Rakan Niaga
2026-05-21,jip,Chery,iCaur V23,white,electric,Johor
2026-05-21,jip,Chery,iCaur V23,black,electric,Rakan Niaga
2026-05-21,jip,Chery,iCaur V23,silver,electric,W.P. Kuala Lumpur
2026-05-21,jip,Chery,iCaur V23,silver,electric,Rakan Niaga
2026-05-21,jip,Chery,iCaur V23,black,electric,W.P. Kuala Lumpur
2026-05-21,jip,Chery,Omoda 5,white,electric,Pahang
2026-05-21,window_van,Denza,D9,blue,electric,Rakan Niaga
2026-05-21,jip,GAC Aion,Y Plus Premium,white,electric,Rakan Niaga
2026-05-21,jip,GAC Aion,Y Plus Standard,black,electric,Rakan Niaga
2026-05-21,motokar,Great Wall,Ora,grey,electric,Rakan Niaga
2026-05-21,jip,Honda,e:N1,white,electric,Johor
2026-05-21,jip,Honda,e:N1,blue,electric,Rakan Niaga
2026-05-21,jip,Leapmotor,B10,blue,electric,Selangor
2026-05-21,jip,Leapmotor,B10,blue,electric,Rakan Niaga
2026-05-21,jip,Leapmotor,B10,grey,electric,Rakan Niaga
2026-05-21,jip,Leapmotor,B10,black,electric,Rakan Niaga
2026-05-21,jip,Leapmotor,C10,green,electric,Rakan Niaga
2026-05-21,jip,Lotus,Eletre,yellow,electric,Pulau Pinang
2026-05-21,jip,MG,S5,silver,electric,Rakan Niaga
2026-05-21,jip,MG,S5,silver,electric,Melaka
2026-05-21,motokar,MG,MG4,blue,electric,Selangor
2026-05-21,jip,Mini,Countryman,green,electric,Rakan Niaga
2026-05-21,motokar,Mini,John Cooper Works,white,electric,Rakan Niaga
2026-05-21,motokar,Mini,John Cooper Works,red,electric,Rakan Niaga
2026-05-21,motokar,Perodua,QV-E,blue,electric,Rakan Niaga
2026-05-21,motokar,Perodua,QV-E,grey,electric,Rakan Niaga
2026-05-21,motokar,Proton,e.MAS 5,white,electric,Rakan Niaga
2026-05-21,motokar,Proton,e.MAS 5,white,electric,Sabah
2026-05-21,motokar,Proton,e.MAS 5,grey,electric,Rakan Niaga
2026-05-21,motokar,Proton,e.MAS 5,yellow,electric,Rakan Niaga
2026-05-21,jip,Proton,e.MAS 7,silver,electric,Rakan Niaga
2026-05-21,jip,Proton,e.MAS 7,black,electric,Rakan Niaga
2026-05-21,jip,Proton,e.MAS 7,green,electric,Rakan Niaga
2026-05-21,jip,Proton,e.MAS 7,grey,electric,Pahang
2026-05-21,jip,Proton,e.MAS 7,white,electric,Rakan Niaga
2026-05-21,jip,Proton,e.MAS 7,pink,electric,Rakan Niaga
2026-05-21,jip,Proton,e.MAS 7,grey,electric,Rakan Niaga
2026-05-21,jip,Proton,e.MAS 7,silver,electric,W.P. Kuala Lumpur
2026-05-21,jip,Proton,e.MAS 7,pink,electric,Selangor
2026-05-21,jip,Proton,e.MAS 7,black,electric,W.P. Kuala Lumpur
2026-05-21,motokar,Tesla,Model 3,red,electric,W.P. Kuala Lumpur
2026-05-21,motokar,Tesla,Model 3,white,electric,W.P. Kuala Lumpur
2026-05-21,motokar,Tesla,Model 3,grey,electric,Rakan Niaga
2026-05-21,motokar,Tesla,Model 3,black,electric,Rakan Niaga
2026-05-21,motokar,Tesla,Model Y,grey,electric,Rakan Niaga
2026-05-21,motokar,Tesla,Model Y,white,electric,Rakan Niaga
2026-05-21,motokar,Tesla,Model Y,grey,electric,Sarawak
2026-05-21,motokar,TQ Wuling,Bingo,white,electric,Rakan Niaga
2026-05-21,jip,Volvo,EC40,silver,electric,Rakan Niaga
2026-05-21,jip,Volvo,EX30,grey,electric,Rakan Niaga
2026-05-21,jip,Xpeng,G6,grey,electric,Rakan Niaga
2026-05-21,jip,Xpeng,G6,black,electric,Rakan Niaga
2026-05-21,window_van,Zeekr,009,black,electric,Rakan Niaga
2026-05-21,window_van,Zeekr,009,black,electric,W.P. Kuala Lumpur
2026-05-21,window_van,Zeekr,009,green,electric,Selangor
2026-05-21,jip,Zeekr,7X,green,electric,W.P. Kuala Lumpur
2026-05-21,jip,Zeekr,7X,green,electric,Selangor
2026-05-21,jip,Zeekr,7X,black,electric,Rakan Niaga
2026-05-21,jip,Zeekr,7X,white,electric,W.P. Kuala Lumpur
2026-05-21,jip,Zeekr,7X,green,electric,Rakan Niaga
2026-05-21,jip,Zeekr,7X,grey,electric,Selangor
2026-05-21,jip,Zeekr,7X,black,electric,W.P. Kuala Lumpur
2026-05-21,jip,Zeekr,7X,white,electric,Rakan Niaga
2026-05-21,jip,Zeekr,7X,black,electric,Selangor
2026-05-21,jip,Zeekr,7X,grey,electric,W.P. Kuala Lumpur
2026-05-21,jip,Zeekr,7X,grey,electric,Rakan Niaga
2026-05-22,motokar,BMW,i4,blue,electric,W.P. Kuala Lumpur
2026-05-22,jip,BMW,iX1,grey,electric,Rakan Niaga
2026-05-22,jip,BMW,iX1,black,electric,Rakan Niaga
2026-05-22,jip,BMW,iX2,red,electric,W.P. Kuala Lumpur
2026-05-22,jip,BYD,Atto 2,white,electric,W.P. Kuala Lumpur
2026-05-22,jip,BYD,Atto 2,green,electric,Rakan Niaga
2026-05-22,jip,BYD,Atto 2,grey,electric,Rakan Niaga
2026-05-22,jip,BYD,Atto 2,white,electric,Rakan Niaga
2026-05-22,jip,BYD,Atto 2,grey,electric,Selangor
2026-05-22,jip,BYD,Atto 3,grey,electric,Rakan Niaga
2026-05-22,motokar_pelbagai_utiliti,BYD,M6,grey,electric,Rakan Niaga
2026-05-22,motokar,BYD,M6,grey,electric,Rakan Niaga
2026-05-22,motokar_pelbagai_utiliti,BYD,M6,white,electric,W.P. Kuala Lumpur
2026-05-22,motokar,BYD,M6,white,electric,Rakan Niaga
2026-05-22,motokar,BYD,Seal 6,green,electric,W.P. Kuala Lumpur
2026-05-22,motokar,BYD,Seal 6,grey,electric,Rakan Niaga
2026-05-22,motokar,BYD,Seal 6,yellow,electric,W.P. Kuala Lumpur
2026-05-22,motokar,BYD,Seal 6,white,electric,Rakan Niaga
2026-05-22,motokar,BYD,Seal 6,green,electric,Rakan Niaga
2026-05-22,motokar,BYD,Seal,black,electric,Rakan Niaga
2026-05-22,motokar,BYD,Seal,grey,electric,Rakan Niaga
2026-05-22,jip,BYD,Sealion,grey,electric,Rakan Niaga
2026-05-22,jip,BYD,Sealion,black,electric,W.P. Kuala Lumpur
2026-05-22,jip,BYD,Sealion,black,electric,Selangor
2026-05-22,jip,BYD,Sealion,black,electric,Rakan Niaga
2026-05-22,jip,BYD,Sealion,white,electric,Rakan Niaga
2026-05-22,jip,Chery,iCaur 03,black,electric,Rakan Niaga
2026-05-22,jip,Chery,iCaur 03,silver,electric,Rakan Niaga
2026-05-22,jip,Chery,iCaur 03,green,electric,Rakan Niaga
2026-05-22,jip,Chery,iCaur 03,white,electric,Perak
2026-05-22,jip,Chery,iCaur V23,white,electric,Rakan Niaga
2026-05-22,jip,Chery,iCaur V23,silver,electric,Rakan Niaga
2026-05-22,jip,Chery,iCaur V23,black,electric,Pulau Pinang
2026-05-22,jip,Chery,iCaur V23,black,electric,W.P. Kuala Lumpur
2026-05-22,jip,Chery,iCaur V23,orange,electric,Rakan Niaga
2026-05-22,jip,Chery,iCaur V23,grey,electric,Rakan Niaga
2026-05-22,jip,Chery,iCaur V23,white,electric,Pulau Pinang
2026-05-22,jip,Chery,iCaur V23,white,electric,Sabah
2026-05-22,jip,Chery,iCaur V23,orange,electric,W.P. Kuala Lumpur
2026-05-22,jip,Chery,iCaur V23,black,electric,Rakan Niaga
2026-05-22,jip,Chery,iCaur V23,white,electric,Selangor
2026-05-22,jip,Chery,iCaur V23,green,electric,Perak
2026-05-22,jip,Chery,iCaur V23,grey,electric,W.P. Kuala Lumpur
2026-05-22,jip,Chery,iCaur V23,green,electric,Rakan Niaga
2026-05-22,jip,Chery,Omoda 5,white,electric,Rakan Niaga
2026-05-22,window_van,Denza,D9,blue,electric,Rakan Niaga
2026-05-22,motokar,Dong Feng,Box E3,green,electric,Rakan Niaga
2026-05-22,jip,GAC Aion,V Elite,black,electric,Rakan Niaga
2026-05-22,motokar,Great Wall,Ora,white,electric,W.P. Kuala Lumpur
2026-05-22,motokar,Great Wall,Ora,grey,electric,Rakan Niaga
2026-05-22,motokar,Great Wall,Ora,beige,electric,Rakan Niaga
2026-05-22,jip,Leapmotor,B10,grey,electric,Rakan Niaga
2026-05-22,jip,Leapmotor,B10,blue,electric,Rakan Niaga
2026-05-22,jip,Leapmotor,B10,white,electric,Rakan Niaga
2026-05-22,jip,Leapmotor,B10,purple,electric,Rakan Niaga
2026-05-22,jip,Leapmotor,B10,black,electric,Rakan Niaga
2026-05-22,jip,Leapmotor,C10,green,electric,W.P. Kuala Lumpur
2026-05-22,jip,Leapmotor,C10,white,electric,Johor
2026-05-22,jip,Leapmotor,C10,green,electric,Johor
2026-05-22,jip,Leapmotor,C10,grey,electric,W.P. Kuala Lumpur
2026-05-22,jip,Leapmotor,C10,green,electric,Rakan Niaga
2026-05-22,jip,MG,S5,beige,electric,Rakan Niaga
2026-05-22,jip,MG,S5,gold,electric,Rakan Niaga
2026-05-22,jip,MG,S5,silver,electric,Rakan Niaga
2026-05-22,motokar,MG,Cyberster,white,electric,Pulau Pinang
2026-05-22,motokar,MG,MG4,silver,electric,Selangor
2026-05-22,motokar,MG,MG4,blue,electric,Rakan Niaga
2026-05-22,jip,Mini,Aceman,orange,electric,W.P. Kuala Lumpur
2026-05-22,motokar,Mini,Cooper,white,electric,Rakan Niaga
2026-05-22,motokar,Mini,Cooper,silver,electric,Rakan Niaga
2026-05-22,jip,Mini,Countryman,grey,electric,W.P. Kuala Lumpur
2026-05-22,jip,Mini,Countryman,green,electric,W.P. Kuala Lumpur
2026-05-22,jip,Mini,Countryman,green,electric,Rakan Niaga
2026-05-22,jip,Mini,John Cooper Works,grey,electric,W.P. Kuala Lumpur
2026-05-22,jip,Mini,John Cooper Works,black,electric,W.P. Kuala Lumpur
2026-05-22,motokar,Mini,John Cooper Works,white,electric,W.P. Kuala Lumpur
2026-05-22,motokar,Mini,John Cooper Works,red,electric,W.P. Kuala Lumpur
2026-05-22,motokar,Mini,John Cooper Works,red,electric,Selangor
2026-05-22,motokar,Porsche,Taycan,grey,electric,Selangor
2026-05-22,motokar,Proton,e.MAS 5,white,electric,Rakan Niaga
2026-05-22,motokar,Proton,e.MAS 5,pink,electric,Rakan Niaga
2026-05-22,motokar,Proton,e.MAS 5,yellow,electric,Rakan Niaga
2026-05-22,motokar,Proton,e.MAS 5,grey,electric,Rakan Niaga
2026-05-22,jip,Proton,e.MAS 7,grey,electric,Rakan Niaga
2026-05-22,jip,Proton,e.MAS 7,pink,electric,Sarawak
2026-05-22,jip,Proton,e.MAS 7,green,electric,Rakan Niaga
2026-05-22,jip,Proton,e.MAS 7,silver,electric,Rakan Niaga
2026-05-22,jip,Proton,e.MAS 7,white,electric,Rakan Niaga
2026-05-22,jip,Proton,e.MAS 7,silver,electric,Selangor
2026-05-22,jip,Proton,e.MAS 7,pink,electric,Rakan Niaga
2026-05-22,jip,Proton,e.MAS 7,white,electric,W.P. Kuala Lumpur
2026-05-22,jip,Proton,e.MAS 7,black,electric,Rakan Niaga
2026-05-22,jip,Proton,e.MAS 7,grey,electric,Negeri Sembilan
2026-05-22,jip,Proton,e.MAS 7,green,electric,Johor
2026-05-22,jip,Proton,e.MAS 7,pink,electric,Johor
2026-05-22,jip,Proton,e.MAS 7,pink,electric,Selangor
2026-05-22,jip,Proton,e.MAS 7,grey,electric,W.P. Kuala Lumpur
2026-05-22,jip,Proton,e.MAS 7,white,electric,Johor
2026-05-22,jip,Proton,e.MAS 7,silver,electric,Johor
2026-05-22,jip,Proton,e.MAS 7,silver,electric,Melaka
2026-05-22,jip,Proton,e.MAS 7,white,electric,Perak
2026-05-22,jip,Proton,e.MAS 7,black,electric,W.P. Kuala Lumpur
2026-05-22,jip,Smart,Brabus,silver,electric,Rakan Niaga
2026-05-22,motokar,Tesla,Model 3,grey,electric,W.P. Kuala Lumpur
2026-05-22,motokar,Tesla,Model Y,red,electric,Selangor
2026-05-22,motokar,Tesla,Model Y,blue,electric,Rakan Niaga
2026-05-22,motokar,Tesla,Model Y,white,electric,Rakan Niaga
2026-05-22,motokar,Tesla,Model Y,grey,electric,Rakan Niaga
2026-05-22,motokar,TQ Wuling,Bingo,white,electric,Rakan Niaga
2026-05-22,motokar,TQ Wuling,Bingo,blue,electric,Rakan Niaga
2026-05-22,jip,Volvo,EC40,silver,electric,Rakan Niaga
2026-05-22,jip,Xpeng,G6,silver,electric,Rakan Niaga
2026-05-22,jip,Xpeng,G6,white,electric,Rakan Niaga
2026-05-22,jip,Xpeng,G6,grey,electric,Rakan Niaga
2026-05-22,jip,Xpeng,G6,purple,electric,Rakan Niaga
2026-05-22,jip,Xpeng,G6,black,electric,Rakan Niaga
2026-05-22,jip,Xpeng,G6,grey,electric,Selangor
2026-05-22,window_van,Zeekr,009,white,electric,Rakan Niaga
2026-05-22,window_van,Zeekr,009,black,electric,Rakan Niaga
2026-05-22,jip,Zeekr,7X,green,electric,Rakan Niaga
2026-05-22,jip,Zeekr,7X,black,electric,Rakan Niaga
2026-05-22,jip,Zeekr,7X,green,electric,Selangor
2026-05-22,jip,Zeekr,7X,blue,electric,Rakan Niaga
2026-05-22,jip,Zeekr,7X,grey,electric,Rakan Niaga
2026-05-22,jip,Zeekr,7X,white,electric,Rakan Niaga
2026-05-22,jip,Zeekr,7X,black,electric,Selangor
2026-05-22,jip,Zeekr,7X,grey,electric,Johor
2026-05-22,jip,Zeekr,7X,grey,electric,W.P. Kuala Lumpur
2026-05-22,jip,Zeekr,7X,black,electric,Sabah
2026-05-22,jip,Zeekr,7X,black,electric,W.P. Kuala Lumpur
2026-05-22,jip,Zeekr,7X,grey,electric,Pulau Pinang
2026-05-23,jip,BMW,iX1,grey,electric,Rakan Niaga
2026-05-23,jip,BYD,Atto 2,green,electric,Rakan Niaga
2026-05-23,jip,BYD,Atto 2,grey,electric,Rakan Niaga
2026-05-23,motokar_pelbagai_utiliti,BYD,M6,blue,electric,Rakan Niaga
2026-05-23,motokar,BYD,M6,grey,electric,Rakan Niaga
2026-05-23,jip,BYD,Sealion,grey,electric,Rakan Niaga
2026-05-23,jip,Chery,iCaur 03,green,electric,Rakan Niaga
2026-05-23,jip,Chery,iCaur 03,white,electric,Rakan Niaga
2026-05-23,jip,Chery,iCaur V23,black,electric,Rakan Niaga
2026-05-23,jip,Chery,iCaur V23,orange,electric,Rakan Niaga
2026-05-23,jip,Chery,iCaur V23,white,electric,Rakan Niaga
2026-05-23,jip,Chery,iCaur V23,silver,electric,Rakan Niaga
2026-05-23,jip,Chery,iCaur V23,grey,electric,Rakan Niaga
2026-05-23,jip,Chery,Omoda 5,white,electric,Rakan Niaga
2026-05-23,motokar,Dong Feng,007,silver,electric,Rakan Niaga
2026-05-23,motokar,Great Wall,Ora,beige,electric,Rakan Niaga
2026-05-23,jip,Leapmotor,B10,white,electric,Rakan Niaga
2026-05-23,jip,Leapmotor,B10,purple,electric,Rakan Niaga
2026-05-23,jip,Leapmotor,B10,grey,electric,Rakan Niaga
2026-05-23,jip,Leapmotor,C10,green,electric,Rakan Niaga
2026-05-23,motokar,MG,MG4,grey,electric,Rakan Niaga
2026-05-23,jip,Neta,X,grey,electric,Rakan Niaga
2026-05-23,jip,Neta,X,black,electric,Rakan Niaga
2026-05-23,jip,Neta,X,white,electric,Rakan Niaga
2026-05-23,motokar,Proton,e.MAS 5,pink,electric,Rakan Niaga
2026-05-23,jip,Proton,e.MAS 7,green,electric,Rakan Niaga
2026-05-23,jip,Proton,e.MAS 7,black,electric,Rakan Niaga
2026-05-23,jip,Proton,e.MAS 7,grey,electric,Rakan Niaga
2026-05-23,jip,Proton,e.MAS 7,pink,electric,Rakan Niaga
2026-05-23,jip,Proton,e.MAS 7,white,electric,Rakan Niaga
2026-05-23,jip,Proton,e.MAS 7,silver,electric,Rakan Niaga
2026-05-23,jip,Volvo,EX30,blue,electric,Rakan Niaga
2026-05-23,jip,Zeekr,7X,grey,electric,Rakan Niaga
2026-05-24,jip,BMW,iX1,grey,electric,Kedah
2026-05-24,jip,BYD,Atto 3,grey,electric,Kelantan
2026-05-24,motokar,BYD,Seal 6,grey,electric,Kelantan
2026-05-24,jip,BYD,Sealion,black,electric,Kelantan
2026-05-24,jip,Honda,e:N1,white,electric,Kelantan
2026-05-25,motokar,BMW,i4,white,electric,Selangor
2026-05-25,motokar,BMW,i5,black,electric,W.P. Kuala Lumpur
2026-05-25,jip,BMW,iX1,grey,electric,Rakan Niaga
2026-05-25,jip,BMW,iX2,white,electric,Rakan Niaga
2026-05-25,jip,BYD,Atto 2,white,electric,Rakan Niaga
2026-05-25,jip,BYD,Atto 2,grey,electric,Rakan Niaga
2026-05-25,jip,BYD,Atto 2,green,electric,W.P. Kuala Lumpur
2026-05-25,jip,BYD,Atto 2,green,electric,Rakan Niaga
2026-05-25,jip,BYD,Atto 2,green,electric,Selangor
2026-05-25,jip,BYD,Atto 2,white,electric,Kelantan
2026-05-25,jip,BYD,Atto 2,white,electric,Selangor
2026-05-25,jip,BYD,Atto 3,black,electric,Rakan Niaga
2026-05-25,motokar_pelbagai_utiliti,BYD,M6,blue,electric,Rakan Niaga
2026-05-25,motokar_pelbagai_utiliti,BYD,M6,grey,electric,Rakan Niaga
2026-05-25,motokar,BYD,Seal 6,green,electric,Rakan Niaga
2026-05-25,motokar,BYD,Seal 6,yellow,electric,W.P. Kuala Lumpur
2026-05-25,motokar,BYD,Seal 6,white,electric,Rakan Niaga
2026-05-25,motokar,BYD,Seal 6,grey,electric,Rakan Niaga
2026-05-25,motokar,BYD,Seal 6,grey,electric,Selangor
2026-05-25,motokar,BYD,Seal 6,blue,electric,Rakan Niaga
2026-05-25,motokar,BYD,Seal,white,electric,Rakan Niaga
2026-05-25,motokar,BYD,Seal,black,electric,W.P. Kuala Lumpur
2026-05-25,motokar,BYD,Seal,grey,electric,Rakan Niaga
2026-05-25,jip,BYD,Sealion,grey,electric,Sabah
2026-05-25,jip,BYD,Sealion,grey,electric,Selangor
2026-05-25,jip,BYD,Sealion,grey,electric,W.P. Kuala Lumpur
2026-05-25,jip,BYD,Sealion,grey,electric,Sarawak
2026-05-25,jip,BYD,Sealion,grey,electric,Rakan Niaga
2026-05-25,jip,BYD,Sealion,black,electric,Rakan Niaga
2026-05-25,jip,BYD,Sealion,white,electric,Rakan Niaga
2026-05-25,jip,Chery,iCAUR 03 iWD,black,electric,Melaka
2026-05-25,jip,Chery,iCAUR 03 iWD,grey,electric,Rakan Niaga
2026-05-25,jip,Chery,iCAUR 03 iWD,black,electric,Rakan Niaga
2026-05-25,jip,Chery,iCaur 03,silver,electric,Rakan Niaga
2026-05-25,jip,Chery,iCaur 03,white,electric,Rakan Niaga
2026-05-25,jip,Chery,iCaur V23,green,electric,Rakan Niaga
2026-05-25,jip,Chery,iCaur V23,white,electric,Rakan Niaga
2026-05-25,jip,Chery,iCaur V23,black,electric,Rakan Niaga
2026-05-25,jip,Chery,iCaur V23,grey,electric,Rakan Niaga
2026-05-25,jip,Chery,iCaur V23,orange,electric,Selangor
2026-05-25,jip,Chery,iCaur V23,grey,electric,W.P. Kuala Lumpur
2026-05-25,jip,Chery,iCaur V23,black,electric,Pulau Pinang
2026-05-25,jip,Chery,iCaur V23,grey,electric,Selangor
2026-05-25,jip,Chery,iCaur V23,green,electric,Selangor
2026-05-25,jip,Chery,iCaur V23,orange,electric,Rakan Niaga
2026-05-25,jip,Chery,iCaur V23,silver,electric,Rakan Niaga
2026-05-25,jip,Chery,iCaur V23,orange,electric,W.P. Kuala Lumpur
2026-05-25,jip,Chery,Omoda 5,white,electric,Rakan Niaga
2026-05-25,window_van,Denza,D9,white,electric,Rakan Niaga
2026-05-25,window_van,Denza,D9,black,electric,W.P. Kuala Lumpur
2026-05-25,window_van,Denza,D9,blue,electric,W.P. Kuala Lumpur
2026-05-25,motokar,Dong Feng,007,black,electric,Rakan Niaga
2026-05-25,motokar,Dong Feng,Box E3,blue,electric,Pulau Pinang
2026-05-25,motokar,Dong Feng,Box E3,silver,electric,Rakan Niaga
2026-05-25,motokar,Dong Feng,Box E3,blue,electric,Rakan Niaga
2026-05-25,motokar,Dong Feng,Box E3,green,electric,Rakan Niaga
2026-05-25,motokar,Dong Feng,Box E3,white,electric,Rakan Niaga
2026-05-25,motokar,Dong Feng,Box E3,white,electric,Pulau Pinang
2026-05-25,jip,GAC Aion,Y Plus Standard,grey,electric,Rakan Niaga
2026-05-25,motokar,Great Wall,Ora,grey,electric,Rakan Niaga
2026-05-25,motokar,Great Wall,Ora,blue,electric,Rakan Niaga
2026-05-25,motokar,Great Wall,Ora,beige,electric,Rakan Niaga
2026-05-25,jip,Honda,e:N1,blue,electric,Rakan Niaga
2026-05-25,jip,Honda,e:N1,grey,electric,Rakan Niaga
2026-05-25,jip,Leapmotor,B10,white,electric,Rakan Niaga
2026-05-25,jip,Leapmotor,B10,black,electric,Rakan Niaga
2026-05-25,jip,Leapmotor,B10,grey,electric,Rakan Niaga
2026-05-25,jip,Leapmotor,B10,purple,electric,Rakan Niaga
2026-05-25,jip,Leapmotor,B10,blue,electric,Rakan Niaga
2026-05-25,jip,Leapmotor,B10,white,electric,Pulau Pinang
2026-05-25,jip,Leapmotor,C10,green,electric,Rakan Niaga
2026-05-25,jip,Leapmotor,C10,grey,electric,Rakan Niaga
2026-05-25,jip,MG,S5,gold,electric,Sarawak
2026-05-25,jip,MG,S5,gold,electric,Rakan Niaga
2026-05-25,jip,MG,S5,grey,electric,Sarawak
2026-05-25,motokar,MG,MG4,grey,electric,Rakan Niaga
2026-05-25,motokar,MG,MG4,blue,electric,Rakan Niaga
2026-05-25,jip,Mini,Aceman,orange,electric,W.P. Kuala Lumpur
2026-05-25,motokar,Mini,Cooper,yellow,electric,Rakan Niaga
2026-05-25,jip,Mini,John Cooper Works,black,electric,Rakan Niaga
2026-05-25,motokar,Mini,John Cooper Works,grey,electric,Selangor
2026-05-25,motokar,Perodua,QV-E,blue,electric,Rakan Niaga
2026-05-25,motokar,Perodua,QV-E,grey,electric,Rakan Niaga
2026-05-25,motokar,Porsche,Taycan,grey,electric,Rakan Niaga
2026-05-25,motokar,Proton,e.MAS 5,pink,electric,Rakan Niaga
2026-05-25,motokar,Proton,e.MAS 5,yellow,electric,Rakan Niaga
2026-05-25,motokar,Proton,e.MAS 5,grey,electric,Rakan Niaga
2026-05-25,jip,Proton,e.MAS 7,silver,electric,Sarawak
2026-05-25,jip,Proton,e.MAS 7,pink,electric,Rakan Niaga
2026-05-25,jip,Proton,e.MAS 7,grey,electric,Rakan Niaga
2026-05-25,jip,Proton,e.MAS 7,black,electric,Rakan Niaga
2026-05-25,jip,Proton,e.MAS 7,green,electric,Rakan Niaga
2026-05-25,jip,Proton,e.MAS 7,silver,electric,Rakan Niaga
2026-05-25,jip,Proton,e.MAS 7,white,electric,Rakan Niaga
2026-05-25,jip,Proton,e.MAS 7,silver,electric,Pulau Pinang
2026-05-25,jip,Proton,e.MAS 7,black,electric,W.P. Kuala Lumpur
2026-05-25,jip,Proton,e.MAS 7,white,electric,Sarawak
2026-05-25,jip,Smart,Brabus,beige,electric,Rakan Niaga
2026-05-25,motokar,Tesla,Model 3,grey,electric,Rakan Niaga
2026-05-25,motokar,Tesla,Model Y,white,electric,Rakan Niaga
2026-05-25,motokar,Tesla,Model Y,silver,electric,W.P. Kuala Lumpur
2026-05-25,motokar,Tesla,Model Y,white,electric,Negeri Sembilan
2026-05-25,motokar,TQ Wuling,Bingo,purple,electric,Rakan Niaga
2026-05-25,motokar,TQ Wuling,Bingo,white,electric,Rakan Niaga
2026-05-25,motokar,TQ Wuling,Bingo,blue,electric,Rakan Niaga
2026-05-25,jip,Volvo,EC40,silver,electric,Rakan Niaga
2026-05-25,jip,Volvo,EC40,black,electric,Rakan Niaga
2026-05-25,motokar,Volvo,ES90,blue,electric,W.P. Kuala Lumpur
2026-05-25,jip,Volvo,EX30,black,electric,Rakan Niaga
2026-05-25,jip,Volvo,EX30,grey,electric,Rakan Niaga
2026-05-25,jip,Volvo,EX90,grey,electric,W.P. Kuala Lumpur
2026-05-25,jip,Xpeng,G6,black,electric,Rakan Niaga
2026-05-25,jip,Xpeng,G6,purple,electric,Rakan Niaga
2026-05-25,jip,Xpeng,G6,purple,electric,W.P. Kuala Lumpur
2026-05-25,jip,Xpeng,G6,grey,electric,Rakan Niaga
2026-05-25,window_van,Xpeng,X9,black,electric,Selangor
2026-05-25,window_van,Xpeng,X9,white,electric,Rakan Niaga
2026-05-25,window_van,Zeekr,009,black,electric,W.P. Kuala Lumpur
2026-05-25,jip,Zeekr,7X,blue,electric,Rakan Niaga
2026-05-25,jip,Zeekr,7X,white,electric,W.P. Kuala Lumpur
2026-05-25,jip,Zeekr,7X,grey,electric,Rakan Niaga
2026-05-25,jip,Zeekr,7X,white,electric,Rakan Niaga
2026-05-25,jip,Zeekr,7X,grey,electric,W.P. Kuala Lumpur
2026-05-25,jip,Zeekr,7X,grey,electric,Sarawak
2026-05-25,jip,Zeekr,7X,green,electric,Perak
2026-05-25,jip,Zeekr,7X,black,electric,W.P. Kuala Lumpur
2026-05-25,jip,Zeekr,7X,black,electric,Rakan Niaga
2026-05-25,jip,Zeekr,7X,green,electric,W.P. Kuala Lumpur
2026-05-25,jip,Zeekr,7X,green,electric,Rakan Niaga
2026-05-26,motokar,BMW,i4,white,electric,Pulau Pinang
2026-05-26,motokar,BMW,i4,green,electric,W.P. Kuala Lumpur
2026-05-26,motokar,BMW,i4,grey,electric,W.P. Kuala Lumpur
2026-05-26,motokar,BMW,i4,white,electric,Rakan Niaga
2026-05-26,motokar,BMW,i4,green,electric,Rakan Niaga
2026-05-26,jip,BMW,iX,black,electric,Rakan Niaga
2026-05-26,jip,BMW,iX1,grey,electric,Rakan Niaga
2026-05-26,jip,BMW,iX1,black,electric,Rakan Niaga
2026-05-26,jip,BYD,Atto 2,green,electric,Rakan Niaga
2026-05-26,jip,BYD,Atto 2,white,electric,W.P. Kuala Lumpur
2026-05-26,jip,BYD,Atto 2,white,electric,Rakan Niaga
2026-05-26,jip,BYD,Atto 2,grey,electric,Rakan Niaga
2026-05-26,jip,BYD,Atto 2,grey,electric,Selangor
2026-05-26,jip,BYD,Atto 3,black,electric,Rakan Niaga
2026-05-26,jip,BYD,Atto 3,grey,electric,Rakan Niaga
2026-05-26,jip,BYD,Atto 3,grey,electric,Selangor
2026-05-26,jip,BYD,Atto 3,white,electric,Rakan Niaga
2026-05-26,jip,BYD,Atto 3,grey,electric,W.P. Kuala Lumpur
2026-05-26,jip,BYD,Atto 3,white,electric,Sarawak
2026-05-26,motokar,BYD,M6,grey,electric,W.P. Kuala Lumpur
2026-05-26,motokar,BYD,Seal 6,grey,electric,Rakan Niaga
2026-05-26,motokar,BYD,Seal 6,white,electric,Rakan Niaga
2026-05-26,motokar,BYD,Seal 6,yellow,electric,Rakan Niaga
2026-05-26,motokar,BYD,Seal 6,blue,electric,Rakan Niaga
2026-05-26,motokar,BYD,Seal 6,green,electric,Rakan Niaga
2026-05-26,motokar,BYD,Seal 6,grey,electric,W.P. Kuala Lumpur
2026-05-26,motokar,BYD,Seal,grey,electric,Rakan Niaga
2026-05-26,jip,BYD,Sealion,grey,electric,Rakan Niaga
2026-05-26,jip,BYD,Sealion,black,electric,Rakan Niaga
2026-05-26,jip,BYD,Sealion,white,electric,Rakan Niaga
2026-05-26,jip,BYD,Sealion,white,electric,Johor
2026-05-26,jip,BYD,Sealion,grey,electric,Selangor
2026-05-26,jip,Chery,iCAUR 03 iWD,black,electric,Rakan Niaga
2026-05-26,jip,Chery,iCAUR 03 iWD,white,electric,Rakan Niaga
2026-05-26,jip,Chery,iCaur 03,white,electric,Johor
2026-05-26,jip,Chery,iCaur 03,green,electric,Johor
2026-05-26,jip,Chery,iCaur 03,silver,electric,Rakan Niaga
2026-05-26,jip,Chery,iCaur 03,grey,electric,Rakan Niaga
2026-05-26,jip,Chery,iCaur 03,white,electric,Rakan Niaga
2026-05-26,jip,Chery,iCaur 03,green,electric,Rakan Niaga
2026-05-26,jip,Chery,iCaur V23,orange,electric,Rakan Niaga
2026-05-26,jip,Chery,iCaur V23,grey,electric,Rakan Niaga
2026-05-26,jip,Chery,iCaur V23,white,electric,Selangor
2026-05-26,jip,Chery,iCaur V23,silver,electric,W.P. Kuala Lumpur
2026-05-26,jip,Chery,iCaur V23,black,electric,Rakan Niaga
2026-05-26,jip,Chery,iCaur V23,white,electric,Rakan Niaga
2026-05-26,jip,Chery,iCaur V23,grey,electric,W.P. Kuala Lumpur
2026-05-26,jip,Chery,iCaur V23,white,electric,Johor
2026-05-26,jip,Chery,iCaur V23,grey,electric,Selangor
2026-05-26,jip,Chery,iCaur V23,silver,electric,Rakan Niaga
2026-05-26,jip,Chery,iCaur V23,black,electric,W.P. Kuala Lumpur
2026-05-26,jip,Chery,iCaur V23,white,electric,W.P. Kuala Lumpur
2026-05-26,jip,Chery,iCaur V23,silver,electric,Selangor
2026-05-26,jip,Chery,iCaur V23,grey,electric,Negeri Sembilan
2026-05-26,jip,Chery,Omoda 5,black,electric,Rakan Niaga
2026-05-26,jip,Chery,Omoda 5,white,electric,Rakan Niaga
2026-05-26,window_van,Denza,D9,blue,electric,Rakan Niaga
2026-05-26,window_van,Denza,D9,black,electric,Rakan Niaga
2026-05-26,motokar,Dong Feng,Box E3,purple,electric,Rakan Niaga
2026-05-26,motokar,Dong Feng,Box E3,blue,electric,Rakan Niaga
2026-05-26,jip,GAC Aion,Y Plus Premium,white,electric,Rakan Niaga
2026-05-26,jip,GAC Aion,Y Plus Premium,silver,electric,W.P. Kuala Lumpur
2026-05-26,jip,GAC Aion,Y Plus Standard,white,electric,Rakan Niaga
2026-05-26,jip,GAC Aion,Y Plus Standard,grey,electric,Rakan Niaga
2026-05-26,motokar,Great Wall,Ora,grey,electric,Rakan Niaga
2026-05-26,motokar,Great Wall,Ora,beige,electric,Rakan Niaga
2026-05-26,motokar,Great Wall,Ora,blue,electric,Rakan Niaga
2026-05-26,motokar,Great Wall,Ora,green,electric,Rakan Niaga
2026-05-26,motokar,Great Wall,Ora,blue,electric,Pulau Pinang
2026-05-26,jip,Honda,e:N1,grey,electric,Rakan Niaga
2026-05-26,jip,Leapmotor,B10,white,electric,Johor
2026-05-26,jip,Leapmotor,B10,grey,electric,Selangor
2026-05-26,jip,Leapmotor,B10,blue,electric,Rakan Niaga
2026-05-26,jip,Leapmotor,B10,grey,electric,Rakan Niaga
2026-05-26,jip,Leapmotor,B10,blue,electric,Pulau Pinang
2026-05-26,jip,Leapmotor,B10,black,electric,Rakan Niaga
2026-05-26,jip,Leapmotor,B10,purple,electric,Rakan Niaga
2026-05-26,jip,Leapmotor,C10,green,electric,Rakan Niaga
2026-05-26,jip,Leapmotor,C10,grey,electric,Rakan Niaga
2026-05-26,jip,Leapmotor,C10,green,electric,Selangor
2026-05-26,jip,Lotus,Eletre,white,electric,Rakan Niaga
2026-05-26,motokar,Mercedes Benz,EQS,black,electric,Rakan Niaga
2026-05-26,jip,MG,S5,gold,electric,Rakan Niaga
2026-05-26,jip,MG,S5,gold,electric,Sarawak
2026-05-26,jip,MG,S5,grey,electric,Rakan Niaga
2026-05-26,jip,MG,S5,gold,electric,Johor
2026-05-26,motokar,MG,Cyberster,red,electric,Sarawak
2026-05-26,motokar,MG,MG4,grey,electric,Rakan Niaga
2026-05-26,motokar,MG,MG4,white,electric,W.P. Kuala Lumpur
2026-05-26,jip,Mini,Aceman,green,electric,W.P. Kuala Lumpur
2026-05-26,jip,Mini,Aceman,white,electric,W.P. Kuala Lumpur
2026-05-26,motokar,Mini,Cooper,grey,electric,W.P. Kuala Lumpur
2026-05-26,jip,Mini,Countryman,white,electric,W.P. Kuala Lumpur
2026-05-26,jip,Mini,John Cooper Works,grey,electric,Rakan Niaga
2026-05-26,jip,Mini,John Cooper Works,white,electric,Rakan Niaga
2026-05-26,jip,Mini,John Cooper Works,grey,electric,W.P. Kuala Lumpur
2026-05-26,motokar,Perodua,QV-E,blue,electric,Rakan Niaga
2026-05-26,jip,Porsche,Macan,purple,electric,W.P. Kuala Lumpur
2026-05-26,motokar,Porsche,Taycan,silver,electric,Rakan Niaga
2026-05-26,motokar,Proton,e.MAS 5,pink,electric,Rakan Niaga
2026-05-26,motokar,Proton,e.MAS 5,white,electric,Rakan Niaga
2026-05-26,motokar,Proton,e.MAS 5,yellow,electric,Melaka
2026-05-26,motokar,Proton,e.MAS 5,yellow,electric,Rakan Niaga
2026-05-26,motokar,Proton,e.MAS 5,yellow,electric,W.P. Kuala Lumpur
2026-05-26,motokar,Proton,e.MAS 5,grey,electric,Rakan Niaga
2026-05-26,jip,Proton,e.MAS 7,pink,electric,Rakan Niaga
2026-05-26,jip,Proton,e.MAS 7,silver,electric,Rakan Niaga
2026-05-26,jip,Proton,e.MAS 7,grey,electric,Johor
2026-05-26,jip,Proton,e.MAS 7,white,electric,Negeri Sembilan
2026-05-26,jip,Proton,e.MAS 7,grey,electric,Rakan Niaga
2026-05-26,jip,Proton,e.MAS 7,white,electric,Rakan Niaga
2026-05-26,jip,Proton,e.MAS 7,black,electric,Rakan Niaga
2026-05-26,jip,Proton,e.MAS 7,green,electric,Rakan Niaga
2026-05-26,jip,Proton,e.MAS 7,black,electric,Sarawak
2026-05-26,jip,Proton,e.MAS 7,black,electric,W.P. Kuala Lumpur
2026-05-26,jip,Proton,e.MAS 7,green,electric,W.P. Kuala Lumpur
2026-05-26,jip,Proton,e.MAS 7,white,electric,W.P. Kuala Lumpur
2026-05-26,jip,Proton,e.MAS 7,black,electric,Perak
2026-05-26,jip,Proton,e.MAS 7,white,electric,Johor
2026-05-26,jip,Proton,e.MAS 7,silver,electric,Johor
2026-05-26,jip,Proton,e.MAS 7,black,electric,Johor
2026-05-26,motokar,Tesla,Model 3,white,electric,Rakan Niaga
2026-05-26,motokar,Tesla,Model 3,blue,electric,W.P. Kuala Lumpur
2026-05-26,motokar,Tesla,Model 3,white,electric,W.P. Kuala Lumpur
2026-05-26,motokar,Tesla,Model 3,grey,electric,Rakan Niaga
2026-05-26,motokar,Tesla,Model 3,black,electric,Rakan Niaga
2026-05-26,motokar,Tesla,Model Y,white,electric,Rakan Niaga
2026-05-26,motokar,Tesla,Model Y,grey,electric,Rakan Niaga
2026-05-26,motokar,Tesla,Model Y,silver,electric,Pulau Pinang
2026-05-26,motokar,TQ Wuling,Bingo,blue,electric,Rakan Niaga
2026-05-26,motokar,TQ Wuling,Bingo,purple,electric,Rakan Niaga
2026-05-26,motokar,TQ Wuling,Bingo,white,electric,Rakan Niaga
2026-05-26,motokar,TQ Wuling,Bingo,blue,electric,W.P. Kuala Lumpur
2026-05-26,motokar,TQ Wuling,Bingo,white,electric,Perak
2026-05-26,motokar,Volvo,ES90,black,electric,W.P. Kuala Lumpur
2026-05-26,motokar,Volvo,ES90,blue,electric,Pahang
2026-05-26,jip,Xpeng,G6,black,electric,W.P. Kuala Lumpur
2026-05-26,jip,Xpeng,G6,white,electric,Rakan Niaga
2026-05-26,jip,Xpeng,G6,grey,electric,Rakan Niaga
2026-05-26,jip,Xpeng,G6,purple,electric,Johor
2026-05-26,jip,Xpeng,G6,purple,electric,Rakan Niaga
2026-05-26,jip,Xpeng,G6,silver,electric,Rakan Niaga
2026-05-26,window_van,Xpeng,X9,white,electric,Rakan Niaga
2026-05-26,window_van,Xpeng,X9,black,electric,Rakan Niaga
2026-05-26,window_van,Zeekr,009,black,electric,Rakan Niaga
2026-05-26,jip,Zeekr,009,black,electric,Rakan Niaga
2026-05-26,window_van,Zeekr,009,white,electric,Rakan Niaga
2026-05-26,window_van,Zeekr,009,white,electric,Pulau Pinang
2026-05-26,jip,Zeekr,7X,blue,electric,Rakan Niaga
2026-05-26,jip,Zeekr,7X,grey,electric,W.P. Kuala Lumpur
2026-05-26,jip,Zeekr,7X,white,electric,W.P. Kuala Lumpur
2026-05-26,jip,Zeekr,7X,green,electric,Rakan Niaga
2026-05-26,jip,Zeekr,7X,white,electric,Rakan Niaga
2026-05-26,jip,Zeekr,7X,grey,electric,Rakan Niaga
2026-05-26,jip,Zeekr,7X,black,electric,Negeri Sembilan
2026-05-26,jip,Zeekr,7X,grey,electric,Selangor
2026-05-26,jip,Zeekr,7X,green,electric,W.P. Kuala Lumpur
2026-05-26,jip,Zeekr,7X,black,electric,W.P. Kuala Lumpur
2026-05-27,jip,Chery,iCaur V23,white,electric,Rakan Niaga
2026-05-27,jip,MG,S5,grey,electric,Rakan Niaga
2026-05-27,motokar,MG,MG4,silver,electric,Rakan Niaga
2026-05-28,motokar,BMW,i5,black,electric,Rakan Niaga
2026-05-28,jip,BMW,iX,blue,electric,Rakan Niaga
2026-05-28,jip,BMW,iX,white,electric,W.P. Kuala Lumpur
2026-05-28,jip,BMW,iX1,black,electric,W.P. Kuala Lumpur
2026-05-28,jip,BMW,iX1,white,electric,Rakan Niaga
2026-05-28,jip,BMW,iX1,grey,electric,Rakan Niaga
2026-05-28,jip,BYD,Atto 2,white,electric,Perak
2026-05-28,jip,BYD,Atto 2,grey,electric,Rakan Niaga
2026-05-28,jip,BYD,Atto 2,green,electric,Rakan Niaga
2026-05-28,jip,BYD,Atto 2,white,electric,Selangor
2026-05-28,jip,BYD,Atto 2,white,electric,Rakan Niaga
2026-05-28,jip,BYD,Atto 3,grey,electric,Rakan Niaga
2026-05-28,motokar_pelbagai_utiliti,BYD,M6,white,electric,Rakan Niaga
2026-05-28,motokar_pelbagai_utiliti,BYD,M6,blue,electric,Rakan Niaga
2026-05-28,motokar,BYD,M6,white,electric,Rakan Niaga
2026-05-28,motokar_pelbagai_utiliti,BYD,M6,grey,electric,Rakan Niaga
2026-05-28,motokar,BYD,M6,blue,electric,Rakan Niaga
2026-05-28,motokar_pelbagai_utiliti,BYD,M6,black,electric,Rakan Niaga
2026-05-28,motokar,BYD,Seal 6,yellow,electric,Rakan Niaga
2026-05-28,motokar,BYD,Seal 6,grey,electric,Rakan Niaga
2026-05-28,motokar,BYD,Seal 6,white,electric,Rakan Niaga
2026-05-28,motokar,BYD,Seal 6,green,electric,Rakan Niaga
2026-05-28,motokar,BYD,Seal 6,grey,electric,Pulau Pinang
2026-05-28,motokar,BYD,Seal 6,blue,electric,Rakan Niaga
2026-05-28,motokar,BYD,Seal 6,white,electric,Selangor
2026-05-28,jip,BYD,Sealion,grey,electric,Rakan Niaga
2026-05-28,jip,BYD,Sealion,white,electric,Rakan Niaga
2026-05-28,jip,BYD,Sealion,grey,electric,Johor
2026-05-28,jip,BYD,Sealion,black,electric,Rakan Niaga
2026-05-28,jip,BYD,Sealion,grey,electric,W.P. Kuala Lumpur
2026-05-28,jip,BYD,Sealion,grey,electric,Selangor
2026-05-28,jip,Chery,iCAUR 03 iWD,grey,electric,Rakan Niaga
2026-05-28,jip,Chery,iCAUR 03 iWD,black,electric,Rakan Niaga
2026-05-28,jip,Chery,iCaur 03,grey,electric,Rakan Niaga
2026-05-28,jip,Chery,iCaur 03,white,electric,Rakan Niaga
2026-05-28,jip,Chery,iCaur V23,orange,electric,Rakan Niaga
2026-05-28,jip,Chery,iCaur V23,black,electric,Rakan Niaga
2026-05-28,jip,Chery,iCaur V23,grey,electric,Rakan Niaga
2026-05-28,jip,Chery,iCaur V23,white,electric,Rakan Niaga
2026-05-28,jip,Chery,iCaur V23,green,electric,Rakan Niaga
2026-05-28,jip,Chery,iCaur V23,white,electric,W.P. Kuala Lumpur
2026-05-28,jip,Chery,iCaur V23,silver,electric,Rakan Niaga
2026-05-28,jip,Chery,iCaur V23,silver,electric,Johor
2026-05-28,jip,Chery,iCaur V23,black,electric,Sabah
2026-05-28,jip,Chery,iCaur V23,white,electric,Johor
2026-05-28,jip,Chery,iCaur V23,grey,electric,Johor
2026-05-28,jip,Chery,iCaur V23,grey,electric,W.P. Kuala Lumpur
2026-05-28,jip,Chery,iCaur V23,grey,electric,Pulau Pinang
2026-05-28,jip,Chery,iCaur V23,grey,electric,Perak
2026-05-28,jip,Chery,iCaur V23,grey,electric,Selangor
2026-05-28,jip,Chery,Omoda 5,white,electric,Rakan Niaga
2026-05-28,window_van,Denza,D9,black,electric,Johor
2026-05-28,window_van,Denza,D9,black,electric,Rakan Niaga
2026-05-28,window_van,Denza,D9,blue,electric,Rakan Niaga
2026-05-28,motokar,Dong Feng,Box E3,white,electric,Rakan Niaga
2026-05-28,motokar,Dong Feng,Box E3,purple,electric,Rakan Niaga
2026-05-28,jip,GAC Aion,Y Plus Premium,white,electric,W.P. Kuala Lumpur
2026-05-28,jip,GAC Aion,Y Plus Standard,green,electric,Rakan Niaga
2026-05-28,jip,GAC Aion,Y Plus Standard,white,electric,Rakan Niaga
2026-05-28,jip,GAC Aion,Y Plus Standard,black,electric,Rakan Niaga
2026-05-28,jip,GAC Aion,Y Plus Standard,green,electric,Selangor
2026-05-28,motokar,Great Wall,Ora,grey,electric,Rakan Niaga
2026-05-28,motokar,Great Wall,Ora,grey,electric,W.P. Kuala Lumpur
2026-05-28,motokar,Great Wall,Ora,beige,electric,Selangor
2026-05-28,motokar,Great Wall,Ora,blue,electric,Rakan Niaga
2026-05-28,jip,Honda,e:N1,grey,electric,Rakan Niaga
2026-05-28,jip,Leapmotor,B10,blue,electric,Rakan Niaga
2026-05-28,jip,Leapmotor,B10,grey,electric,Rakan Niaga
2026-05-28,jip,Leapmotor,B10,purple,electric,Rakan Niaga
2026-05-28,jip,Leapmotor,B10,white,electric,Rakan Niaga
2026-05-28,jip,Leapmotor,B10,black,electric,Rakan Niaga
2026-05-28,jip,Leapmotor,C10,grey,electric,Rakan Niaga
2026-05-28,jip,Leapmotor,C10,green,electric,Rakan Niaga
2026-05-28,jip,Leapmotor,C10,grey,electric,Selangor
2026-05-28,jip,MG,S5,gold,electric,W.P. Kuala Lumpur
2026-05-28,jip,MG,S5,gold,electric,Rakan Niaga
2026-05-28,jip,MG,S5,beige,electric,Rakan Niaga
2026-05-28,jip,MG,S5,grey,electric,Pulau Pinang
2026-05-28,jip,MG,S5,gold,electric,Sarawak
2026-05-28,jip,MG,S5,grey,electric,Rakan Niaga
2026-05-28,jip,Mini,Aceman,white,electric,W.P. Kuala Lumpur
2026-05-28,jip,Mini,Aceman,green,electric,Rakan Niaga
2026-05-28,jip,Mini,Aceman,grey,electric,Rakan Niaga
2026-05-28,jip,Mini,Countryman,green,electric,Rakan Niaga
2026-05-28,motokar,Perodua,QV-E,grey,electric,Rakan Niaga
2026-05-28,jip,Porsche,Macan,grey,electric,W.P. Kuala Lumpur
2026-05-28,motokar,Porsche,Taycan,white,electric,Selangor
2026-05-28,motokar,Porsche,Taycan,grey,electric,W.P. Kuala Lumpur
2026-05-28,motokar,Proton,e.MAS 5,silver,electric,Rakan Niaga
2026-05-28,motokar,Proton,e.MAS 5,grey,electric,Rakan Niaga
2026-05-28,motokar,Proton,e.MAS 5,pink,electric,Rakan Niaga
2026-05-28,motokar,Proton,e.MAS 5,yellow,electric,Rakan Niaga
2026-05-28,motokar,Proton,e.MAS 5,white,electric,Rakan Niaga
2026-05-28,motokar,Proton,e.MAS 5,yellow,electric,Sabah
2026-05-28,motokar,Proton,e.MAS 5,pink,electric,Selangor
2026-05-28,jip,Proton,e.MAS 7,grey,electric,Rakan Niaga
2026-05-28,jip,Proton,e.MAS 7,white,electric,Rakan Niaga
2026-05-28,jip,Proton,e.MAS 7,silver,electric,Rakan Niaga
2026-05-28,jip,Proton,e.MAS 7,grey,electric,W.P. Kuala Lumpur
2026-05-28,jip,Proton,e.MAS 7,black,electric,W.P. Kuala Lumpur
2026-05-28,jip,Proton,e.MAS 7,pink,electric,Rakan Niaga
2026-05-28,jip,Proton,e.MAS 7,green,electric,Rakan Niaga
2026-05-28,jip,Proton,e.MAS 7,black,electric,Rakan Niaga
2026-05-28,jip,Proton,e.MAS 7,green,electric,W.P. Kuala Lumpur
2026-05-28,jip,Proton,e.MAS 7,silver,electric,W.P. Kuala Lumpur
2026-05-28,jip,Proton,e.MAS 7,white,electric,Melaka
2026-05-28,jip,Proton,e.MAS 7,white,electric,Johor
2026-05-28,jip,Proton,e.MAS 7,grey,electric,Sarawak
2026-05-28,jip,Proton,e.MAS 7,pink,electric,Johor
2026-05-28,jip,Smart,Brabus,beige,electric,Rakan Niaga
2026-05-28,jip,Smart,Brabus,black,electric,Rakan Niaga
2026-05-28,motokar,Tesla,Model 3,red,electric,Rakan Niaga
2026-05-28,motokar,Tesla,Model 3,grey,electric,Rakan Niaga
2026-05-28,motokar,Tesla,Model 3,grey,electric,W.P. Kuala Lumpur
2026-05-28,motokar,Tesla,Model Y,white,electric,Johor
2026-05-28,motokar,Tesla,Model Y,silver,electric,W.P. Kuala Lumpur
2026-05-28,motokar,TQ Wuling,Bingo,purple,electric,Rakan Niaga
2026-05-28,motokar,TQ Wuling,Bingo,blue,electric,Rakan Niaga
2026-05-28,motokar,TQ Wuling,Bingo,white,electric,Rakan Niaga
2026-05-28,jip,Volvo,EC40,white,electric,Pulau Pinang
2026-05-28,jip,Volvo,EC40,white,electric,Rakan Niaga
2026-05-28,jip,Volvo,EX30,blue,electric,Rakan Niaga
2026-05-28,jip,Volvo,EX30,black,electric,Rakan Niaga
2026-05-28,jip,Volvo,EX30,grey,electric,Rakan Niaga
2026-05-28,jip,Volvo,EX30,blue,electric,Pulau Pinang
2026-05-28,jip,Volvo,EX30,white,electric,Rakan Niaga
2026-05-28,jip,Xpeng,G6,black,electric,Rakan Niaga
2026-05-28,jip,Xpeng,G6,white,electric,Rakan Niaga
2026-05-28,jip,Xpeng,G6,silver,electric,Rakan Niaga
2026-05-28,jip,Xpeng,G6,grey,electric,Rakan Niaga
2026-05-28,jip,Xpeng,G6,grey,electric,Selangor
2026-05-28,jip,Xpeng,G6,black,electric,W.P. Kuala Lumpur
2026-05-28,jip,Xpeng,G6,purple,electric,Rakan Niaga
2026-05-28,window_van,Xpeng,X9,black,electric,Rakan Niaga
2026-05-28,window_van,Xpeng,X9,white,electric,Rakan Niaga
2026-05-28,window_van,Xpeng,X9,silver,electric,Rakan Niaga
2026-05-28,window_van,Zeekr,009,white,electric,W.P. Kuala Lumpur
2026-05-28,window_van,Zeekr,009,black,electric,Rakan Niaga
2026-05-28,jip,Zeekr,7X,white,electric,Rakan Niaga
2026-05-28,jip,Zeekr,7X,grey,electric,Rakan Niaga
2026-05-28,jip,Zeekr,7X,white,electric,Selangor
2026-05-28,jip,Zeekr,7X,green,electric,W.P. Kuala Lumpur
2026-05-28,jip,Zeekr,7X,green,electric,Rakan Niaga
2026-05-28,jip,Zeekr,7X,blue,electric,W.P. Kuala Lumpur
2026-05-28,jip,Zeekr,7X,blue,electric,Rakan Niaga
2026-05-28,jip,Zeekr,7X,grey,electric,W.P. Kuala Lumpur
2026-05-28,jip,Zeekr,7X,black,electric,Selangor
2026-05-28,jip,Zeekr,7X,black,electric,W.P. Kuala Lumpur
2026-05-28,jip,Zeekr,7X,white,electric,W.P. Kuala Lumpur
2026-05-28,jip,Zeekr,7X,black,electric,Rakan Niaga
2026-05-28,jip,Zeekr,7X,white,electric,Johor
2026-05-28,jip,Zeekr,7X,white,electric,Melaka
2026-05-29,motokar,BMW,i4,black,electric,Rakan Niaga
2026-05-29,motokar,BMW,i5,grey,electric,Selangor
2026-05-29,jip,BMW,iX,blue,electric,Rakan Niaga
2026-05-29,jip,BMW,iX1,grey,electric,Rakan Niaga
2026-05-29,jip,BYD,Atto 2,green,electric,Rakan Niaga
2026-05-29,jip,BYD,Atto 2,white,electric,Rakan Niaga
2026-05-29,jip,BYD,Atto 2,grey,electric,Rakan Niaga
2026-05-29,jip,BYD,Atto 2,white,electric,Sarawak
2026-05-29,jip,BYD,Atto 2,green,electric,W.P. Kuala Lumpur
2026-05-29,jip,BYD,Atto 3,grey,electric,Rakan Niaga
2026-05-29,jip,BYD,Atto 3,black,electric,Rakan Niaga
2026-05-29,motokar_pelbagai_utiliti,BYD,M6,blue,electric,Rakan Niaga
2026-05-29,motokar_pelbagai_utiliti,BYD,M6,grey,electric,Rakan Niaga
2026-05-29,motokar_pelbagai_utiliti,BYD,M6,white,electric,Rakan Niaga
2026-05-29,motokar,BYD,M6,grey,electric,Rakan Niaga
2026-05-29,motokar_pelbagai_utiliti,BYD,M6,white,electric,W.P. Kuala Lumpur
2026-05-29,motokar_pelbagai_utiliti,BYD,M6,black,electric,Rakan Niaga
2026-05-29,motokar,BYD,M6,white,electric,Rakan Niaga
2026-05-29,motokar,BYD,Seal 6,white,electric,Rakan Niaga
2026-05-29,motokar,BYD,Seal 6,grey,electric,Rakan Niaga
2026-05-29,motokar,BYD,Seal 6,green,electric,Rakan Niaga
2026-05-29,motokar,BYD,Seal 6,grey,electric,Johor
2026-05-29,motokar,BYD,Seal 6,grey,electric,W.P. Kuala Lumpur
2026-05-29,motokar,BYD,Seal 6,grey,electric,Selangor
2026-05-29,motokar,BYD,Seal,grey,electric,Rakan Niaga
2026-05-29,motokar,BYD,Seal,black,electric,Rakan Niaga
2026-05-29,motokar,BYD,Seal,white,electric,Rakan Niaga
2026-05-29,jip,BYD,Sealion,black,electric,Rakan Niaga
2026-05-29,jip,BYD,Sealion,grey,electric,Rakan Niaga
2026-05-29,jip,BYD,Sealion,grey,electric,W.P. Kuala Lumpur
2026-05-29,jip,BYD,Sealion,white,electric,Rakan Niaga
2026-05-29,jip,BYD,Sealion,black,electric,W.P. Kuala Lumpur
2026-05-29,jip,BYD,Sealion,white,electric,Selangor
2026-05-29,jip,BYD,Sealion,grey,electric,Perak
2026-05-29,jip,Chery,iCAUR 03 iWD,black,electric,Rakan Niaga
2026-05-29,jip,Chery,iCAUR 03 iWD,white,electric,Rakan Niaga
2026-05-29,jip,Chery,iCAUR 03 iWD,grey,electric,Rakan Niaga
2026-05-29,jip,Chery,iCaur 03,white,electric,Sabah
2026-05-29,jip,Chery,iCaur 03,black,electric,Rakan Niaga
2026-05-29,jip,Chery,iCaur 03,grey,electric,W.P. Kuala Lumpur
2026-05-29,jip,Chery,iCaur 03,grey,electric,Sabah
2026-05-29,jip,Chery,iCaur 03,white,electric,Rakan Niaga
2026-05-29,jip,Chery,iCaur 03,green,electric,Rakan Niaga
2026-05-29,jip,Chery,iCaur 03,silver,electric,Rakan Niaga
2026-05-29,jip,Chery,iCaur 03,grey,electric,Rakan Niaga
2026-05-29,jip,Chery,iCaur V23,grey,electric,Rakan Niaga
2026-05-29,jip,Chery,iCaur V23,green,electric,Sabah
2026-05-29,jip,Chery,iCaur V23,silver,electric,Rakan Niaga
2026-05-29,jip,Chery,iCaur V23,white,electric,Rakan Niaga
2026-05-29,jip,Chery,iCaur V23,green,electric,Rakan Niaga
2026-05-29,jip,Chery,iCaur V23,orange,electric,Rakan Niaga
2026-05-29,jip,Chery,iCaur V23,black,electric,Rakan Niaga
2026-05-29,jip,Chery,iCaur V23,white,electric,Perlis
2026-05-29,jip,Chery,iCaur V23,white,electric,Melaka
2026-05-29,jip,Chery,iCaur V23,silver,electric,Selangor
2026-05-29,jip,Chery,iCaur V23,silver,electric,W.P. Kuala Lumpur
2026-05-29,jip,Chery,iCaur V23,black,electric,Johor
2026-05-29,jip,Chery,iCaur V23,grey,electric,W.P. Kuala Lumpur
2026-05-29,jip,Chery,iCaur V23,grey,electric,Sabah
2026-05-29,jip,Chery,iCaur V23,white,electric,Pulau Pinang
2026-05-29,jip,Chery,iCaur V23,white,electric,Sabah
2026-05-29,jip,Chery,iCaur V23,orange,electric,W.P. Kuala Lumpur
2026-05-29,jip,Chery,iCaur V23,grey,electric,Johor
2026-05-29,jip,Chery,iCaur V23,white,electric,W.P. Kuala Lumpur
2026-05-29,jip,Chery,Omoda 5,white,electric,Rakan Niaga
2026-05-29,window_van,Denza,D9,blue,electric,Rakan Niaga
2026-05-29,window_van,Denza,D9,black,electric,W.P. Kuala Lumpur
2026-05-29,window_van,Denza,D9,black,electric,Rakan Niaga
2026-05-29,motokar,Dong Feng,Box E3,white,electric,Rakan Niaga
2026-05-29,jip,Dong Feng,Vigo,green,electric,Pulau Pinang
2026-05-29,jip,GAC Aion,Y Plus Premium,white,electric,Rakan Niaga
2026-05-29,jip,GAC Aion,Y Plus Premium,grey,electric,Rakan Niaga
2026-05-29,jip,GAC Aion,Y Plus Standard,white,electric,Rakan Niaga
2026-05-29,jip,GAC Aion,Y Plus Standard,white,electric,Selangor
2026-05-29,motokar,Great Wall,Ora,grey,electric,Rakan Niaga
2026-05-29,motokar,Great Wall,Ora,beige,electric,Rakan Niaga
2026-05-29,motokar,Great Wall,Ora,beige,electric,Selangor
2026-05-29,jip,Honda,e:N1,white,electric,Rakan Niaga
2026-05-29,jip,Leapmotor,B10,grey,electric,Rakan Niaga
2026-05-29,jip,Leapmotor,B10,purple,electric,Johor
2026-05-29,jip,Leapmotor,B10,purple,electric,Rakan Niaga
2026-05-29,jip,Leapmotor,B10,blue,electric,Rakan Niaga
2026-05-29,jip,Leapmotor,B10,white,electric,Rakan Niaga
2026-05-29,jip,Leapmotor,B10,grey,electric,Sarawak
2026-05-29,jip,Leapmotor,B10,blue,electric,Selangor
2026-05-29,jip,Leapmotor,B10,black,electric,Rakan Niaga
2026-05-29,jip,Leapmotor,C10,green,electric,Rakan Niaga
2026-05-29,jip,Leapmotor,C10,white,electric,W.P. Kuala Lumpur
2026-05-29,jip,Leapmotor,C10,white,electric,Rakan Niaga
2026-05-29,jip,Leapmotor,C10,grey,electric,Rakan Niaga
2026-05-29,jip,Leapmotor,C10,grey,electric,W.P. Kuala Lumpur
2026-05-29,jip,MG,S5,grey,electric,Rakan Niaga
2026-05-29,jip,MG,S5,silver,electric,Rakan Niaga
2026-05-29,jip,MG,S5,gold,electric,Rakan Niaga
2026-05-29,jip,MG,S5,silver,electric,Johor
2026-05-29,jip,MG,S5,gold,electric,Selangor
2026-05-29,motokar,MG,MG4,red,electric,Rakan Niaga
2026-05-29,motokar,MG,MG4,blue,electric,Rakan Niaga
2026-05-29,jip,Mini,Aceman,silver,electric,Rakan Niaga
2026-05-29,jip,Mini,Aceman,blue,electric,Rakan Niaga
2026-05-29,jip,Mini,Aceman,grey,electric,Rakan Niaga
2026-05-29,jip,Mini,Aceman,green,electric,W.P. Kuala Lumpur
2026-05-29,motokar,Mini,Cooper,white,electric,Rakan Niaga
2026-05-29,motokar,Mini,Cooper,green,electric,W.P. Kuala Lumpur
2026-05-29,motokar,Mini,Cooper,yellow,electric,Rakan Niaga
2026-05-29,jip,Mini,Countryman,white,electric,W.P. Kuala Lumpur
2026-05-29,jip,Mini,Countryman,silver,electric,Rakan Niaga
2026-05-29,jip,Mini,John Cooper Works,black,electric,W.P. Kuala Lumpur
2026-05-29,jip,Mini,John Cooper Works,grey,electric,Rakan Niaga
2026-05-29,jip,Mini,John Cooper Works,white,electric,Rakan Niaga
2026-05-29,motokar,Mini,John Cooper Works,red,electric,W.P. Kuala Lumpur
2026-05-29,motokar,Mini,John Cooper Works,grey,electric,Selangor
2026-05-29,motokar,Mini,John Cooper Works,grey,electric,W.P. Kuala Lumpur
2026-05-29,motokar,Perodua,QV-E,blue,electric,W.P. Kuala Lumpur
2026-05-29,motokar,Perodua,QV-E,blue,electric,Rakan Niaga
2026-05-29,motokar,Perodua,QV-E,grey,electric,Rakan Niaga
2026-05-29,motokar,Perodua,QV-E,blue,electric,Pahang
2026-05-29,jip,Porsche,Macan,grey,electric,W.P. Kuala Lumpur
2026-05-29,jip,Porsche,Macan,blue,electric,W.P. Kuala Lumpur
2026-05-29,jip,Porsche,Macan,grey,electric,Rakan Niaga
2026-05-29,motokar,Proton,e.MAS 5,white,electric,Rakan Niaga
2026-05-29,motokar,Proton,e.MAS 5,silver,electric,Rakan Niaga
2026-05-29,motokar,Proton,e.MAS 5,pink,electric,Rakan Niaga
2026-05-29,motokar,Proton,e.MAS 5,grey,electric,Rakan Niaga
2026-05-29,motokar,Proton,e.MAS 5,white,electric,W.P. Kuala Lumpur
2026-05-29,motokar,Proton,e.MAS 5,white,electric,Pulau Pinang
2026-05-29,motokar,Proton,e.MAS 5,yellow,electric,Rakan Niaga
2026-05-29,motokar,Proton,e.MAS 5,pink,electric,W.P. Kuala Lumpur
2026-05-29,motokar,Proton,e.MAS 5,silver,electric,Perak
2026-05-29,motokar,Proton,e.MAS 5,grey,electric,Johor
2026-05-29,jip,Proton,e.MAS 7,pink,electric,Rakan Niaga
2026-05-29,jip,Proton,e.MAS 7,white,electric,Rakan Niaga
2026-05-29,jip,Proton,e.MAS 7,green,electric,W.P. Kuala Lumpur
2026-05-29,jip,Proton,e.MAS 7,grey,electric,Rakan Niaga
2026-05-29,jip,Proton,e.MAS 7,green,electric,Rakan Niaga
2026-05-29,jip,Proton,e.MAS 7,black,electric,Rakan Niaga
2026-05-29,jip,Proton,e.MAS 7,silver,electric,Rakan Niaga
2026-05-29,jip,Proton,e.MAS 7,silver,electric,Melaka
2026-05-29,jip,Proton,e.MAS 7,black,electric,W.P. Kuala Lumpur
2026-05-29,jip,Proton,e.MAS 7,pink,electric,Sabah
2026-05-29,jip,Proton,e.MAS 7,pink,electric,Selangor
2026-05-29,jip,Proton,e.MAS 7,grey,electric,W.P. Kuala Lumpur
2026-05-29,jip,Proton,e.MAS 7,pink,electric,Johor
2026-05-29,jip,Smart,Brabus,grey,electric,Rakan Niaga
2026-05-29,jip,Smart,Brabus,white,electric,W.P. Kuala Lumpur
2026-05-29,motokar,Tesla,Model 3,black,electric,Rakan Niaga
2026-05-29,motokar,Tesla,Model 3,white,electric,Rakan Niaga
2026-05-29,motokar,Tesla,Model Y,grey,electric,W.P. Kuala Lumpur
2026-05-29,motokar,Tesla,Model Y,grey,electric,Johor
2026-05-29,motokar,TQ Wuling,Bingo,purple,electric,Rakan Niaga
2026-05-29,motokar,TQ Wuling,Bingo,blue,electric,Rakan Niaga
2026-05-29,motokar,TQ Wuling,Bingo,white,electric,Rakan Niaga
2026-05-29,jip,Volvo,EC40,white,electric,Rakan Niaga
2026-05-29,motokar,Volvo,ES90,grey,electric,Rakan Niaga
2026-05-29,motokar,Volvo,ES90,white,electric,Rakan Niaga
2026-05-29,motokar,Volvo,ES90,black,electric,Rakan Niaga
2026-05-29,jip,Volvo,EX30,white,electric,Rakan Niaga
2026-05-29,jip,Volvo,EX30,blue,electric,Rakan Niaga
2026-05-29,jip,Volvo,EX30,grey,electric,Rakan Niaga
2026-05-29,jip,Volvo,EX30,black,electric,Rakan Niaga
2026-05-29,jip,Xpeng,G6,silver,electric,Rakan Niaga
2026-05-29,jip,Xpeng,G6,purple,electric,Rakan Niaga
2026-05-29,jip,Xpeng,G6,grey,electric,Rakan Niaga
2026-05-29,jip,Xpeng,G6,grey,electric,Selangor
2026-05-29,jip,Xpeng,G6,black,electric,Rakan Niaga
2026-05-29,window_van,Xpeng,X9,black,electric,Selangor
2026-05-29,window_van,Zeekr,009,black,electric,Rakan Niaga
2026-05-29,window_van,Zeekr,009,black,electric,W.P. Kuala Lumpur
2026-05-29,window_van,Zeekr,009,white,electric,W.P. Kuala Lumpur
2026-05-29,window_van,Zeekr,009,green,electric,Rakan Niaga
2026-05-29,window_van,Zeekr,009,black,electric,Johor
2026-05-29,window_van,Zeekr,009,green,electric,W.P. Kuala Lumpur
2026-05-29,jip,Zeekr,7X,green,electric,Rakan Niaga
2026-05-29,jip,Zeekr,7X,blue,electric,Rakan Niaga
2026-05-29,jip,Zeekr,7X,black,electric,W.P. Kuala Lumpur
2026-05-29,jip,Zeekr,7X,black,electric,Johor
2026-05-29,jip,Zeekr,7X,black,electric,Rakan Niaga
2026-05-29,jip,Zeekr,7X,grey,electric,Rakan Niaga
2026-05-29,jip,Zeekr,7X,black,electric,Pulau Pinang
2026-05-29,jip,Zeekr,7X,grey,electric,W.P. Kuala Lumpur
2026-05-29,jip,Zeekr,7X,white,electric,Rakan Niaga
2026-05-29,jip,Zeekr,7X,white,electric,Johor
2026-05-29,jip,Zeekr,7X,black,electric,Perak
2026-05-30,jip,Zeekr,7X,grey,electric,Rakan Niaga
2026-05-30,motokar,Perodua,QV-E,grey,electric,Rakan Niaga
2026-05-30,motokar,Perodua,QV-E,blue,electric,Rakan Niaga
2026-05-30,motokar,Proton,e.MAS 5,silver,electric,Rakan Niaga
2026-05-30,motokar,Proton,e.MAS 5,white,electric,Rakan Niaga
2026-05-30,motokar,Proton,e.MAS 5,grey,electric,Rakan Niaga
2026-05-30,motokar,Proton,e.MAS 5,yellow,electric,Rakan Niaga
2026-05-30,motokar,Proton,e.MAS 5,pink,electric,Rakan Niaga
2026-05-30,jip,Proton,e.MAS 7,grey,electric,Rakan Niaga
2026-05-30,jip,Proton,e.MAS 7,white,electric,Rakan Niaga
2026-05-30,jip,Proton,e.MAS 7,black,electric,Rakan Niaga
2026-05-30,jip,Proton,e.MAS 7,pink,electric,Rakan Niaga
2026-05-30,jip,Proton,e.MAS 7,silver,electric,Rakan Niaga
2026-05-30,jip,Proton,e.MAS 7,green,electric,Rakan Niaga
2026-05-30,motokar,TQ Wuling,Bingo,white,electric,Rakan Niaga
2026-05-30,motokar,TQ Wuling,Bingo,blue,electric,Rakan Niaga
2026-05-30,motokar,TQ Wuling,Bingo,purple,electric,Rakan Niaga
2026-05-30,jip,Xpeng,G6,black,electric,Rakan Niaga
2026-05-30,jip,Xpeng,G6,silver,electric,Rakan Niaga
2026-05-30,jip,Xpeng,G6,purple,electric,Rakan Niaga
2026-05-30,window_van,Xpeng,X9,white,electric,Rakan Niaga
2026-05-30,jip,Zeekr,7X,green,electric,Rakan Niaga
2026-05-30,jip,Zeekr,7X,white,electric,Rakan Niaga
2026-05-30,jip,Zeekr,7X,black,electric,Rakan Niaga
2026-05-30,motokar,BMW,i5,grey,electric,Rakan Niaga
2026-05-30,jip,BMW,iX2,white,electric,Rakan Niaga
2026-05-30,jip,BMW,iX2,black,electric,Rakan Niaga
2026-05-30,jip,BYD,Atto 2,white,electric,Rakan Niaga
2026-05-30,jip,BYD,Atto 2,grey,electric,Rakan Niaga
2026-05-30,jip,BYD,Atto 2,green,electric,Rakan Niaga
2026-05-30,jip,BYD,Atto 3,white,electric,Rakan Niaga
2026-05-30,motokar_pelbagai_utiliti,BYD,M6,blue,electric,Rakan Niaga
2026-05-30,motokar,BYD,Seal 6,green,electric,Rakan Niaga
2026-05-30,motokar,BYD,Seal 6,white,electric,Rakan Niaga
2026-05-30,motokar,BYD,Seal 6,blue,electric,Rakan Niaga
2026-05-30,motokar,BYD,Seal 6,yellow,electric,Rakan Niaga
2026-05-30,jip,BYD,Sealion,black,electric,Rakan Niaga
2026-05-30,jip,BYD,Sealion,grey,electric,Rakan Niaga
2026-05-30,jip,BYD,Sealion,white,electric,Rakan Niaga
2026-05-30,jip,Chery,iCAUR 03 iWD,black,electric,Rakan Niaga
2026-05-30,jip,Chery,iCAUR 03 iWD,white,electric,Rakan Niaga
2026-05-30,jip,Chery,iCAUR 03 iWD,grey,electric,Rakan Niaga
2026-05-30,jip,Chery,iCaur V23,black,electric,Rakan Niaga
2026-05-30,jip,Chery,iCaur V23,grey,electric,Rakan Niaga
2026-05-30,jip,Chery,iCaur V23,orange,electric,Rakan Niaga
2026-05-30,jip,Chery,iCaur V23,silver,electric,Rakan Niaga
2026-05-30,jip,Chery,iCaur V23,white,electric,Rakan Niaga
2026-05-30,jip,Chery,Omoda 5,white,electric,Rakan Niaga
2026-05-30,window_van,Denza,D9,black,electric,Rakan Niaga
2026-05-30,motokar,Dong Feng,Box E3,silver,electric,Rakan Niaga
2026-05-30,jip,GAC Aion,Y Plus Premium,white,electric,Rakan Niaga
2026-05-30,jip,GAC Aion,Y Plus Standard,white,electric,Rakan Niaga
2026-05-30,jip,Leapmotor,B10,black,electric,Rakan Niaga
2026-05-30,jip,Leapmotor,B10,white,electric,Rakan Niaga
2026-05-30,jip,Leapmotor,C10,grey,electric,Rakan Niaga
2026-05-30,jip,MG,S5,gold,electric,Rakan Niaga
2026-05-30,motokar,MG,Cyberster,red,electric,Rakan Niaga
2026-05-30,motokar,MG,MG4,black,electric,Rakan Niaga
2026-05-30,jip,Mini,Aceman,grey,electric,Rakan Niaga
2026-05-30,motokar,Mini,Cooper,white,electric,Rakan Niaga
2026-05-30,jip,Mini,John Cooper Works,grey,electric,Rakan Niaga
2026-05-31,motokar,Proton,e.MAS 5,white,electric,Rakan Niaga
2026-05-31,motokar,Proton,e.MAS 5,grey,electric,Rakan Niaga
2026-05-31,window_van,Denza,D9,white,electric,Rakan Niaga
2026-05-31,jip,MG,S5,grey,electric,Rakan Niaga
2026-05-31,jip,Zeekr,7X,grey,electric,Rakan Niaga
2026-05-31,jip,Zeekr,7X,black,electric,Rakan Niaga
2026-05-31,motokar,Perodua,QV-E,blue,electric,Rakan Niaga
2026-05-31,motokar,Perodua,QV-E,grey,electric,Rakan Niaga
2026-05-31,motokar,Proton,e.MAS 5,pink,electric,Rakan Niaga
2026-05-31,jip,Chery,iCAUR 03 iWD,black,electric,Rakan Niaga
2026-05-31,jip,Chery,iCAUR 03 iWD,white,electric,Rakan Niaga
2026-05-31,motokar,Proton,e.MAS 5,yellow,electric,Rakan Niaga
2026-05-31,motokar,Proton,e.MAS 5,silver,electric,Rakan Niaga
2026-05-31,jip,Proton,e.MAS 7,silver,electric,Rakan Niaga
2026-05-31,jip,Proton,e.MAS 7,green,electric,Rakan Niaga
2026-05-31,jip,Proton,e.MAS 7,white,electric,Rakan Niaga
2026-05-31,jip,Proton,e.MAS 7,black,electric,Rakan Niaga
2026-05-31,jip,Proton,e.MAS 7,pink,electric,Rakan Niaga
2026-05-31,motokar,TQ Wuling,Bingo,purple,electric,Rakan Niaga
2026-05-31,motokar,TQ Wuling,Bingo,blue,electric,Rakan Niaga
2026-05-31,motokar,TQ Wuling,Bingo,white,electric,Rakan Niaga
2026-05-31,jip,BYD,Atto 2,white,electric,Rakan Niaga
